2025-07-04 13:25:16,185 DEBUG [WB_to_MX.lambda$run_gui_mode$0] Arguments: [-mx_timeout, -1, -pack, assets/MotorControlPack/MotorControl.zip, -exp, templates/wb-defines_where_and_what.txt, -ftl, templates/wb_ioc_template.ftl, -xdm, D:\Comrado\ESC_BMS_Project\ALL DOCS\ALL DOCS\ESC\STM_B_G431_ESC\Comarado_ESC_v2\Comarado_ESC_v2.wbdef, -ioc, D:\Comrado\ESC_BMS_Project\ALL DOCS\ALL DOCS\ESC\STM_B_G431_ESC\Comarado_ESC_v2\Comarado_ESC_v2.ioc]
2025-07-04 13:25:16,187 DEBUG [ArgsValue.lambda$retrieve$2] CLI_ARG[ftl]: templates/wb_ioc_template.ftl
2025-07-04 13:25:16,188 DEBUG [ArgsValue.lambda$retrieve$2] CLI_ARG[exp]: templates/wb-defines_where_and_what.txt
2025-07-04 13:25:16,188 DEBUG [ArgsValue.lambda$retrieve$2] CLI_ARG[xdm]: D:\Comrado\ESC_BMS_Project\ALL DOCS\ALL DOCS\ESC\STM_B_G431_ESC\Comarado_ESC_v2\Comarado_ESC_v2.wbdef
2025-07-04 13:25:16,188 DEBUG [ArgsValue.lambda$retrieve$2] CLI_ARG[ioc]: D:\Comrado\ESC_BMS_Project\ALL DOCS\ALL DOCS\ESC\STM_B_G431_ESC\Comarado_ESC_v2\Comarado_ESC_v2.ioc
2025-07-04 13:25:16,189 DEBUG [ArgsValue.lambda$retrieve$2] CLI_ARG[pack]: assets/MotorControlPack/MotorControl.zip
2025-07-04 13:25:16,189 DEBUG [ArgsValue.lambda$retrieve$2] CLI_ARG[mx_timeout]: -1
2025-07-04 13:25:16,189 DEBUG [ArgsValue.retrieve] {xdm=D:\Comrado\ESC_BMS_Project\ALL DOCS\ALL DOCS\ESC\STM_B_G431_ESC\Comarado_ESC_v2\Comarado_ESC_v2.wbdef, updftl=templates/wb_ioc_mc-middleware.ftl, mx_timeout=-1, exp=templates/wb-defines_where_and_what.txt, ioc=D:\Comrado\ESC_BMS_Project\ALL DOCS\ALL DOCS\ESC\STM_B_G431_ESC\Comarado_ESC_v2\Comarado_ESC_v2.ioc, pack=assets/MotorControlPack/MotorControl.zip, ftl=templates/wb_ioc_template.ftl}
2025-07-04 13:25:16,239 DEBUG [WB_to_MX.run] Targeted MCU family = G4
2025-07-04 13:25:16,257 DEBUG [WB_to_MX.run] Minimum associated CubeMx to the `6.0.0-a0` targeted MCU family is `G4`
2025-07-04 13:25:22,214 DEBUG [EnvironmentChecker.checkPack] STM32CubeMX.Version: 6.4.0-RC4
2025-07-04 13:25:22,219 DEBUG [RetrieveFirmwareVersion.from_zip] Trying to read Firmware version from zipped version Pack: C:\Program Files (x86)\STMicroelectronics\MC_SDK_6.3.2\Utilities\PC_Software\STMCWB\assets\MotorControlPack\MotorControl.zip
2025-07-04 13:25:22,308 DEBUG [RetrieveFirmwareVersion.minimum_supporte_version] minimum_supporte_version MotorControlFirmware.Version: 6.3.0
2025-07-04 13:25:22,309 DEBUG [PackInfoFactory.deploy_MCPack_to_MxRepo] Deployment strategy class: VersionedFolderStyle_MCPackDeployer
2025-07-04 13:25:22,310 DEBUG [PackInfoFactory.deploy_MCPack_to_MxRepo] Expected MC Pack 6.3.2-Full already deployed
2025-07-04 13:25:22,360 DEBUG [DataSetUpdater.update] Updating data set
2025-07-04 13:25:22,361 DEBUG [DataSetUpdater.update] Update done
2025-07-04 13:25:22,362 INFO  [IocGenerator.logModulesVersionInfo] Version info: 
2025-07-04 13:25:22,386 INFO  [IocGenerator.logModulesVersionInfo]   MC Workbench       : 6.3.2
2025-07-04 13:25:22,388 INFO  [IocGenerator.logModulesVersionInfo]   WB_to_Mx           : 6.2.3.template-24-04-17
2025-07-04 13:25:22,389 INFO  [IocGenerator.logModulesVersionInfo]   STM32CubeMX        : 6.4.0
2025-07-04 13:25:22,391 INFO  [IocGenerator.logModulesVersionInfo]   MC Firmware Library: 6.3.2-Full
2025-07-04 13:25:22,391 INFO  [IocGenerator.logModulesVersionInfo] 
Generation options: 
2025-07-04 13:25:22,392 INFO  [IocGenerator.logModulesVersionInfo]   Target Toolchain   : ST STM32CubeIDE
2025-07-04 13:25:22,393 INFO  [IocGenerator.logModulesVersionInfo]   Target Driver      : HAL - Hardware Abstraction Layer
2025-07-04 13:25:22,393 INFO  [IocGenerator.logModulesVersionInfo]   Target STM32 FW    : 1.6.0

2025-07-04 13:25:22,398 DEBUG [IocGenerator.process] D:\Comrado\ESC_BMS_Project\ALL DOCS\ALL DOCS\ESC\STM_B_G431_ESC\Comarado_ESC_v2\Comarado_ESC_v2.ioc ioc file: Generating
2025-07-04 13:25:22,399 DEBUG [IocGenerator.createOutput] Generating file from template templates\wb_ioc_template.ftl
2025-07-04 13:25:23,835 DEBUG [IocGenerator.process] ioc file D:\Comrado\ESC_BMS_Project\ALL DOCS\ALL DOCS\ESC\STM_B_G431_ESC\Comarado_ESC_v2\Comarado_ESC_v2.ioc Generated
2025-07-04 13:25:23,842 INFO  [LineInfo_to_exitCode.log_LineInfo] D:\Comrado\ESC_BMS_Project\ALL DOCS\ALL DOCS\ESC\STM_B_G431_ESC\Comarado_ESC_v2\Comarado_ESC_v2.ioc ioc: Generated
2025-07-04 13:25:23,942 INFO  [Wb2MxProcess.lambda$copyFolder$e7a869af$1] Folder Overwritten D:\Comrado\ESC_BMS_Project\ALL DOCS\ALL DOCS\ESC\STM_B_G431_ESC\Comarado_ESC_v2\ftl
2025-07-04 13:25:24,019 INFO  [extSettings.lambda$writeContentToFile$f5919002$1] Generated D:\Comrado\ESC_BMS_Project\ALL DOCS\ALL DOCS\ESC\STM_B_G431_ESC\Comarado_ESC_v2\.extSettings
2025-07-04 13:25:24,024 INFO  [Wb2MxProcess.lambda$run$$19] 
Started STM32CubeMX for final c-code generation
2025-07-04 13:25:24,082 DEBUG [CubeMxRunner.create_code_generation_script_for] Generated CubeMx script file: C:\Users\Admin\AppData\Local\Temp\WB_to_Mx-comaradoescv-4563738071153068348.script
2025-07-04 13:25:24,538 DEBUG [LineInfo_to_exitCode.log_LineInfo] 2025-07-04 13:25:24,535 [INFO] MicroXplorer:88 - [MX] MX Start == 1093129117505000
2025-07-04 13:25:24,540 DEBUG [LineInfo_to_exitCode.log_LineInfo] 2025-07-04 13:25:24,538 [INFO] MicroXplorer:632 - Detected Java Version = 11.0.10
2025-07-04 13:25:24,574 DEBUG [LineInfo_to_exitCode.log_LineInfo] 2025-07-04 13:25:24,573 [INFO] ApplicationProperties:181 - Using Application install path: C:\Program Files\STMicroelectronics\STM32Cube\STM32CubeMX
2025-07-04 13:25:24,594 DEBUG [LineInfo_to_exitCode.log_LineInfo] 2025-07-04 13:25:24,590 [INFO] DbMcusXml:74 - Set database path to: C:\Program Files\STMicroelectronics\STM32Cube\STM32CubeMX\\db\/mcu/
2025-07-04 13:25:24,599 DEBUG [LineInfo_to_exitCode.log_LineInfo] 2025-07-04 13:25:24,598 [INFO] DbBoardsPdsc:56 - Set plugin database path to: C:\Program Files\STMicroelectronics\STM32Cube\STM32CubeMX\\db\/plugins/boardmanager/
2025-07-04 13:25:24,600 DEBUG [LineInfo_to_exitCode.log_LineInfo] 2025-07-04 13:25:24,600 [INFO] DbMcus:258 - Set plugin images path to: C:\Program Files\STMicroelectronics\STM32Cube\STM32CubeMX\\db\/plugins/mcufinder/images/
2025-07-04 13:25:24,601 DEBUG [LineInfo_to_exitCode.log_LineInfo] 2025-07-04 13:25:24,601 [INFO] DbBoards:264 - Set plugin images path to: C:\Program Files\STMicroelectronics\STM32Cube\STM32CubeMX\\db\/plugins/mcufinder/images/
2025-07-04 13:25:24,605 DEBUG [LineInfo_to_exitCode.log_LineInfo] 2025-07-04 13:25:24,604 [INFO] DbExamples:332 - Set plugin images path to: C:\Program Files\STMicroelectronics\STM32Cube\STM32CubeMX\\db\/plugins/mcufinder/images/
2025-07-04 13:25:24,618 DEBUG [LineInfo_to_exitCode.log_LineInfo] 2025-07-04 13:25:24,617 [INFO] McuFinderGlobals:39 - Set McuFinder mode to 1 (CubeMX integrated)
2025-07-04 13:25:24,664 DEBUG [LineInfo_to_exitCode.log_LineInfo] 2025-07-04 13:25:24,663 [INFO] DbMcusAds:119 - Set database path to: C:\Users\Admin\.stmcufinder\plugins\mcufinder//mcu/
2025-07-04 13:25:24,665 DEBUG [LineInfo_to_exitCode.log_LineInfo] 2025-07-04 13:25:24,664 [INFO] DbMcusDocs:110 - Set database path to: C:\Users\Admin\.stmcufinder\plugins\mcufinder//mcu/
2025-07-04 13:25:24,668 DEBUG [LineInfo_to_exitCode.log_LineInfo] 2025-07-04 13:25:24,668 [INFO] DbMcusJson:64 - Set database path to: C:\Users\Admin\.stmcufinder\plugins\mcufinder//mcu/
2025-07-04 13:25:24,670 DEBUG [LineInfo_to_exitCode.log_LineInfo] 2025-07-04 13:25:24,669 [INFO] DbBoardsDocs:110 - Set database path to: C:\Users\Admin\.stmcufinder\plugins\mcufinder//mcu/
2025-07-04 13:25:24,672 DEBUG [LineInfo_to_exitCode.log_LineInfo] 2025-07-04 13:25:24,672 [INFO] DbBoardsJson:57 - Set database path to: C:\Users\Admin\.stmcufinder\plugins\mcufinder//mcu/
2025-07-04 13:25:24,690 DEBUG [LineInfo_to_exitCode.log_LineInfo] 2025-07-04 13:25:24,689 [INFO] CrossReferenceDbSqlite:196 - Set database path to: C:\Users\Admin\.stmcufinder\plugins\mcufinder//mcu/cs/
2025-07-04 13:25:24,696 DEBUG [LineInfo_to_exitCode.log_LineInfo] 2025-07-04 13:25:24,694 [INFO] DbExamplesSqlite:764 - Set database path to: C:\Users\Admin\.stmcufinder\plugins\mcufinder//mcu/
2025-07-04 13:25:24,945 DEBUG [LineInfo_to_exitCode.log_LineInfo] 2025-07-04 13:25:24,944 [INFO] RulesReader:57 - Compatibility file has been processed (244 Rules)
2025-07-04 13:25:25,028 DEBUG [LineInfo_to_exitCode.log_LineInfo] 2025-07-04 13:25:25,028 [INFO] STM32CubeMX:55 - Starting STM32CubeMX
2025-07-04 13:25:25,978 DEBUG [LineInfo_to_exitCode.log_LineInfo] 2025-07-04 13:25:25,976 [INFO] MainPanel:220 - HeapMemory: 232783872
2025-07-04 13:25:26,191 DEBUG [LineInfo_to_exitCode.log_LineInfo] 2025-07-04 13:25:26,190 [INFO] DbMcusXml:74 - Set database path to: C:\Program Files\STMicroelectronics\STM32Cube\STM32CubeMX\\db\/mcu/
2025-07-04 13:25:26,191 DEBUG [LineInfo_to_exitCode.log_LineInfo] 2025-07-04 13:25:26,190 [INFO] DbBoardsPdsc:56 - Set plugin database path to: C:\Program Files\STMicroelectronics\STM32Cube\STM32CubeMX\\db\/plugins/boardmanager/
2025-07-04 13:25:26,191 DEBUG [LineInfo_to_exitCode.log_LineInfo] 2025-07-04 13:25:26,191 [INFO] DbMcus:258 - Set plugin images path to: C:\Program Files\STMicroelectronics\STM32Cube\STM32CubeMX\\db\/plugins/mcufinder/images/
2025-07-04 13:25:26,192 DEBUG [LineInfo_to_exitCode.log_LineInfo] 2025-07-04 13:25:26,191 [INFO] DbBoards:264 - Set plugin images path to: C:\Program Files\STMicroelectronics\STM32Cube\STM32CubeMX\\db\/plugins/mcufinder/images/
2025-07-04 13:25:26,192 DEBUG [LineInfo_to_exitCode.log_LineInfo] 2025-07-04 13:25:26,191 [INFO] DbExamples:332 - Set plugin images path to: C:\Program Files\STMicroelectronics\STM32Cube\STM32CubeMX\\db\/plugins/mcufinder/images/
2025-07-04 13:25:26,196 DEBUG [LineInfo_to_exitCode.log_LineInfo] 2025-07-04 13:25:26,195 [INFO] DbMcusAds:119 - Set database path to: C:\Users\Admin\.stmcufinder\plugins\mcufinder//mcu/
2025-07-04 13:25:26,197 DEBUG [LineInfo_to_exitCode.log_LineInfo] 2025-07-04 13:25:26,197 [INFO] DbMcusDocs:110 - Set database path to: C:\Users\Admin\.stmcufinder\plugins\mcufinder//mcu/
2025-07-04 13:25:26,198 DEBUG [LineInfo_to_exitCode.log_LineInfo] 2025-07-04 13:25:26,197 [INFO] DbMcusJson:64 - Set database path to: C:\Users\Admin\.stmcufinder\plugins\mcufinder//mcu/
2025-07-04 13:25:26,198 DEBUG [LineInfo_to_exitCode.log_LineInfo] 2025-07-04 13:25:26,198 [INFO] DbBoardsDocs:110 - Set database path to: C:\Users\Admin\.stmcufinder\plugins\mcufinder//mcu/
2025-07-04 13:25:26,199 DEBUG [LineInfo_to_exitCode.log_LineInfo] 2025-07-04 13:25:26,198 [INFO] DbBoardsJson:57 - Set database path to: C:\Users\Admin\.stmcufinder\plugins\mcufinder//mcu/
2025-07-04 13:25:26,199 DEBUG [LineInfo_to_exitCode.log_LineInfo] 2025-07-04 13:25:26,199 [INFO] CrossReferenceDbSqlite:196 - Set database path to: C:\Users\Admin\.stmcufinder\plugins\mcufinder//mcu/cs/
2025-07-04 13:25:26,200 DEBUG [LineInfo_to_exitCode.log_LineInfo] 2025-07-04 13:25:26,200 [INFO] DbExamplesSqlite:764 - Set database path to: C:\Users\Admin\.stmcufinder\plugins\mcufinder//mcu/
2025-07-04 13:25:26,234 DEBUG [LineInfo_to_exitCode.log_LineInfo] 2025-07-04 13:25:26,233 [INFO] ApplicationProperties:181 - Using Application install path: C:\Program Files\STMicroelectronics\STM32Cube\STM32CubeMX
2025-07-04 13:25:26,237 DEBUG [LineInfo_to_exitCode.log_LineInfo] 2025-07-04 13:25:26,236 [INFO] PluginManage:188 - Search for loadable plugins [exclusion list=, ]
2025-07-04 13:25:26,240 DEBUG [LineInfo_to_exitCode.log_LineInfo] 2025-07-04 13:25:26,239 [INFO] PluginManage:302 - Check plugin analytics
2025-07-04 13:25:26,542 ERROR [LineInfo_to_exitCode.log_LineInfo] The ST intranet updater server is unknown: mcucrossselector.codex.cro.st.com
2025-07-04 13:25:26,675 DEBUG [LineInfo_to_exitCode.log_LineInfo] 2025-07-04 13:25:26,673 [INFO] AnalyticsPlugin:257 - Accepted Software Licenses: STM32CubeMX.6.13.0,STM32CubeMX.6.4.0
2025-07-04 13:25:26,675 DEBUG [LineInfo_to_exitCode.log_LineInfo] 2025-07-04 13:25:26,675 [INFO] AnalyticsPlugin:259 - Accepted CMSIS Pack Licenses: 
2025-07-04 13:25:26,675 DEBUG [LineInfo_to_exitCode.log_LineInfo] 2025-07-04 13:25:26,675 [INFO] AnalyticsPlugin:261 - Accepted Firmware Licenses: FW.F4.1.27.0,FW.L4.1.18.0,FW.F4.1.28.0,FW.G4.1.5.0,FW.G4.1.6.0
2025-07-04 13:25:26,684 DEBUG [LineInfo_to_exitCode.log_LineInfo] 2025-07-04 13:25:26,683 [INFO] PluginManage:352 - Loaded plugin analytics (category:tool,tabindex:-1)
2025-07-04 13:25:26,685 DEBUG [LineInfo_to_exitCode.log_LineInfo] 2025-07-04 13:25:26,684 [INFO] PluginManage:302 - Check plugin clock
2025-07-04 13:25:26,699 DEBUG [LineInfo_to_exitCode.log_LineInfo] 2025-07-04 13:25:26,698 [INFO] PluginManage:352 - Loaded plugin clock (category:base,tabindex:2)
2025-07-04 13:25:26,701 DEBUG [LineInfo_to_exitCode.log_LineInfo] 2025-07-04 13:25:26,699 [INFO] PluginManage:302 - Check plugin ddr
2025-07-04 13:25:26,705 DEBUG [LineInfo_to_exitCode.log_LineInfo] 2025-07-04 13:25:26,705 [INFO] PluginManage:352 - Loaded plugin ddr (category:tool,tabindex:6)
2025-07-04 13:25:26,706 DEBUG [LineInfo_to_exitCode.log_LineInfo] 2025-07-04 13:25:26,705 [INFO] PluginManage:302 - Check plugin filemanager
2025-07-04 13:25:26,877 DEBUG [LineInfo_to_exitCode.log_LineInfo] 2025-07-04 13:25:26,876 [INFO] PluginManage:352 - Loaded plugin filemanager (category:base,tabindex:10)
2025-07-04 13:25:26,877 DEBUG [LineInfo_to_exitCode.log_LineInfo] 2025-07-04 13:25:26,876 [INFO] PluginManage:302 - Check plugin ipmanager
2025-07-04 13:25:26,893 DEBUG [LineInfo_to_exitCode.log_LineInfo] 2025-07-04 13:25:26,893 [INFO] PluginManage:352 - Loaded plugin ipmanager (category:base,tabindex:5)
2025-07-04 13:25:26,894 DEBUG [LineInfo_to_exitCode.log_LineInfo] 2025-07-04 13:25:26,893 [INFO] PluginManage:302 - Check plugin pinoutandconfiguration
2025-07-04 13:25:26,906 DEBUG [LineInfo_to_exitCode.log_LineInfo] 2025-07-04 13:25:26,905 [INFO] PluginManage:352 - Loaded plugin pinoutandconfiguration (category:base,tabindex:1)
2025-07-04 13:25:26,907 DEBUG [LineInfo_to_exitCode.log_LineInfo] 2025-07-04 13:25:26,906 [INFO] PluginManage:302 - Check plugin pinoutconfig
2025-07-04 13:25:26,994 DEBUG [LineInfo_to_exitCode.log_LineInfo] 2025-07-04 13:25:26,993 [INFO] PluginManage:352 - Loaded plugin pinoutconfig (category:base,tabindex:0)
2025-07-04 13:25:26,995 DEBUG [LineInfo_to_exitCode.log_LineInfo] 2025-07-04 13:25:26,994 [INFO] PluginManage:302 - Check plugin power
2025-07-04 13:25:27,013 DEBUG [LineInfo_to_exitCode.log_LineInfo] 2025-07-04 13:25:27,011 [INFO] PluginManage:352 - Loaded plugin power (category:power,tabindex:4)
2025-07-04 13:25:27,014 DEBUG [LineInfo_to_exitCode.log_LineInfo] 2025-07-04 13:25:27,013 [INFO] PluginManage:302 - Check plugin projectmanager
2025-07-04 13:25:27,115 DEBUG [LineInfo_to_exitCode.log_LineInfo] 2025-07-04 13:25:27,114 [INFO] PluginManage:352 - Loaded plugin projectmanager (category:projectmanager,tabindex:3)
2025-07-04 13:25:27,115 DEBUG [LineInfo_to_exitCode.log_LineInfo] 2025-07-04 13:25:27,114 [INFO] PluginManage:302 - Check plugin thirdparty
2025-07-04 13:25:27,319 DEBUG [LineInfo_to_exitCode.log_LineInfo] 2025-07-04 13:25:27,317 [INFO] PluginManage:352 - Loaded plugin thirdparty (category:base,tabindex:-1)
2025-07-04 13:25:27,320 DEBUG [LineInfo_to_exitCode.log_LineInfo] 2025-07-04 13:25:27,319 [INFO] IntegrityCheckThread:80 - entering critical section [integrity check]
2025-07-04 13:25:27,320 DEBUG [LineInfo_to_exitCode.log_LineInfo] 2025-07-04 13:25:27,319 [INFO] PluginManage:302 - Check plugin tools
2025-07-04 13:25:27,324 DEBUG [LineInfo_to_exitCode.log_LineInfo] 2025-07-04 13:25:27,323 [INFO] PluginManage:352 - Loaded plugin tools (category:base,tabindex:7)
2025-07-04 13:25:27,325 DEBUG [LineInfo_to_exitCode.log_LineInfo] 2025-07-04 13:25:27,324 [INFO] PluginManage:302 - Check plugin tutovideos
2025-07-04 13:25:27,325 DEBUG [LineInfo_to_exitCode.log_LineInfo] 2025-07-04 13:25:27,325 [INFO] ThirdPartyUpdaterWithRetryManager:66 - Updater plugin not ready yet. [1/15]
2025-07-04 13:25:27,619 DEBUG [LineInfo_to_exitCode.log_LineInfo] 2025-07-04 13:25:27,618 [INFO] PluginManage:352 - Loaded plugin tutovideos (category:base,tabindex:-1)
2025-07-04 13:25:27,620 DEBUG [LineInfo_to_exitCode.log_LineInfo] 2025-07-04 13:25:27,619 [INFO] PluginManage:302 - Check plugin updater
2025-07-04 13:25:27,641 DEBUG [LineInfo_to_exitCode.log_LineInfo] 2025-07-04 13:25:27,641 [INFO] PluginManage:352 - Loaded plugin updater (category:base,tabindex:12)
2025-07-04 13:25:27,643 DEBUG [LineInfo_to_exitCode.log_LineInfo] 2025-07-04 13:25:27,642 [INFO] PluginManage:275 - PluginManage : Loaded plugins [13]
2025-07-04 13:25:27,881 DEBUG [LineInfo_to_exitCode.log_LineInfo] 2025-07-04 13:25:27,880 [INFO] PinOutPanel:1463 - setPackage(No Configuration,No Configuration)
2025-07-04 13:25:27,994 DEBUG [LineInfo_to_exitCode.log_LineInfo] 2025-07-04 13:25:27,993 [INFO] IPUIPlugin:74 - create IPUIPlugin
2025-07-04 13:25:27,994 DEBUG [LineInfo_to_exitCode.log_LineInfo] 2025-07-04 13:25:27,994 [INFO] PluginManager:213 - loadIPPluginJar : add adc
2025-07-04 13:25:27,997 DEBUG [LineInfo_to_exitCode.log_LineInfo] 2025-07-04 13:25:27,997 [INFO] IPUIPlugin:74 - create IPUIPlugin
2025-07-04 13:25:27,997 DEBUG [LineInfo_to_exitCode.log_LineInfo] 2025-07-04 13:25:27,997 [INFO] PluginManager:213 - loadIPPluginJar : add aes
2025-07-04 13:25:28,001 DEBUG [LineInfo_to_exitCode.log_LineInfo] 2025-07-04 13:25:28,000 [INFO] IPUIPlugin:74 - create IPUIPlugin
2025-07-04 13:25:28,001 DEBUG [LineInfo_to_exitCode.log_LineInfo] 2025-07-04 13:25:28,000 [INFO] PluginManager:213 - loadIPPluginJar : add can
2025-07-04 13:25:28,003 DEBUG [LineInfo_to_exitCode.log_LineInfo] 2025-07-04 13:25:28,003 [INFO] IPUIPlugin:74 - create IPUIPlugin
2025-07-04 13:25:28,003 DEBUG [LineInfo_to_exitCode.log_LineInfo] 2025-07-04 13:25:28,003 [INFO] PluginManager:213 - loadIPPluginJar : add comp
2025-07-04 13:25:28,007 DEBUG [LineInfo_to_exitCode.log_LineInfo] 2025-07-04 13:25:28,006 [INFO] IPUIPlugin:74 - create IPUIPlugin
2025-07-04 13:25:28,007 DEBUG [LineInfo_to_exitCode.log_LineInfo] 2025-07-04 13:25:28,006 [INFO] PluginManager:213 - loadIPPluginJar : add cryp
2025-07-04 13:25:28,010 DEBUG [LineInfo_to_exitCode.log_LineInfo] 2025-07-04 13:25:28,009 [INFO] IPUIPlugin:74 - create IPUIPlugin
2025-07-04 13:25:28,010 DEBUG [LineInfo_to_exitCode.log_LineInfo] 2025-07-04 13:25:28,009 [INFO] PluginManager:213 - loadIPPluginJar : add dfsdm
2025-07-04 13:25:28,017 DEBUG [LineInfo_to_exitCode.log_LineInfo] 2025-07-04 13:25:28,016 [INFO] IPUIPlugin:74 - create IPUIPlugin
2025-07-04 13:25:28,018 DEBUG [LineInfo_to_exitCode.log_LineInfo] 2025-07-04 13:25:28,017 [INFO] PluginManager:213 - loadIPPluginJar : add dma
2025-07-04 13:25:28,021 DEBUG [LineInfo_to_exitCode.log_LineInfo] 2025-07-04 13:25:28,021 [INFO] IPUIPlugin:74 - create IPUIPlugin
2025-07-04 13:25:28,022 DEBUG [LineInfo_to_exitCode.log_LineInfo] 2025-07-04 13:25:28,021 [INFO] PluginManager:213 - loadIPPluginJar : add dma3
2025-07-04 13:25:28,024 DEBUG [LineInfo_to_exitCode.log_LineInfo] 2025-07-04 13:25:28,024 [INFO] IPUIPlugin:74 - create IPUIPlugin
2025-07-04 13:25:28,025 DEBUG [LineInfo_to_exitCode.log_LineInfo] 2025-07-04 13:25:28,024 [INFO] PluginManager:213 - loadIPPluginJar : add fatfs
2025-07-04 13:25:28,031 DEBUG [LineInfo_to_exitCode.log_LineInfo] 2025-07-04 13:25:28,031 [INFO] IPUIPlugin:74 - create IPUIPlugin
2025-07-04 13:25:28,032 DEBUG [LineInfo_to_exitCode.log_LineInfo] 2025-07-04 13:25:28,031 [INFO] PluginManager:213 - loadIPPluginJar : add fmc
2025-07-04 13:25:28,038 DEBUG [LineInfo_to_exitCode.log_LineInfo] 2025-07-04 13:25:28,037 [INFO] IPUIPlugin:74 - create IPUIPlugin
2025-07-04 13:25:28,038 DEBUG [LineInfo_to_exitCode.log_LineInfo] 2025-07-04 13:25:28,038 [INFO] PluginManager:213 - loadIPPluginJar : add freertos
2025-07-04 13:25:28,040 DEBUG [LineInfo_to_exitCode.log_LineInfo] 2025-07-04 13:25:28,040 [INFO] IPUIPlugin:74 - create IPUIPlugin
2025-07-04 13:25:28,041 DEBUG [LineInfo_to_exitCode.log_LineInfo] 2025-07-04 13:25:28,040 [INFO] PluginManager:213 - loadIPPluginJar : add genericplugin
2025-07-04 13:25:28,044 DEBUG [LineInfo_to_exitCode.log_LineInfo] 2025-07-04 13:25:28,044 [INFO] IPUIPlugin:74 - create IPUIPlugin
2025-07-04 13:25:28,045 DEBUG [LineInfo_to_exitCode.log_LineInfo] 2025-07-04 13:25:28,044 [INFO] PluginManager:213 - loadIPPluginJar : add gfxmmu
2025-07-04 13:25:28,051 DEBUG [LineInfo_to_exitCode.log_LineInfo] 2025-07-04 13:25:28,051 [INFO] IPUIPlugin:74 - create IPUIPlugin
2025-07-04 13:25:28,052 DEBUG [LineInfo_to_exitCode.log_LineInfo] 2025-07-04 13:25:28,051 [INFO] PluginManager:213 - loadIPPluginJar : add gic
2025-07-04 13:25:28,057 DEBUG [LineInfo_to_exitCode.log_LineInfo] 2025-07-04 13:25:28,056 [INFO] IPUIPlugin:74 - create IPUIPlugin
2025-07-04 13:25:28,059 DEBUG [LineInfo_to_exitCode.log_LineInfo] 2025-07-04 13:25:28,056 [INFO] PluginManager:213 - loadIPPluginJar : add gpio
2025-07-04 13:25:28,060 DEBUG [LineInfo_to_exitCode.log_LineInfo] 2025-07-04 13:25:28,060 [INFO] IPUIPlugin:74 - create IPUIPlugin
2025-07-04 13:25:28,060 DEBUG [LineInfo_to_exitCode.log_LineInfo] 2025-07-04 13:25:28,060 [INFO] PluginManager:213 - loadIPPluginJar : add gtzc
2025-07-04 13:25:28,063 DEBUG [LineInfo_to_exitCode.log_LineInfo] 2025-07-04 13:25:28,062 [INFO] IPUIPlugin:74 - create IPUIPlugin
2025-07-04 13:25:28,063 DEBUG [LineInfo_to_exitCode.log_LineInfo] 2025-07-04 13:25:28,062 [INFO] PluginManager:213 - loadIPPluginJar : add hash
2025-07-04 13:25:28,066 DEBUG [LineInfo_to_exitCode.log_LineInfo] 2025-07-04 13:25:28,065 [INFO] IPUIPlugin:74 - create IPUIPlugin
2025-07-04 13:25:28,066 DEBUG [LineInfo_to_exitCode.log_LineInfo] 2025-07-04 13:25:28,066 [INFO] PluginManager:213 - loadIPPluginJar : add i2c
2025-07-04 13:25:28,070 DEBUG [LineInfo_to_exitCode.log_LineInfo] 2025-07-04 13:25:28,069 [INFO] IPUIPlugin:74 - create IPUIPlugin
2025-07-04 13:25:28,070 DEBUG [LineInfo_to_exitCode.log_LineInfo] 2025-07-04 13:25:28,069 [INFO] PluginManager:213 - loadIPPluginJar : add i2s
2025-07-04 13:25:28,075 DEBUG [LineInfo_to_exitCode.log_LineInfo] 2025-07-04 13:25:28,075 [INFO] IPUIPlugin:74 - create IPUIPlugin
2025-07-04 13:25:28,076 DEBUG [LineInfo_to_exitCode.log_LineInfo] 2025-07-04 13:25:28,075 [INFO] PluginManager:213 - loadIPPluginJar : add ipddr
2025-07-04 13:25:28,085 DEBUG [LineInfo_to_exitCode.log_LineInfo] 2025-07-04 13:25:28,084 [INFO] IPUIPlugin:74 - create IPUIPlugin
2025-07-04 13:25:28,085 DEBUG [LineInfo_to_exitCode.log_LineInfo] 2025-07-04 13:25:28,084 [INFO] PluginManager:213 - loadIPPluginJar : add linkedlist
2025-07-04 13:25:28,088 DEBUG [LineInfo_to_exitCode.log_LineInfo] 2025-07-04 13:25:28,088 [INFO] IPUIPlugin:74 - create IPUIPlugin
2025-07-04 13:25:28,088 DEBUG [LineInfo_to_exitCode.log_LineInfo] 2025-07-04 13:25:28,088 [INFO] PluginManager:213 - loadIPPluginJar : add lorawan
2025-07-04 13:25:28,090 DEBUG [LineInfo_to_exitCode.log_LineInfo] 2025-07-04 13:25:28,090 [INFO] IPUIPlugin:74 - create IPUIPlugin
2025-07-04 13:25:28,091 DEBUG [LineInfo_to_exitCode.log_LineInfo] 2025-07-04 13:25:28,090 [INFO] PluginManager:213 - loadIPPluginJar : add ltdc
2025-07-04 13:25:28,099 DEBUG [LineInfo_to_exitCode.log_LineInfo] 2025-07-04 13:25:28,098 [INFO] IPUIPlugin:74 - create IPUIPlugin
2025-07-04 13:25:28,099 DEBUG [LineInfo_to_exitCode.log_LineInfo] 2025-07-04 13:25:28,099 [INFO] PluginManager:213 - loadIPPluginJar : add mdma
2025-07-04 13:25:28,104 DEBUG [LineInfo_to_exitCode.log_LineInfo] 2025-07-04 13:25:28,103 [INFO] IPUIPlugin:74 - create IPUIPlugin
2025-07-04 13:25:28,104 DEBUG [LineInfo_to_exitCode.log_LineInfo] 2025-07-04 13:25:28,104 [INFO] PluginManager:213 - loadIPPluginJar : add nvic
2025-07-04 13:25:28,109 DEBUG [LineInfo_to_exitCode.log_LineInfo] 2025-07-04 13:25:28,109 [INFO] IPUIPlugin:74 - create IPUIPlugin
2025-07-04 13:25:28,110 DEBUG [LineInfo_to_exitCode.log_LineInfo] 2025-07-04 13:25:28,109 [INFO] PluginManager:213 - loadIPPluginJar : add opamp
2025-07-04 13:25:28,113 DEBUG [LineInfo_to_exitCode.log_LineInfo] 2025-07-04 13:25:28,112 [INFO] IPUIPlugin:74 - create IPUIPlugin
2025-07-04 13:25:28,113 DEBUG [LineInfo_to_exitCode.log_LineInfo] 2025-07-04 13:25:28,113 [INFO] PluginManager:213 - loadIPPluginJar : add openamp
2025-07-04 13:25:28,117 DEBUG [LineInfo_to_exitCode.log_LineInfo] 2025-07-04 13:25:28,116 [INFO] IPUIPlugin:74 - create IPUIPlugin
2025-07-04 13:25:28,117 DEBUG [LineInfo_to_exitCode.log_LineInfo] 2025-07-04 13:25:28,117 [INFO] PluginManager:213 - loadIPPluginJar : add pdm2pcm
2025-07-04 13:25:28,124 DEBUG [LineInfo_to_exitCode.log_LineInfo] 2025-07-04 13:25:28,123 [INFO] IPUIPlugin:74 - create IPUIPlugin
2025-07-04 13:25:28,127 DEBUG [LineInfo_to_exitCode.log_LineInfo] 2025-07-04 13:25:28,126 [INFO] PluginManager:213 - loadIPPluginJar : add plateformsettings
2025-07-04 13:25:28,129 DEBUG [LineInfo_to_exitCode.log_LineInfo] 2025-07-04 13:25:28,129 [INFO] IPUIPlugin:74 - create IPUIPlugin
2025-07-04 13:25:28,130 DEBUG [LineInfo_to_exitCode.log_LineInfo] 2025-07-04 13:25:28,129 [INFO] PluginManager:213 - loadIPPluginJar : add quadspi
2025-07-04 13:25:28,134 DEBUG [LineInfo_to_exitCode.log_LineInfo] 2025-07-04 13:25:28,133 [INFO] IPUIPlugin:74 - create IPUIPlugin
2025-07-04 13:25:28,134 DEBUG [LineInfo_to_exitCode.log_LineInfo] 2025-07-04 13:25:28,134 [INFO] PluginManager:213 - loadIPPluginJar : add resmgrutility
2025-07-04 13:25:28,138 DEBUG [LineInfo_to_exitCode.log_LineInfo] 2025-07-04 13:25:28,138 [INFO] IPUIPlugin:74 - create IPUIPlugin
2025-07-04 13:25:28,138 DEBUG [LineInfo_to_exitCode.log_LineInfo] 2025-07-04 13:25:28,138 [INFO] PluginManager:213 - loadIPPluginJar : add sai
2025-07-04 13:25:28,141 DEBUG [LineInfo_to_exitCode.log_LineInfo] 2025-07-04 13:25:28,140 [INFO] IPUIPlugin:74 - create IPUIPlugin
2025-07-04 13:25:28,141 DEBUG [LineInfo_to_exitCode.log_LineInfo] 2025-07-04 13:25:28,141 [INFO] PluginManager:213 - loadIPPluginJar : add spi
2025-07-04 13:25:28,146 DEBUG [LineInfo_to_exitCode.log_LineInfo] 2025-07-04 13:25:28,145 [INFO] IPUIPlugin:74 - create IPUIPlugin
2025-07-04 13:25:28,146 DEBUG [LineInfo_to_exitCode.log_LineInfo] 2025-07-04 13:25:28,145 [INFO] PluginManager:213 - loadIPPluginJar : add stm32_wpan
2025-07-04 13:25:28,149 DEBUG [LineInfo_to_exitCode.log_LineInfo] 2025-07-04 13:25:28,148 [INFO] IPUIPlugin:74 - create IPUIPlugin
2025-07-04 13:25:28,149 DEBUG [LineInfo_to_exitCode.log_LineInfo] 2025-07-04 13:25:28,148 [INFO] PluginManager:213 - loadIPPluginJar : add tim
2025-07-04 13:25:28,155 DEBUG [LineInfo_to_exitCode.log_LineInfo] 2025-07-04 13:25:28,154 [INFO] IPUIPlugin:74 - create IPUIPlugin
2025-07-04 13:25:28,155 DEBUG [LineInfo_to_exitCode.log_LineInfo] 2025-07-04 13:25:28,154 [INFO] PluginManager:213 - loadIPPluginJar : add touchsensing
2025-07-04 13:25:28,157 DEBUG [LineInfo_to_exitCode.log_LineInfo] 2025-07-04 13:25:28,157 [INFO] IPUIPlugin:74 - create IPUIPlugin
2025-07-04 13:25:28,158 DEBUG [LineInfo_to_exitCode.log_LineInfo] 2025-07-04 13:25:28,157 [INFO] PluginManager:213 - loadIPPluginJar : add tracer_emb
2025-07-04 13:25:28,161 DEBUG [LineInfo_to_exitCode.log_LineInfo] 2025-07-04 13:25:28,160 [INFO] IPUIPlugin:74 - create IPUIPlugin
2025-07-04 13:25:28,161 DEBUG [LineInfo_to_exitCode.log_LineInfo] 2025-07-04 13:25:28,160 [INFO] PluginManager:213 - loadIPPluginJar : add ts
2025-07-04 13:25:28,163 DEBUG [LineInfo_to_exitCode.log_LineInfo] 2025-07-04 13:25:28,162 [INFO] IPUIPlugin:74 - create IPUIPlugin
2025-07-04 13:25:28,163 DEBUG [LineInfo_to_exitCode.log_LineInfo] 2025-07-04 13:25:28,163 [INFO] PluginManager:213 - loadIPPluginJar : add tsc
2025-07-04 13:25:28,167 DEBUG [LineInfo_to_exitCode.log_LineInfo] 2025-07-04 13:25:28,166 [INFO] IPUIPlugin:74 - create IPUIPlugin
2025-07-04 13:25:28,167 DEBUG [LineInfo_to_exitCode.log_LineInfo] 2025-07-04 13:25:28,167 [INFO] PluginManager:213 - loadIPPluginJar : add ucpd
2025-07-04 13:25:28,171 DEBUG [LineInfo_to_exitCode.log_LineInfo] 2025-07-04 13:25:28,170 [INFO] IPUIPlugin:74 - create IPUIPlugin
2025-07-04 13:25:28,171 DEBUG [LineInfo_to_exitCode.log_LineInfo] 2025-07-04 13:25:28,171 [INFO] PluginManager:213 - loadIPPluginJar : add usart
2025-07-04 13:25:28,174 DEBUG [LineInfo_to_exitCode.log_LineInfo] 2025-07-04 13:25:28,174 [INFO] IPUIPlugin:74 - create IPUIPlugin
2025-07-04 13:25:28,174 DEBUG [LineInfo_to_exitCode.log_LineInfo] 2025-07-04 13:25:28,174 [INFO] PluginManager:213 - loadIPPluginJar : add usbx
2025-07-04 13:25:28,205 DEBUG [LineInfo_to_exitCode.log_LineInfo] 2025-07-04 13:25:28,204 [INFO] Updater:1018 - Updater Version found : 6.4.0
2025-07-04 13:25:28,225 DEBUG [LineInfo_to_exitCode.log_LineInfo] 2025-07-04 13:25:28,225 [INFO] ApplicationProperties:181 - Using Application install path: C:\Program Files\STMicroelectronics\STM32Cube\STM32CubeMX
2025-07-04 13:25:28,394 DEBUG [LineInfo_to_exitCode.log_LineInfo] 2025-07-04 13:25:28,394 [INFO] MainUpdater:512 - Copy updater definitions from MX database
2025-07-04 13:25:28,879 WARN  [LineInfo_to_exitCode.log_LineInfo] Warning during Server Connexion :  Unknown host sw-center.st.com
2025-07-04 13:25:28,884 WARN  [LineInfo_to_exitCode.log_LineInfo] Warning during Server Connexion :  Unknown host www.ebuc23.com
2025-07-04 13:25:28,886 DEBUG [LineInfo_to_exitCode.log_LineInfo] 2025-07-04 13:25:28,885 [INFO] MainUpdater:2729 - connection check result : 22
2025-07-04 13:25:28,886 DEBUG [LineInfo_to_exitCode.log_LineInfo] 2025-07-04 13:25:28,886 [INFO] MainUpdater:276 - Updater Check For Update Now.
2025-07-04 13:25:28,886 DEBUG [LineInfo_to_exitCode.log_LineInfo] 2025-07-04 13:25:28,886 [INFO] MicroXplorer:477 - Change Database Version : DB.6.0.40
2025-07-04 13:25:29,124 DEBUG [LineInfo_to_exitCode.log_LineInfo] 2025-07-04 13:25:29,123 [INFO] CheckServerUpdateThread:115 - End of CheckServer Thread
2025-07-04 13:25:29,363 DEBUG [LineInfo_to_exitCode.log_LineInfo] 2025-07-04 13:25:29,362 [INFO] HomeAdPanel:98 - Auto-refresh data requested => check proxy status ongoing
2025-07-04 13:25:29,368 DEBUG [LineInfo_to_exitCode.log_LineInfo] 2025-07-04 13:25:29,368 [INFO] HomeAdPanel:119 - Proxy status is invalid, do not check for advertisement updates
2025-07-04 13:25:29,446 DEBUG [LineInfo_to_exitCode.log_LineInfo] 2025-07-04 13:25:29,445 [INFO] DbMcusAds:47 - JSON generation date=Thu Jun 19 14:02:37 IST 2025 (1750321957418)
2025-07-04 13:25:29,510 DEBUG [LineInfo_to_exitCode.log_LineInfo] 2025-07-04 13:25:29,510 [INFO] DetailPanel:310 - Set advertising image to C:/Users/Admin/STM32Cube/Repository/\en.cubemxfinderstm32wba6.jpg
2025-07-04 13:25:29,695 DEBUG [LineInfo_to_exitCode.log_LineInfo] 2025-07-04 13:25:29,694 [ERROR] ConfigurationRetriever:139 - IOException on connection: sw-center.st.com
2025-07-04 13:25:29,696 DEBUG [LineInfo_to_exitCode.log_LineInfo] 2025-07-04 13:25:29,696 [ERROR] ConfigurationRetriever:139 - IOException on connection: sw-center.st.com
2025-07-04 13:25:29,700 DEBUG [LineInfo_to_exitCode.log_LineInfo] 2025-07-04 13:25:29,700 [ERROR] ConfigurationRetriever:139 - IOException on connection: sw-center.st.com
2025-07-04 13:25:29,998 DEBUG [LineInfo_to_exitCode.log_LineInfo] 2025-07-04 13:25:29,996 [INFO] DetailPanel:310 - Set advertising image to C:/Users/Admin/STM32Cube/Repository/\en.cubemxfinderstm32wba6.jpg
2025-07-04 13:25:30,188 DEBUG [LineInfo_to_exitCode.log_LineInfo] 2025-07-04 13:25:30,187 [INFO] MainFrame:172 - [MX] HOME_PANEL == 1093134775006000
2025-07-04 13:25:30,363 DEBUG [LineInfo_to_exitCode.log_LineInfo] 2025-07-04 13:25:30,361 [INFO] MicroXplorer:447 - Change Database Path : 
2025-07-04 13:25:30,363 DEBUG [LineInfo_to_exitCode.log_LineInfo] 2025-07-04 13:25:30,363 [INFO] MicroXplorer:477 - Change Database Version : DB.6.0.40
2025-07-04 13:25:30,830 ERROR [LineInfo_to_exitCode.log_LineInfo] C:\Users\Admin\.stm32cubemx\thirdparties\pdsc\STMicroelectronics.X-CUBE-ST60.1.0.0.pdsc: PDSC version is not supported
2025-07-04 13:25:30,960 ERROR [LineInfo_to_exitCode.log_LineInfo] C:\Users\Admin\.stm32cubemx\thirdparties\pdsc\Infineon.AIROC-Wi-Fi-Bluetooth-STM32.1.7.0.pdsc: PDSC version is not supported
2025-07-04 13:25:31,029 ERROR [LineInfo_to_exitCode.log_LineInfo] C:\Users\Admin\.stm32cubemx\thirdparties\pdsc\STMicroelectronics.X-CUBE-BLEMGR.4.0.0.pdsc: PDSC version is not supported
2025-07-04 13:25:31,089 ERROR [LineInfo_to_exitCode.log_LineInfo] C:\Users\Admin\.stm32cubemx\thirdparties\pdsc\STMicroelectronics.FP-SNS-FLIGHT1.5.1.0.pdsc: PDSC version is not supported
2025-07-04 13:25:31,741 ERROR [LineInfo_to_exitCode.log_LineInfo] C:\Users\Admin\.stm32cubemx\thirdparties\pdsc\EmbeddedOffice.I-CUBE-FS-RTOS.1.0.1.pdsc: PDSC version is not supported
2025-07-04 13:25:31,765 ERROR [LineInfo_to_exitCode.log_LineInfo] C:\Users\Admin\.stm32cubemx\thirdparties\pdsc\STMicroelectronics.X-CUBE-TCPP.4.2.0.pdsc: PDSC version is not supported
2025-07-04 13:25:31,768 ERROR [LineInfo_to_exitCode.log_LineInfo] C:\Users\Admin\.stm32cubemx\thirdparties\pdsc\RealThread.X-CUBE-RT-Thread_Nano.4.1.1.pdsc: PDSC version is not supported
2025-07-04 13:25:31,779 ERROR [LineInfo_to_exitCode.log_LineInfo] C:\Users\Admin\.stm32cubemx\thirdparties\pdsc\quantropi.X-CUBE-qispace-sdk-base.1.9.3.pdsc: PDSC version is not supported
2025-07-04 13:25:31,817 ERROR [LineInfo_to_exitCode.log_LineInfo] C:\Users\Admin\.stm32cubemx\thirdparties\pdsc\STMicroelectronics.X-CUBE-ST67W61.1.0.0.pdsc: PDSC version is not supported
2025-07-04 13:25:32,148 ERROR [LineInfo_to_exitCode.log_LineInfo] C:\Users\Admin\.stm32cubemx\thirdparties\pdsc\Avnet-IotConnect.X-CUBE-IoTC-DA16k-PMOD.1.0.0.pdsc: PDSC version is not supported
2025-07-04 13:25:32,192 ERROR [LineInfo_to_exitCode.log_LineInfo] C:\Users\Admin\.stm32cubemx\thirdparties\pdsc\STMicroelectronics.X-CUBE-DPower.1.2.0.pdsc: PDSC version is not supported
2025-07-04 13:25:32,216 ERROR [LineInfo_to_exitCode.log_LineInfo] C:\Users\Admin\.stm32cubemx\thirdparties\pdsc\STMicroelectronics.FP-SNS-STAIOTCFT.1.0.0.pdsc: PDSC version is not supported
2025-07-04 13:25:32,221 ERROR [LineInfo_to_exitCode.log_LineInfo] C:\Users\Admin\.stm32cubemx\thirdparties\pdsc\STMicroelectronics.X-CUBE-DPower.1.3.0.pdsc: PDSC version is not supported
2025-07-04 13:25:32,328 ERROR [LineInfo_to_exitCode.log_LineInfo] C:\Users\Admin\.stm32cubemx\thirdparties\pdsc\STMicroelectronics.FP-SNS-STBOX1.2.0.0.pdsc: PDSC version is not supported
2025-07-04 13:25:32,479 ERROR [LineInfo_to_exitCode.log_LineInfo] C:\Users\Admin\.stm32cubemx\thirdparties\pdsc\STMicroelectronics.X-CUBE-IPS.3.1.0.pdsc: PDSC version is not supported
2025-07-04 13:25:32,555 ERROR [LineInfo_to_exitCode.log_LineInfo] C:\Users\Admin\.stm32cubemx\thirdparties\pdsc\STMicroelectronics.X-CUBE-TOF1.3.4.2.pdsc: PDSC version is not supported
2025-07-04 13:25:32,561 ERROR [LineInfo_to_exitCode.log_LineInfo] C:\Users\Admin\.stm32cubemx\thirdparties\pdsc\STMicroelectronics.X-CUBE-TOF1.3.4.3.pdsc: PDSC version is not supported
2025-07-04 13:25:32,562 DEBUG [LineInfo_to_exitCode.log_LineInfo] 2025-07-04 13:25:32,562 [INFO] ThirdParty:925 - Integrity check success = true
2025-07-04 13:25:32,563 DEBUG [LineInfo_to_exitCode.log_LineInfo] 2025-07-04 13:25:32,562 [INFO] IntegrityCheckThread:94 - exiting critical section [integrity check]
2025-07-04 13:25:32,563 DEBUG [LineInfo_to_exitCode.log_LineInfo] 2025-07-04 13:25:32,562 [INFO] IntegrityCheckThread:97 - End integrity checks thread
2025-07-04 13:25:32,564 DEBUG [LineInfo_to_exitCode.log_LineInfo] 2025-07-04 13:25:32,563 [INFO] ThirdParty:825 - entering critical section [close project]
2025-07-04 13:25:32,566 DEBUG [LineInfo_to_exitCode.log_LineInfo] 2025-07-04 13:25:32,565 [INFO] ThirdParty:835 - exiting critical section [close project]
2025-07-04 13:25:32,572 DEBUG [LineInfo_to_exitCode.log_LineInfo] 2025-07-04 13:25:32,571 [INFO] PinOutPanel:1463 - setPackage(No Configuration,No Configuration)
2025-07-04 13:25:32,628 DEBUG [LineInfo_to_exitCode.log_LineInfo] 2025-07-04 13:25:32,628 [INFO] UtilMem:74 - Begin LoadConfig() Used Memory: 134776568 Bytes (279969792)
2025-07-04 13:25:32,643 DEBUG [LineInfo_to_exitCode.log_LineInfo] 2025-07-04 13:25:32,642 [INFO] OpenFileManager:313 - Change cursor
2025-07-04 13:25:35,739 DEBUG [LineInfo_to_exitCode.log_LineInfo] 2025-07-04 13:25:35,738 [INFO] Context:592 - Trying to add GPIOservice into a context  which must be forbidden
2025-07-04 13:25:36,944 DEBUG [LineInfo_to_exitCode.log_LineInfo] 2025-07-04 13:25:36,943 [INFO] ImportTextPane:167 - (OptionalMessage_ERROR) Unable to find key (Mcu.ThirdPartyNb) in loaded IOC file
2025-07-04 13:25:37,174 DEBUG [LineInfo_to_exitCode.log_LineInfo] 2025-07-04 13:25:37,174 [INFO] RtosManager:484 - Registered RTOS mode: class=CMSIS, group=RTOS, mode=CMSIS_V1, owner=FREERTOS
2025-07-04 13:25:37,175 DEBUG [LineInfo_to_exitCode.log_LineInfo] 2025-07-04 13:25:37,174 [INFO] RtosManager:484 - Registered RTOS mode: class=CMSIS, group=RTOS2, mode=CMSIS_V2, owner=FREERTOS
2025-07-04 13:25:37,175 DEBUG [LineInfo_to_exitCode.log_LineInfo] 2025-07-04 13:25:37,174 [INFO] RtosManager:484 - Registered RTOS mode: class=RTOS, group=Core, mode=CMSIS_V1, owner=FREERTOS
2025-07-04 13:25:37,175 DEBUG [LineInfo_to_exitCode.log_LineInfo] 2025-07-04 13:25:37,174 [INFO] RtosManager:484 - Registered RTOS mode: class=RTOS, group=Core, mode=CMSIS_V2, owner=FREERTOS
2025-07-04 13:25:38,858 DEBUG [LineInfo_to_exitCode.log_LineInfo] 2025-07-04 13:25:38,858 [INFO] ImportTextPane:167 - (OptionalMessage_ERROR) IP (DMA) : Parameter (Instance) has Id (USART2_RX) currently not set
2025-07-04 13:25:38,859 DEBUG [LineInfo_to_exitCode.log_LineInfo] 2025-07-04 13:25:38,858 [INFO] ImportTextPane:167 - (OptionalMessage_ERROR) IP (DMA) : Parameter (Request) has Id (USART2_RX) currently not set
2025-07-04 13:25:38,859 DEBUG [LineInfo_to_exitCode.log_LineInfo] 2025-07-04 13:25:38,858 [INFO] ImportTextPane:167 - (OptionalMessage_ERROR) IP (DMA) : Parameter (Direction) has Id (USART2_RX) currently not set
2025-07-04 13:25:38,859 DEBUG [LineInfo_to_exitCode.log_LineInfo] 2025-07-04 13:25:38,859 [INFO] ImportTextPane:167 - (OptionalMessage_ERROR) IP (DMA) : Parameter (PeriphInc) has Id (USART2_RX) currently not set
2025-07-04 13:25:38,859 DEBUG [LineInfo_to_exitCode.log_LineInfo] 2025-07-04 13:25:38,859 [INFO] ImportTextPane:167 - (OptionalMessage_ERROR) IP (DMA) : Parameter (MemInc) has Id (USART2_RX) currently not set
2025-07-04 13:25:38,860 DEBUG [LineInfo_to_exitCode.log_LineInfo] 2025-07-04 13:25:38,859 [INFO] ImportTextPane:167 - (OptionalMessage_ERROR) IP (DMA) : Parameter (PeriphDataAlignment) has Id (USART2_RX) currently not set
2025-07-04 13:25:38,863 DEBUG [LineInfo_to_exitCode.log_LineInfo] 2025-07-04 13:25:38,860 [INFO] ImportTextPane:167 - (OptionalMessage_ERROR) IP (DMA) : Parameter (MemDataAlignment) has Id (USART2_RX) currently not set
2025-07-04 13:25:38,863 DEBUG [LineInfo_to_exitCode.log_LineInfo] 2025-07-04 13:25:38,860 [INFO] ImportTextPane:167 - (OptionalMessage_ERROR) IP (DMA) : Parameter (Mode) has Id (USART2_RX) currently not set
2025-07-04 13:25:38,863 DEBUG [LineInfo_to_exitCode.log_LineInfo] 2025-07-04 13:25:38,860 [INFO] ImportTextPane:167 - (OptionalMessage_ERROR) IP (DMA) : Parameter (Priority) has Id (USART2_RX) currently not set
2025-07-04 13:25:38,864 DEBUG [LineInfo_to_exitCode.log_LineInfo] 2025-07-04 13:25:38,860 [INFO] ImportTextPane:167 - (OptionalMessage_ERROR) IP (DMA) : Parameter (Instance) has Id (USART2_TX) currently not set
2025-07-04 13:25:38,865 DEBUG [LineInfo_to_exitCode.log_LineInfo] 2025-07-04 13:25:38,860 [INFO] ImportTextPane:167 - (OptionalMessage_ERROR) IP (DMA) : Parameter (Request) has Id (USART2_TX) currently not set
2025-07-04 13:25:38,865 DEBUG [LineInfo_to_exitCode.log_LineInfo] 2025-07-04 13:25:38,861 [INFO] ImportTextPane:167 - (OptionalMessage_ERROR) IP (DMA) : Parameter (Direction) has Id (USART2_TX) currently not set
2025-07-04 13:25:38,865 DEBUG [LineInfo_to_exitCode.log_LineInfo] 2025-07-04 13:25:38,861 [INFO] ImportTextPane:167 - (OptionalMessage_ERROR) IP (DMA) : Parameter (PeriphInc) has Id (USART2_TX) currently not set
2025-07-04 13:25:38,866 DEBUG [LineInfo_to_exitCode.log_LineInfo] 2025-07-04 13:25:38,861 [INFO] ImportTextPane:167 - (OptionalMessage_ERROR) IP (DMA) : Parameter (MemInc) has Id (USART2_TX) currently not set
2025-07-04 13:25:38,866 DEBUG [LineInfo_to_exitCode.log_LineInfo] 2025-07-04 13:25:38,861 [INFO] ImportTextPane:167 - (OptionalMessage_ERROR) IP (DMA) : Parameter (PeriphDataAlignment) has Id (USART2_TX) currently not set
2025-07-04 13:25:38,866 DEBUG [LineInfo_to_exitCode.log_LineInfo] 2025-07-04 13:25:38,861 [INFO] ImportTextPane:167 - (OptionalMessage_ERROR) IP (DMA) : Parameter (MemDataAlignment) has Id (USART2_TX) currently not set
2025-07-04 13:25:38,866 DEBUG [LineInfo_to_exitCode.log_LineInfo] 2025-07-04 13:25:38,861 [INFO] ImportTextPane:167 - (OptionalMessage_ERROR) IP (DMA) : Parameter (Mode) has Id (USART2_TX) currently not set
2025-07-04 13:25:38,866 DEBUG [LineInfo_to_exitCode.log_LineInfo] 2025-07-04 13:25:38,862 [INFO] ImportTextPane:167 - (OptionalMessage_ERROR) IP (DMA) : Parameter (Priority) has Id (USART2_TX) currently not set
2025-07-04 13:25:38,952 DEBUG [LineInfo_to_exitCode.log_LineInfo] 2025-07-04 13:25:38,951 [INFO] ImportTextPane:167 - (OptionalMessage_ERROR) IP (MotorControl) : Invalid parameter (ADC_AHBPERIPH)
2025-07-04 13:25:38,953 DEBUG [LineInfo_to_exitCode.log_LineInfo] 2025-07-04 13:25:38,951 [INFO] ImportTextPane:167 - (OptionalMessage_ERROR) IP (MotorControl) : Invalid parameter (BUS_VOLTAGE_READING)
2025-07-04 13:25:38,953 DEBUG [LineInfo_to_exitCode.log_LineInfo] 2025-07-04 13:25:38,952 [INFO] ImportTextPane:167 - (OptionalMessage_ERROR) IP (MotorControl) : Invalid parameter (CCMRAM_ENABLED)
2025-07-04 13:25:38,954 DEBUG [LineInfo_to_exitCode.log_LineInfo] 2025-07-04 13:25:38,952 [INFO] ImportTextPane:167 - (OptionalMessage_ERROR) IP (MotorControl) : Invalid parameter (CLOCK_FREQUENCY)
2025-07-04 13:25:38,954 DEBUG [LineInfo_to_exitCode.log_LineInfo] 2025-07-04 13:25:38,952 [INFO] ImportTextPane:167 - (OptionalMessage_ERROR) IP (MotorControl) : Invalid parameter (CLOCK_SOURCE)
2025-07-04 13:25:38,954 DEBUG [LineInfo_to_exitCode.log_LineInfo] 2025-07-04 13:25:38,952 [INFO] ImportTextPane:167 - (OptionalMessage_ERROR) IP (MotorControl) : Invalid parameter (CPU_CLK_170_MHZ)
2025-07-04 13:25:38,954 DEBUG [LineInfo_to_exitCode.log_LineInfo] 2025-07-04 13:25:38,953 [INFO] ImportTextPane:167 - (OptionalMessage_ERROR) IP (MotorControl) : Invalid parameter (CURR_SAMPLING_TIME)
2025-07-04 13:25:38,954 DEBUG [LineInfo_to_exitCode.log_LineInfo] 2025-07-04 13:25:38,953 [INFO] ImportTextPane:167 - (OptionalMessage_ERROR) IP (MotorControl) : Invalid parameter (CURRENT_READING_TOPOLOGY)
2025-07-04 13:25:38,955 DEBUG [LineInfo_to_exitCode.log_LineInfo] 2025-07-04 13:25:38,953 [INFO] ImportTextPane:167 - (OptionalMessage_ERROR) IP (MotorControl) : Invalid parameter (DRIVE_TYPE)
2025-07-04 13:25:38,955 DEBUG [LineInfo_to_exitCode.log_LineInfo] 2025-07-04 13:25:38,953 [INFO] ImportTextPane:167 - (OptionalMessage_ERROR) IP (MotorControl) : Invalid parameter (DRIVES_NUMBER_SELECTION)
2025-07-04 13:25:38,955 DEBUG [LineInfo_to_exitCode.log_LineInfo] 2025-07-04 13:25:38,953 [INFO] ImportTextPane:167 - (OptionalMessage_ERROR) IP (MotorControl) : Invalid parameter (ENCODER_AVAILABLE)
2025-07-04 13:25:38,955 DEBUG [LineInfo_to_exitCode.log_LineInfo] 2025-07-04 13:25:38,953 [INFO] ImportTextPane:167 - (OptionalMessage_ERROR) IP (MotorControl) : Invalid parameter (ENCODER_PPR)
2025-07-04 13:25:38,955 DEBUG [LineInfo_to_exitCode.log_LineInfo] 2025-07-04 13:25:38,953 [INFO] ImportTextPane:167 - (OptionalMessage_ERROR) IP (MotorControl) : Invalid parameter (EXT_CLK_8_MHZ)
2025-07-04 13:25:38,956 DEBUG [LineInfo_to_exitCode.log_LineInfo] 2025-07-04 13:25:38,953 [INFO] ImportTextPane:167 - (OptionalMessage_ERROR) IP (MotorControl) : Invalid parameter (EXT_CLOCK_FREQUENCY)
2025-07-04 13:25:38,956 DEBUG [LineInfo_to_exitCode.log_LineInfo] 2025-07-04 13:25:38,954 [INFO] ImportTextPane:167 - (OptionalMessage_ERROR) IP (MotorControl) : Invalid parameter (FEEDBACK_NET_FILTERING)
2025-07-04 13:25:38,961 DEBUG [LineInfo_to_exitCode.log_LineInfo] 2025-07-04 13:25:38,954 [INFO] ImportTextPane:167 - (OptionalMessage_ERROR) IP (MotorControl) : Invalid parameter (FLASH_SIZE)
2025-07-04 13:25:38,962 DEBUG [LineInfo_to_exitCode.log_LineInfo] 2025-07-04 13:25:38,954 [INFO] ImportTextPane:167 - (OptionalMessage_ERROR) IP (MotorControl) : Invalid parameter (HALL_SENSORS_AVAILABLE)
2025-07-04 13:25:38,962 DEBUG [LineInfo_to_exitCode.log_LineInfo] 2025-07-04 13:25:38,954 [INFO] ImportTextPane:167 - (OptionalMessage_ERROR) IP (MotorControl) : Invalid parameter (HW_COMPLEMENTED_LOW_SIDE)
2025-07-04 13:25:38,962 DEBUG [LineInfo_to_exitCode.log_LineInfo] 2025-07-04 13:25:38,954 [INFO] ImportTextPane:167 - (OptionalMessage_ERROR) IP (MotorControl) : Invalid parameter (HW_DEAD_TIME_NS)
2025-07-04 13:25:38,962 DEBUG [LineInfo_to_exitCode.log_LineInfo] 2025-07-04 13:25:38,954 [INFO] ImportTextPane:167 - (OptionalMessage_ERROR) IP (MotorControl) : Invalid parameter (HWV_CS)
2025-07-04 13:25:38,962 DEBUG [LineInfo_to_exitCode.log_LineInfo] 2025-07-04 13:25:38,954 [INFO] ImportTextPane:167 - (OptionalMessage_ERROR) IP (MotorControl) : Invalid parameter (HWV_PWM)
2025-07-04 13:25:38,963 DEBUG [LineInfo_to_exitCode.log_LineInfo] 2025-07-04 13:25:38,954 [INFO] ImportTextPane:167 - (OptionalMessage_ERROR) IP (MotorControl) : Invalid parameter (IPs)
2025-07-04 13:25:38,963 DEBUG [LineInfo_to_exitCode.log_LineInfo] 2025-07-04 13:25:38,955 [INFO] ImportTextPane:167 - (OptionalMessage_ERROR) IP (MotorControl) : Invalid parameter (LOW_SIDE_SIGNALS_ENABLING)
2025-07-04 13:25:38,963 DEBUG [LineInfo_to_exitCode.log_LineInfo] 2025-07-04 13:25:38,955 [INFO] ImportTextPane:167 - (OptionalMessage_ERROR) IP (MotorControl) : Invalid parameter (M1_CURRENT_AMPLIFICATION_TOPO)
2025-07-04 13:25:38,963 DEBUG [LineInfo_to_exitCode.log_LineInfo] 2025-07-04 13:25:38,956 [INFO] ImportTextPane:167 - (OptionalMessage_ERROR) IP (MotorControl) : Invalid parameter (M1_DC_CURRENT_RS_MEAS)
2025-07-04 13:25:38,963 DEBUG [LineInfo_to_exitCode.log_LineInfo] 2025-07-04 13:25:38,956 [INFO] ImportTextPane:167 - (OptionalMessage_ERROR) IP (MotorControl) : Invalid parameter (M1_HIGH_SIDE_IDLE_STATE)
2025-07-04 13:25:38,964 DEBUG [LineInfo_to_exitCode.log_LineInfo] 2025-07-04 13:25:38,957 [INFO] ImportTextPane:167 - (OptionalMessage_ERROR) IP (MotorControl) : Invalid parameter (M1_INT_AMP_OPAMP1_PIN)
2025-07-04 13:25:38,964 DEBUG [LineInfo_to_exitCode.log_LineInfo] 2025-07-04 13:25:38,957 [INFO] ImportTextPane:167 - (OptionalMessage_ERROR) IP (MotorControl) : Invalid parameter (M1_INT_AMP_OPAMP2_PIN)
2025-07-04 13:25:38,964 DEBUG [LineInfo_to_exitCode.log_LineInfo] 2025-07-04 13:25:38,957 [INFO] ImportTextPane:167 - (OptionalMessage_ERROR) IP (MotorControl) : Invalid parameter (M1_INT_AMP_OPAMP3_PIN)
2025-07-04 13:25:38,964 DEBUG [LineInfo_to_exitCode.log_LineInfo] 2025-07-04 13:25:38,957 [INFO] ImportTextPane:167 - (OptionalMessage_ERROR) IP (MotorControl) : Invalid parameter (M1_INT_AMP_OPAMPS)
2025-07-04 13:25:38,965 DEBUG [LineInfo_to_exitCode.log_LineInfo] 2025-07-04 13:25:38,957 [INFO] ImportTextPane:167 - (OptionalMessage_ERROR) IP (MotorControl) : Invalid parameter (M1_LOW_SIDE_IDLE_STATE)
2025-07-04 13:25:38,965 DEBUG [LineInfo_to_exitCode.log_LineInfo] 2025-07-04 13:25:38,958 [INFO] ImportTextPane:167 - (OptionalMessage_ERROR) IP (MotorControl) : Parameter (M1_PWM_CHARGE_BOOT_CAP_DUTY_CYCLES) has invalid value (0.000)
2025-07-04 13:25:38,965 DEBUG [LineInfo_to_exitCode.log_LineInfo] 2025-07-04 13:25:38,959 [INFO] ImportTextPane:167 - (OptionalMessage_ERROR) IP (MotorControl) : Invalid parameter (M1_PWM_TIMER_BRK_IRQ)
2025-07-04 13:25:38,965 DEBUG [LineInfo_to_exitCode.log_LineInfo] 2025-07-04 13:25:38,959 [INFO] ImportTextPane:167 - (OptionalMessage_ERROR) IP (MotorControl) : Invalid parameter (M1_PWM_TIMER_UP_IRQ)
2025-07-04 13:25:38,965 DEBUG [LineInfo_to_exitCode.log_LineInfo] 2025-07-04 13:25:38,960 [INFO] ImportTextPane:167 - (OptionalMessage_ERROR) IP (MotorControl) : Invalid parameter (M1_SPD_DIFFERENTIAL_TERM_ENABLING)
2025-07-04 13:25:38,966 DEBUG [LineInfo_to_exitCode.log_LineInfo] 2025-07-04 13:25:38,960 [INFO] ImportTextPane:167 - (OptionalMessage_ERROR) IP (MotorControl) : Invalid parameter (MAX_READABLE_CURRENT)
2025-07-04 13:25:38,966 DEBUG [LineInfo_to_exitCode.log_LineInfo] 2025-07-04 13:25:38,960 [INFO] ImportTextPane:167 - (OptionalMessage_ERROR) IP (MotorControl) : Invalid parameter (MC_WORKBENCH_VERSION)
2025-07-04 13:25:38,966 DEBUG [LineInfo_to_exitCode.log_LineInfo] 2025-07-04 13:25:38,960 [INFO] ImportTextPane:167 - (OptionalMessage_ERROR) IP (MotorControl) : Invalid parameter (MCU)
2025-07-04 13:25:38,966 DEBUG [LineInfo_to_exitCode.log_LineInfo] 2025-07-04 13:25:38,960 [INFO] ImportTextPane:167 - (OptionalMessage_ERROR) IP (MotorControl) : Invalid parameter (MCU_FAMILY)
2025-07-04 13:25:38,966 DEBUG [LineInfo_to_exitCode.log_LineInfo] 2025-07-04 13:25:38,960 [INFO] ImportTextPane:167 - (OptionalMessage_ERROR) IP (MotorControl) : Invalid parameter (MCU_LINE)
2025-07-04 13:25:38,966 DEBUG [LineInfo_to_exitCode.log_LineInfo] 2025-07-04 13:25:38,960 [INFO] ImportTextPane:167 - (OptionalMessage_ERROR) IP (MotorControl) : Invalid parameter (MCU_PACKAGE)
2025-07-04 13:25:38,966 DEBUG [LineInfo_to_exitCode.log_LineInfo] 2025-07-04 13:25:38,960 [INFO] ImportTextPane:167 - (OptionalMessage_ERROR) IP (MotorControl) : Invalid parameter (MCU_TYPE)
2025-07-04 13:25:38,966 DEBUG [LineInfo_to_exitCode.log_LineInfo] 2025-07-04 13:25:38,960 [INFO] ImportTextPane:167 - (OptionalMessage_ERROR) IP (MotorControl) : Invalid parameter (MCU_USERNAME)
2025-07-04 13:25:38,966 DEBUG [LineInfo_to_exitCode.log_LineInfo] 2025-07-04 13:25:38,960 [INFO] ImportTextPane:167 - (OptionalMessage_ERROR) IP (MotorControl) : Invalid parameter (MOTOR_TYPE)
2025-07-04 13:25:38,966 DEBUG [LineInfo_to_exitCode.log_LineInfo] 2025-07-04 13:25:38,960 [INFO] ImportTextPane:167 - (OptionalMessage_ERROR) IP (MotorControl) : Invalid parameter (ON_OVER_VOLTAGE)
2025-07-04 13:25:38,967 DEBUG [LineInfo_to_exitCode.log_LineInfo] 2025-07-04 13:25:38,960 [INFO] ImportTextPane:167 - (OptionalMessage_ERROR) IP (MotorControl) : Invalid parameter (OPAMP_PGAGAIN)
2025-07-04 13:25:38,967 DEBUG [LineInfo_to_exitCode.log_LineInfo] 2025-07-04 13:25:38,960 [INFO] ImportTextPane:167 - (OptionalMessage_ERROR) IP (MotorControl) : Invalid parameter (OPAMP_TYPE_GAIN)
2025-07-04 13:25:38,967 DEBUG [LineInfo_to_exitCode.log_LineInfo] 2025-07-04 13:25:38,961 [INFO] ImportTextPane:167 - (OptionalMessage_ERROR) IP (MotorControl) : Invalid parameter (OPAMP1_INVERTINGINPUT)
2025-07-04 13:25:38,967 DEBUG [LineInfo_to_exitCode.log_LineInfo] 2025-07-04 13:25:38,961 [INFO] ImportTextPane:167 - (OptionalMessage_ERROR) IP (MotorControl) : Invalid parameter (OPAMP1_INVERTINGINPUT_GPIO_PIN)
2025-07-04 13:25:38,967 DEBUG [LineInfo_to_exitCode.log_LineInfo] 2025-07-04 13:25:38,961 [INFO] ImportTextPane:167 - (OptionalMessage_ERROR) IP (MotorControl) : Invalid parameter (OPAMP1_INVERTINGINPUT_GPIO_PORT)
2025-07-04 13:25:38,967 DEBUG [LineInfo_to_exitCode.log_LineInfo] 2025-07-04 13:25:38,962 [INFO] ImportTextPane:167 - (OptionalMessage_ERROR) IP (MotorControl) : Invalid parameter (OPAMP1_INVERTINGINPUT_MODE)
2025-07-04 13:25:38,967 DEBUG [LineInfo_to_exitCode.log_LineInfo] 2025-07-04 13:25:38,962 [INFO] ImportTextPane:167 - (OptionalMessage_ERROR) IP (MotorControl) : Invalid parameter (OPAMP1_NONINVERTINGINPUT_PHA_GPIO_PIN)
2025-07-04 13:25:38,967 DEBUG [LineInfo_to_exitCode.log_LineInfo] 2025-07-04 13:25:38,962 [INFO] ImportTextPane:167 - (OptionalMessage_ERROR) IP (MotorControl) : Invalid parameter (OPAMP1_NONINVERTINGINPUT_PHA_GPIO_PORT)
2025-07-04 13:25:38,967 DEBUG [LineInfo_to_exitCode.log_LineInfo] 2025-07-04 13:25:38,962 [INFO] ImportTextPane:167 - (OptionalMessage_ERROR) IP (MotorControl) : Invalid parameter (OPAMP1_OUT_GPIO_PIN)
2025-07-04 13:25:38,968 DEBUG [LineInfo_to_exitCode.log_LineInfo] 2025-07-04 13:25:38,962 [INFO] ImportTextPane:167 - (OptionalMessage_ERROR) IP (MotorControl) : Invalid parameter (OPAMP1_OUT_GPIO_PORT)
2025-07-04 13:25:38,968 DEBUG [LineInfo_to_exitCode.log_LineInfo] 2025-07-04 13:25:38,963 [INFO] ImportTextPane:167 - (OptionalMessage_ERROR) IP (MotorControl) : Invalid parameter (OPAMP2_INVERTINGINPUT)
2025-07-04 13:25:38,968 DEBUG [LineInfo_to_exitCode.log_LineInfo] 2025-07-04 13:25:38,963 [INFO] ImportTextPane:167 - (OptionalMessage_ERROR) IP (MotorControl) : Invalid parameter (OPAMP2_INVERTINGINPUT_GPIO_PIN)
2025-07-04 13:25:38,968 DEBUG [LineInfo_to_exitCode.log_LineInfo] 2025-07-04 13:25:38,963 [INFO] ImportTextPane:167 - (OptionalMessage_ERROR) IP (MotorControl) : Invalid parameter (OPAMP2_INVERTINGINPUT_GPIO_PORT)
2025-07-04 13:25:38,968 DEBUG [LineInfo_to_exitCode.log_LineInfo] 2025-07-04 13:25:38,963 [INFO] ImportTextPane:167 - (OptionalMessage_ERROR) IP (MotorControl) : Invalid parameter (OPAMP2_INVERTINGINPUT_MODE)
2025-07-04 13:25:38,968 DEBUG [LineInfo_to_exitCode.log_LineInfo] 2025-07-04 13:25:38,963 [INFO] ImportTextPane:167 - (OptionalMessage_ERROR) IP (MotorControl) : Invalid parameter (OPAMP2_NONINVERTINGINPUT_PHB_GPIO_PIN)
2025-07-04 13:25:38,968 DEBUG [LineInfo_to_exitCode.log_LineInfo] 2025-07-04 13:25:38,963 [INFO] ImportTextPane:167 - (OptionalMessage_ERROR) IP (MotorControl) : Invalid parameter (OPAMP2_NONINVERTINGINPUT_PHB_GPIO_PORT)
2025-07-04 13:25:38,968 DEBUG [LineInfo_to_exitCode.log_LineInfo] 2025-07-04 13:25:38,963 [INFO] ImportTextPane:167 - (OptionalMessage_ERROR) IP (MotorControl) : Invalid parameter (OPAMP2_OUT_GPIO_PIN)
2025-07-04 13:25:38,968 DEBUG [LineInfo_to_exitCode.log_LineInfo] 2025-07-04 13:25:38,963 [INFO] ImportTextPane:167 - (OptionalMessage_ERROR) IP (MotorControl) : Invalid parameter (OPAMP2_OUT_GPIO_PORT)
2025-07-04 13:25:38,968 DEBUG [LineInfo_to_exitCode.log_LineInfo] 2025-07-04 13:25:38,964 [INFO] ImportTextPane:167 - (OptionalMessage_ERROR) IP (MotorControl) : Invalid parameter (OPAMP3_INVERTINGINPUT)
2025-07-04 13:25:38,969 DEBUG [LineInfo_to_exitCode.log_LineInfo] 2025-07-04 13:25:38,964 [INFO] ImportTextPane:167 - (OptionalMessage_ERROR) IP (MotorControl) : Invalid parameter (OPAMP3_INVERTINGINPUT_GPIO_PIN)
2025-07-04 13:25:38,969 DEBUG [LineInfo_to_exitCode.log_LineInfo] 2025-07-04 13:25:38,964 [INFO] ImportTextPane:167 - (OptionalMessage_ERROR) IP (MotorControl) : Invalid parameter (OPAMP3_INVERTINGINPUT_GPIO_PORT)
2025-07-04 13:25:38,969 DEBUG [LineInfo_to_exitCode.log_LineInfo] 2025-07-04 13:25:38,964 [INFO] ImportTextPane:167 - (OptionalMessage_ERROR) IP (MotorControl) : Invalid parameter (OPAMP3_INVERTINGINPUT_MODE)
2025-07-04 13:25:38,969 DEBUG [LineInfo_to_exitCode.log_LineInfo] 2025-07-04 13:25:38,964 [INFO] ImportTextPane:167 - (OptionalMessage_ERROR) IP (MotorControl) : Invalid parameter (OPAMP3_NONINVERTINGINPUT_PHC)
2025-07-04 13:25:38,969 DEBUG [LineInfo_to_exitCode.log_LineInfo] 2025-07-04 13:25:38,964 [INFO] ImportTextPane:167 - (OptionalMessage_ERROR) IP (MotorControl) : Invalid parameter (OPAMP3_NONINVERTINGINPUT_PHC_GPIO_PIN)
2025-07-04 13:25:38,970 DEBUG [LineInfo_to_exitCode.log_LineInfo] 2025-07-04 13:25:38,964 [INFO] ImportTextPane:167 - (OptionalMessage_ERROR) IP (MotorControl) : Invalid parameter (OPAMP3_NONINVERTINGINPUT_PHC_GPIO_PORT)
2025-07-04 13:25:38,970 DEBUG [LineInfo_to_exitCode.log_LineInfo] 2025-07-04 13:25:38,964 [INFO] ImportTextPane:167 - (OptionalMessage_ERROR) IP (MotorControl) : Invalid parameter (OPAMP3_OUT_GPIO_PIN)
2025-07-04 13:25:38,970 DEBUG [LineInfo_to_exitCode.log_LineInfo] 2025-07-04 13:25:38,964 [INFO] ImportTextPane:167 - (OptionalMessage_ERROR) IP (MotorControl) : Invalid parameter (OPAMP3_OUT_GPIO_PORT)
2025-07-04 13:25:38,970 DEBUG [LineInfo_to_exitCode.log_LineInfo] 2025-07-04 13:25:38,964 [INFO] ImportTextPane:167 - (OptionalMessage_ERROR) IP (MotorControl) : Invalid parameter (OPAMP3_SELECTION)
2025-07-04 13:25:38,970 DEBUG [LineInfo_to_exitCode.log_LineInfo] 2025-07-04 13:25:38,965 [INFO] ImportTextPane:167 - (OptionalMessage_ERROR) IP (MotorControl) : Invalid parameter (OV_TEMPERATURE_PROT_ENABLING)
2025-07-04 13:25:38,970 DEBUG [LineInfo_to_exitCode.log_LineInfo] 2025-07-04 13:25:38,965 [INFO] ImportTextPane:167 - (OptionalMessage_ERROR) IP (MotorControl) : Invalid parameter (OV_VOLTAGE_PROT_ENABLING)
2025-07-04 13:25:38,970 DEBUG [LineInfo_to_exitCode.log_LineInfo] 2025-07-04 13:25:38,965 [INFO] ImportTextPane:167 - (OptionalMessage_ERROR) IP (MotorControl) : Invalid parameter (PHASE_U_CURR_ADC)
2025-07-04 13:25:38,970 DEBUG [LineInfo_to_exitCode.log_LineInfo] 2025-07-04 13:25:38,965 [INFO] ImportTextPane:167 - (OptionalMessage_ERROR) IP (MotorControl) : Invalid parameter (PHASE_U_GPIO_PIN)
2025-07-04 13:25:38,970 DEBUG [LineInfo_to_exitCode.log_LineInfo] 2025-07-04 13:25:38,965 [INFO] ImportTextPane:167 - (OptionalMessage_ERROR) IP (MotorControl) : Invalid parameter (PHASE_U_GPIO_PORT)
2025-07-04 13:25:38,971 DEBUG [LineInfo_to_exitCode.log_LineInfo] 2025-07-04 13:25:38,965 [INFO] ImportTextPane:167 - (OptionalMessage_ERROR) IP (MotorControl) : Invalid parameter (PHASE_U_PWM_CHANNEL)
2025-07-04 13:25:38,971 DEBUG [LineInfo_to_exitCode.log_LineInfo] 2025-07-04 13:25:38,967 [INFO] ImportTextPane:167 - (OptionalMessage_ERROR) IP (MotorControl) : Invalid parameter (PHASE_UH_GPIO_PIN)
2025-07-04 13:25:38,971 DEBUG [LineInfo_to_exitCode.log_LineInfo] 2025-07-04 13:25:38,967 [INFO] ImportTextPane:167 - (OptionalMessage_ERROR) IP (MotorControl) : Invalid parameter (PHASE_UH_GPIO_PORT)
2025-07-04 13:25:38,971 DEBUG [LineInfo_to_exitCode.log_LineInfo] 2025-07-04 13:25:38,967 [INFO] ImportTextPane:167 - (OptionalMessage_ERROR) IP (MotorControl) : Invalid parameter (PHASE_UL_GPIO_PIN)
2025-07-04 13:25:38,972 DEBUG [LineInfo_to_exitCode.log_LineInfo] 2025-07-04 13:25:38,968 [INFO] ImportTextPane:167 - (OptionalMessage_ERROR) IP (MotorControl) : Invalid parameter (PHASE_UL_GPIO_PORT)
2025-07-04 13:25:38,972 DEBUG [LineInfo_to_exitCode.log_LineInfo] 2025-07-04 13:25:38,968 [INFO] ImportTextPane:167 - (OptionalMessage_ERROR) IP (MotorControl) : Parameter (PHASE_UL_POLARITY) has invalid value (L_ACTIVE_HIGH)
2025-07-04 13:25:38,972 DEBUG [LineInfo_to_exitCode.log_LineInfo] 2025-07-04 13:25:38,968 [INFO] ImportTextPane:167 - (OptionalMessage_ERROR) IP (MotorControl) : Invalid parameter (PHASE_V_CURR_ADC)
2025-07-04 13:25:38,972 DEBUG [LineInfo_to_exitCode.log_LineInfo] 2025-07-04 13:25:38,968 [INFO] ImportTextPane:167 - (OptionalMessage_ERROR) IP (MotorControl) : Invalid parameter (PHASE_V_GPIO_PIN)
2025-07-04 13:25:38,972 DEBUG [LineInfo_to_exitCode.log_LineInfo] 2025-07-04 13:25:38,968 [INFO] ImportTextPane:167 - (OptionalMessage_ERROR) IP (MotorControl) : Invalid parameter (PHASE_V_GPIO_PORT)
2025-07-04 13:25:38,972 DEBUG [LineInfo_to_exitCode.log_LineInfo] 2025-07-04 13:25:38,968 [INFO] ImportTextPane:167 - (OptionalMessage_ERROR) IP (MotorControl) : Invalid parameter (PHASE_V_PWM_CHANNEL)
2025-07-04 13:25:38,972 DEBUG [LineInfo_to_exitCode.log_LineInfo] 2025-07-04 13:25:38,968 [INFO] ImportTextPane:167 - (OptionalMessage_ERROR) IP (MotorControl) : Invalid parameter (PHASE_VH_GPIO_PIN)
2025-07-04 13:25:38,973 DEBUG [LineInfo_to_exitCode.log_LineInfo] 2025-07-04 13:25:38,968 [INFO] ImportTextPane:167 - (OptionalMessage_ERROR) IP (MotorControl) : Invalid parameter (PHASE_VH_GPIO_PORT)
2025-07-04 13:25:38,973 DEBUG [LineInfo_to_exitCode.log_LineInfo] 2025-07-04 13:25:38,968 [INFO] ImportTextPane:167 - (OptionalMessage_ERROR) IP (MotorControl) : Invalid parameter (PHASE_VL_GPIO_PIN)
2025-07-04 13:25:38,973 DEBUG [LineInfo_to_exitCode.log_LineInfo] 2025-07-04 13:25:38,968 [INFO] ImportTextPane:167 - (OptionalMessage_ERROR) IP (MotorControl) : Invalid parameter (PHASE_VL_GPIO_PORT)
2025-07-04 13:25:38,973 DEBUG [LineInfo_to_exitCode.log_LineInfo] 2025-07-04 13:25:38,968 [INFO] ImportTextPane:167 - (OptionalMessage_ERROR) IP (MotorControl) : Parameter (PHASE_VL_POLARITY) has invalid value (L_ACTIVE_HIGH)
2025-07-04 13:25:38,973 DEBUG [LineInfo_to_exitCode.log_LineInfo] 2025-07-04 13:25:38,969 [INFO] ImportTextPane:167 - (OptionalMessage_ERROR) IP (MotorControl) : Invalid parameter (PHASE_W_CURR_ADC)
2025-07-04 13:25:38,973 DEBUG [LineInfo_to_exitCode.log_LineInfo] 2025-07-04 13:25:38,969 [INFO] ImportTextPane:167 - (OptionalMessage_ERROR) IP (MotorControl) : Invalid parameter (PHASE_W_GPIO_PIN)
2025-07-04 13:25:38,973 DEBUG [LineInfo_to_exitCode.log_LineInfo] 2025-07-04 13:25:38,969 [INFO] ImportTextPane:167 - (OptionalMessage_ERROR) IP (MotorControl) : Invalid parameter (PHASE_W_GPIO_PORT)
2025-07-04 13:25:38,973 DEBUG [LineInfo_to_exitCode.log_LineInfo] 2025-07-04 13:25:38,969 [INFO] ImportTextPane:167 - (OptionalMessage_ERROR) IP (MotorControl) : Invalid parameter (PHASE_W_PWM_CHANNEL)
2025-07-04 13:25:38,973 DEBUG [LineInfo_to_exitCode.log_LineInfo] 2025-07-04 13:25:38,969 [INFO] ImportTextPane:167 - (OptionalMessage_ERROR) IP (MotorControl) : Invalid parameter (PHASE_W_S_CURR_ADC)
2025-07-04 13:25:38,973 DEBUG [LineInfo_to_exitCode.log_LineInfo] 2025-07-04 13:25:38,969 [INFO] ImportTextPane:167 - (OptionalMessage_ERROR) IP (MotorControl) : Invalid parameter (PHASE_W_S_CURR_CHANNEL)
2025-07-04 13:25:38,974 DEBUG [LineInfo_to_exitCode.log_LineInfo] 2025-07-04 13:25:38,969 [INFO] ImportTextPane:167 - (OptionalMessage_ERROR) IP (MotorControl) : Invalid parameter (PHASE_W_S_GPIO_PIN)
2025-07-04 13:25:38,974 DEBUG [LineInfo_to_exitCode.log_LineInfo] 2025-07-04 13:25:38,969 [INFO] ImportTextPane:167 - (OptionalMessage_ERROR) IP (MotorControl) : Invalid parameter (PHASE_W_S_GPIO_PORT)
2025-07-04 13:25:38,974 DEBUG [LineInfo_to_exitCode.log_LineInfo] 2025-07-04 13:25:38,969 [INFO] ImportTextPane:167 - (OptionalMessage_ERROR) IP (MotorControl) : Invalid parameter (PHASE_WH_GPIO_PIN)
2025-07-04 13:25:38,974 DEBUG [LineInfo_to_exitCode.log_LineInfo] 2025-07-04 13:25:38,969 [INFO] ImportTextPane:167 - (OptionalMessage_ERROR) IP (MotorControl) : Invalid parameter (PHASE_WH_GPIO_PORT)
2025-07-04 13:25:38,974 DEBUG [LineInfo_to_exitCode.log_LineInfo] 2025-07-04 13:25:38,969 [INFO] ImportTextPane:167 - (OptionalMessage_ERROR) IP (MotorControl) : Invalid parameter (PHASE_WL_GPIO_PIN)
2025-07-04 13:25:38,974 DEBUG [LineInfo_to_exitCode.log_LineInfo] 2025-07-04 13:25:38,970 [INFO] ImportTextPane:167 - (OptionalMessage_ERROR) IP (MotorControl) : Invalid parameter (PHASE_WL_GPIO_PORT)
2025-07-04 13:25:38,974 DEBUG [LineInfo_to_exitCode.log_LineInfo] 2025-07-04 13:25:38,970 [INFO] ImportTextPane:167 - (OptionalMessage_ERROR) IP (MotorControl) : Parameter (PHASE_WL_POLARITY) has invalid value (L_ACTIVE_HIGH)
2025-07-04 13:25:38,974 DEBUG [LineInfo_to_exitCode.log_LineInfo] 2025-07-04 13:25:38,970 [INFO] ImportTextPane:167 - (OptionalMessage_ERROR) IP (MotorControl) : Invalid parameter (POTENTIOMETER_READING)
2025-07-04 13:25:38,974 DEBUG [LineInfo_to_exitCode.log_LineInfo] 2025-07-04 13:25:38,970 [INFO] ImportTextPane:167 - (OptionalMessage_ERROR) IP (MotorControl) : Invalid parameter (PWM_FREQUENCY)
2025-07-04 13:25:38,974 DEBUG [LineInfo_to_exitCode.log_LineInfo] 2025-07-04 13:25:38,970 [INFO] ImportTextPane:167 - (OptionalMessage_ERROR) IP (MotorControl) : Invalid parameter (PWM_TIMER_SELECTION)
2025-07-04 13:25:38,974 DEBUG [LineInfo_to_exitCode.log_LineInfo] 2025-07-04 13:25:38,971 [INFO] ImportTextPane:167 - (OptionalMessage_ERROR) IP (MotorControl) : Invalid parameter (R_BRAKE_SWITCH_OFF_THRES_V)
2025-07-04 13:25:38,975 DEBUG [LineInfo_to_exitCode.log_LineInfo] 2025-07-04 13:25:38,971 [INFO] ImportTextPane:167 - (OptionalMessage_ERROR) IP (MotorControl) : Invalid parameter (REGULATION_EXECUTION_RATE)
2025-07-04 13:25:38,975 DEBUG [LineInfo_to_exitCode.log_LineInfo] 2025-07-04 13:25:38,971 [INFO] ImportTextPane:167 - (OptionalMessage_ERROR) IP (MotorControl) : Invalid parameter (SINGLEDRIVE)
2025-07-04 13:25:38,975 DEBUG [LineInfo_to_exitCode.log_LineInfo] 2025-07-04 13:25:38,971 [INFO] ImportTextPane:167 - (OptionalMessage_ERROR) IP (MotorControl) : Invalid parameter (SPD_DIFFERENTIAL_TERM_ENABLING)
2025-07-04 13:25:38,975 DEBUG [LineInfo_to_exitCode.log_LineInfo] 2025-07-04 13:25:38,972 [INFO] ImportTextPane:167 - (OptionalMessage_ERROR) IP (MotorControl) : Invalid parameter (SPEED_SENSOR_SELECTION)
2025-07-04 13:25:38,975 DEBUG [LineInfo_to_exitCode.log_LineInfo] 2025-07-04 13:25:38,972 [INFO] ImportTextPane:167 - (OptionalMessage_ERROR) IP (MotorControl) : Invalid parameter (START_STOP_POLARITY)
2025-07-04 13:25:38,976 DEBUG [LineInfo_to_exitCode.log_LineInfo] 2025-07-04 13:25:38,972 [INFO] ImportTextPane:167 - (OptionalMessage_ERROR) IP (MotorControl) : Invalid parameter (START_STOP_POLARITY_EDGE)
2025-07-04 13:25:38,976 DEBUG [LineInfo_to_exitCode.log_LineInfo] 2025-07-04 13:25:38,972 [INFO] ImportTextPane:167 - (OptionalMessage_ERROR) IP (MotorControl) : Invalid parameter (STATE_OBSERVER_PLL)
2025-07-04 13:25:38,976 DEBUG [LineInfo_to_exitCode.log_LineInfo] 2025-07-04 13:25:38,972 [INFO] ImportTextPane:167 - (OptionalMessage_ERROR) IP (MotorControl) : Invalid parameter (STM32G431CB)
2025-07-04 13:25:38,976 DEBUG [LineInfo_to_exitCode.log_LineInfo] 2025-07-04 13:25:38,972 [INFO] ImportTextPane:167 - (OptionalMessage_ERROR) IP (MotorControl) : Invalid parameter (SW_DEADTIME_NS)
2025-07-04 13:25:38,976 DEBUG [LineInfo_to_exitCode.log_LineInfo] 2025-07-04 13:25:38,972 [INFO] ImportTextPane:167 - (OptionalMessage_ERROR) IP (MotorControl) : Invalid parameter (TEMP_ADC_SAMPLING_TIME)
2025-07-04 13:25:38,977 DEBUG [LineInfo_to_exitCode.log_LineInfo] 2025-07-04 13:25:38,972 [INFO] ImportTextPane:167 - (OptionalMessage_ERROR) IP (MotorControl) : Invalid parameter (TEMP_FDBK_ADC)
2025-07-04 13:25:38,977 DEBUG [LineInfo_to_exitCode.log_LineInfo] 2025-07-04 13:25:38,972 [INFO] ImportTextPane:167 - (OptionalMessage_ERROR) IP (MotorControl) : Invalid parameter (TEMP_FDBK_CHANNEL)
2025-07-04 13:25:38,977 DEBUG [LineInfo_to_exitCode.log_LineInfo] 2025-07-04 13:25:38,973 [INFO] ImportTextPane:167 - (OptionalMessage_ERROR) IP (MotorControl) : Invalid parameter (TEMP_FDBK_GPIO_PIN)
2025-07-04 13:25:38,977 DEBUG [LineInfo_to_exitCode.log_LineInfo] 2025-07-04 13:25:38,973 [INFO] ImportTextPane:167 - (OptionalMessage_ERROR) IP (MotorControl) : Invalid parameter (TEMP_FDBK_GPIO_PORT)
2025-07-04 13:25:38,978 DEBUG [LineInfo_to_exitCode.log_LineInfo] 2025-07-04 13:25:38,973 [INFO] ImportTextPane:167 - (OptionalMessage_ERROR) IP (MotorControl) : Invalid parameter (TEMPERATURE_READING)
2025-07-04 13:25:38,978 DEBUG [LineInfo_to_exitCode.log_LineInfo] 2025-07-04 13:25:38,973 [INFO] ImportTextPane:167 - (OptionalMessage_ERROR) IP (MotorControl) : Invalid parameter (TFDIFFERENTIAL_TERM_ENABLING)
2025-07-04 13:25:38,978 DEBUG [LineInfo_to_exitCode.log_LineInfo] 2025-07-04 13:25:38,973 [INFO] ImportTextPane:167 - (OptionalMessage_ERROR) IP (MotorControl) : Invalid parameter (TRISE_NS)
2025-07-04 13:25:38,978 DEBUG [LineInfo_to_exitCode.log_LineInfo] 2025-07-04 13:25:38,973 [INFO] ImportTextPane:167 - (OptionalMessage_ERROR) IP (MotorControl) : Invalid parameter (USART_RX_GPIO_PIN)
2025-07-04 13:25:38,979 DEBUG [LineInfo_to_exitCode.log_LineInfo] 2025-07-04 13:25:38,973 [INFO] ImportTextPane:167 - (OptionalMessage_ERROR) IP (MotorControl) : Invalid parameter (USART_RX_GPIO_PORT)
2025-07-04 13:25:38,979 DEBUG [LineInfo_to_exitCode.log_LineInfo] 2025-07-04 13:25:38,973 [INFO] ImportTextPane:167 - (OptionalMessage_ERROR) IP (MotorControl) : Invalid parameter (USART_SELECTION)
2025-07-04 13:25:38,979 DEBUG [LineInfo_to_exitCode.log_LineInfo] 2025-07-04 13:25:38,973 [INFO] ImportTextPane:167 - (OptionalMessage_ERROR) IP (MotorControl) : Invalid parameter (USART_SPEED)
2025-07-04 13:25:38,979 DEBUG [LineInfo_to_exitCode.log_LineInfo] 2025-07-04 13:25:38,973 [INFO] ImportTextPane:167 - (OptionalMessage_ERROR) IP (MotorControl) : Invalid parameter (USART_TX_GPIO_PIN)
2025-07-04 13:25:38,979 DEBUG [LineInfo_to_exitCode.log_LineInfo] 2025-07-04 13:25:38,973 [INFO] ImportTextPane:167 - (OptionalMessage_ERROR) IP (MotorControl) : Invalid parameter (USART_TX_GPIO_PORT)
2025-07-04 13:25:38,979 DEBUG [LineInfo_to_exitCode.log_LineInfo] 2025-07-04 13:25:38,974 [INFO] ImportTextPane:167 - (OptionalMessage_ERROR) IP (MotorControl) : Invalid parameter (USE_3OPAMPS)
2025-07-04 13:25:38,980 DEBUG [LineInfo_to_exitCode.log_LineInfo] 2025-07-04 13:25:38,974 [INFO] ImportTextPane:167 - (OptionalMessage_ERROR) IP (MotorControl) : Invalid parameter (USE_INTERNAL_OPAMP)
2025-07-04 13:25:38,980 DEBUG [LineInfo_to_exitCode.log_LineInfo] 2025-07-04 13:25:38,974 [INFO] ImportTextPane:167 - (OptionalMessage_ERROR) IP (MotorControl) : Invalid parameter (UV_VOLTAGE_PROT_ENABLING)
2025-07-04 13:25:38,980 DEBUG [LineInfo_to_exitCode.log_LineInfo] 2025-07-04 13:25:38,974 [INFO] ImportTextPane:167 - (OptionalMessage_ERROR) IP (MotorControl) : Invalid parameter (VBUS_ADC)
2025-07-04 13:25:38,980 DEBUG [LineInfo_to_exitCode.log_LineInfo] 2025-07-04 13:25:38,974 [INFO] ImportTextPane:167 - (OptionalMessage_ERROR) IP (MotorControl) : Invalid parameter (VBUS_ADC_SAMPLING_TIME)
2025-07-04 13:25:38,980 DEBUG [LineInfo_to_exitCode.log_LineInfo] 2025-07-04 13:25:38,974 [INFO] ImportTextPane:167 - (OptionalMessage_ERROR) IP (MotorControl) : Invalid parameter (VBUS_CHANNEL)
2025-07-04 13:25:38,980 DEBUG [LineInfo_to_exitCode.log_LineInfo] 2025-07-04 13:25:38,974 [INFO] ImportTextPane:167 - (OptionalMessage_ERROR) IP (MotorControl) : Invalid parameter (VBUS_GPIO_PIN)
2025-07-04 13:25:38,980 DEBUG [LineInfo_to_exitCode.log_LineInfo] 2025-07-04 13:25:38,975 [INFO] ImportTextPane:167 - (OptionalMessage_ERROR) IP (MotorControl) : Invalid parameter (VBUS_GPIO_PORT)
2025-07-04 13:25:38,982 DEBUG [LineInfo_to_exitCode.log_LineInfo] 2025-07-04 13:25:38,975 [INFO] ImportTextPane:167 - (OptionalMessage_ERROR) IP (MotorControl) : Invalid parameter (WB_to_Mx_template_version)
2025-07-04 13:25:38,982 DEBUG [LineInfo_to_exitCode.log_LineInfo] 2025-07-04 13:25:38,975 [INFO] ImportTextPane:167 - (OptionalMessage_ERROR) IP (MotorControl) : Invalid parameter (WB_to_Mx_version)
2025-07-04 13:25:38,983 DEBUG [LineInfo_to_exitCode.log_LineInfo] 2025-07-04 13:25:38,975 [INFO] ImportTextPane:167 - (OptionalMessage_ERROR) IP (MotorControl) : Invalid parameter (WB_UI_CUTOFF_FREQUENCY)
2025-07-04 13:25:38,983 DEBUG [LineInfo_to_exitCode.log_LineInfo] 2025-07-04 13:25:38,975 [INFO] ImportTextPane:167 - (OptionalMessage_ERROR) IP (MotorControl) : Invalid parameter (WB_UI_ENCODER_HAS_INDEX_PIN)
2025-07-04 13:25:38,983 DEBUG [LineInfo_to_exitCode.log_LineInfo] 2025-07-04 13:25:38,975 [INFO] ImportTextPane:167 - (OptionalMessage_ERROR) IP (MotorControl) : Invalid parameter (WB_UI_FLUX_TARGET)
2025-07-04 13:25:38,983 DEBUG [LineInfo_to_exitCode.log_LineInfo] 2025-07-04 13:25:38,975 [INFO] ImportTextPane:167 - (OptionalMessage_ERROR) IP (MotorControl) : Invalid parameter (WB_UI_FRICTION)
2025-07-04 13:25:38,983 DEBUG [LineInfo_to_exitCode.log_LineInfo] 2025-07-04 13:25:38,975 [INFO] ImportTextPane:167 - (OptionalMessage_ERROR) IP (MotorControl) : Invalid parameter (WB_UI_GAIN)
2025-07-04 13:25:38,983 DEBUG [LineInfo_to_exitCode.log_LineInfo] 2025-07-04 13:25:38,975 [INFO] ImportTextPane:167 - (OptionalMessage_ERROR) IP (MotorControl) : Invalid parameter (WB_UI_GAINLIST)
2025-07-04 13:25:38,983 DEBUG [LineInfo_to_exitCode.log_LineInfo] 2025-07-04 13:25:38,975 [INFO] ImportTextPane:167 - (OptionalMessage_ERROR) IP (MotorControl) : Invalid parameter (WB_UI_GON)
2025-07-04 13:25:38,983 DEBUG [LineInfo_to_exitCode.log_LineInfo] 2025-07-04 13:25:38,976 [INFO] ImportTextPane:167 - (OptionalMessage_ERROR) IP (MotorControl) : Invalid parameter (WB_UI_GOP)
2025-07-04 13:25:38,983 DEBUG [LineInfo_to_exitCode.log_LineInfo] 2025-07-04 13:25:38,976 [INFO] ImportTextPane:167 - (OptionalMessage_ERROR) IP (MotorControl) : Invalid parameter (WB_UI_INERTIA)
2025-07-04 13:25:38,984 DEBUG [LineInfo_to_exitCode.log_LineInfo] 2025-07-04 13:25:38,976 [INFO] ImportTextPane:167 - (OptionalMessage_ERROR) IP (MotorControl) : Invalid parameter (WB_UI_MAGNETIC_STRUCTURE)
2025-07-04 13:25:38,984 DEBUG [LineInfo_to_exitCode.log_LineInfo] 2025-07-04 13:25:38,976 [INFO] ImportTextPane:167 - (OptionalMessage_ERROR) IP (MotorControl) : Invalid parameter (WB_UI_MAX_CURRENT)
2025-07-04 13:25:38,984 DEBUG [LineInfo_to_exitCode.log_LineInfo] 2025-07-04 13:25:38,976 [INFO] ImportTextPane:167 - (OptionalMessage_ERROR) IP (MotorControl) : Invalid parameter (WB_UI_MAX_NOMINAL_DC_VOLTAGE)
2025-07-04 13:25:38,984 DEBUG [LineInfo_to_exitCode.log_LineInfo] 2025-07-04 13:25:38,976 [INFO] ImportTextPane:167 - (OptionalMessage_ERROR) IP (MotorControl) : Invalid parameter (WB_UI_MAX_PWMFREQUENCY)
2025-07-04 13:25:38,984 DEBUG [LineInfo_to_exitCode.log_LineInfo] 2025-07-04 13:25:38,976 [INFO] ImportTextPane:167 - (OptionalMessage_ERROR) IP (MotorControl) : Invalid parameter (WB_UI_MOTOR_DESCRIPTION)
2025-07-04 13:25:38,984 DEBUG [LineInfo_to_exitCode.log_LineInfo] 2025-07-04 13:25:38,976 [INFO] ImportTextPane:167 - (OptionalMessage_ERROR) IP (MotorControl) : Invalid parameter (WB_UI_PW_BOARD_MAX_RATED_CURRENT)
2025-07-04 13:25:38,984 DEBUG [LineInfo_to_exitCode.log_LineInfo] 2025-07-04 13:25:38,976 [INFO] ImportTextPane:167 - (OptionalMessage_ERROR) IP (MotorControl) : Invalid parameter (WB_UI_PW_BOARD_MAX_VOLTAGE)
2025-07-04 13:25:38,984 DEBUG [LineInfo_to_exitCode.log_LineInfo] 2025-07-04 13:25:38,976 [INFO] ImportTextPane:167 - (OptionalMessage_ERROR) IP (MotorControl) : Invalid parameter (WB_UI_PW_BOARD_MIN_VOLTAGE)
2025-07-04 13:25:38,984 DEBUG [LineInfo_to_exitCode.log_LineInfo] 2025-07-04 13:25:38,976 [INFO] ImportTextPane:167 - (OptionalMessage_ERROR) IP (MotorControl) : Invalid parameter (WB_UI_VPOL)
2025-07-04 13:25:38,985 DEBUG [LineInfo_to_exitCode.log_LineInfo] 2025-07-04 13:25:38,977 [INFO] ImportTextPane:167 - (OptionalMessage_ERROR) IP (MotorControl) : Invalid parameter (WB_UI_VPOL_K)
2025-07-04 13:25:38,988 DEBUG [LineInfo_to_exitCode.log_LineInfo] 2025-07-04 13:25:38,988 [INFO] ImportTextPane:167 - (OptionalMessage_ERROR) IP (RCC) : Invalid parameter (FamilyName)
2025-07-04 13:25:38,989 DEBUG [LineInfo_to_exitCode.log_LineInfo] 2025-07-04 13:25:38,989 [INFO] ImportTextPane:167 - (OptionalMessage_ERROR) IP (RCC) : Parameter (RNGFreq_Value) has invalid value (170000000)
2025-07-04 13:25:38,989 DEBUG [LineInfo_to_exitCode.log_LineInfo] 2025-07-04 13:25:38,989 [INFO] ImportTextPane:167 - (OptionalMessage_ERROR) IP (RCC) : Parameter (USBFreq_Value) has invalid value (170000000)
2025-07-04 13:25:39,028 DEBUG [LineInfo_to_exitCode.log_LineInfo] 2025-07-04 13:25:39,028 [INFO] ImportTextPane:167 - (OptionalMessage_ERROR) IP (TIM1) : Parameter (TIM_SlaveMode) has invalid value (TIM_SLAVEMODE_TRIGGER)
2025-07-04 13:25:39,036 DEBUG [LineInfo_to_exitCode.log_LineInfo] 2025-07-04 13:25:39,036 [INFO] ImportTextPane:167 - (OptionalMessage_ERROR) IP (TIM1) : Parameter (SourceBRKDigInputPolarity) has invalid value (TIM_BREAKINPUTSOURCE_POLARITY_LOW)
2025-07-04 13:25:39,037 DEBUG [LineInfo_to_exitCode.log_LineInfo] 2025-07-04 13:25:39,036 [INFO] ImportTextPane:167 - (OptionalMessage_ERROR) IP (TIM1) : Parameter (SourceBRK2DigInputPolarity) has invalid value (TIM_BREAKINPUTSOURCE_POLARITY_LOW)
2025-07-04 13:25:39,381 DEBUG [LineInfo_to_exitCode.log_LineInfo] 2025-07-04 13:25:39,381 [INFO] UtilMem:74 - End LoadConfig() Used Memory: 391678936 Bytes (521142272)
2025-07-04 13:25:39,384 DEBUG [LineInfo_to_exitCode.log_LineInfo] 2025-07-04 13:25:39,383 [INFO] DbMcusXml:100 - Load MCU database from C:\Program Files\STMicroelectronics\STM32Cube\STM32CubeMX\\db\/mcu/families.xml
2025-07-04 13:25:40,091 DEBUG [LineInfo_to_exitCode.log_LineInfo] 2025-07-04 13:25:40,090 [INFO] DbMcusJson:93 - JSON generation date=Tue Nov 16 21:47:54 IST 2021 (1637079474)
2025-07-04 13:25:40,932 DEBUG [LineInfo_to_exitCode.log_LineInfo] 2025-07-04 13:25:40,932 [INFO] DbMcus:175 - Found 1960 MCUs (1912 are supported by CubeMX, 1912 are visible in CubeMX)
2025-07-04 13:25:40,933 DEBUG [LineInfo_to_exitCode.log_LineInfo] 2025-07-04 13:25:40,933 [INFO] ApiDb:242 - User favorites file not found: C:\Users\Admin/.stm32cubemx/favorites.mcus.txt
2025-07-04 13:25:40,934 DEBUG [LineInfo_to_exitCode.log_LineInfo] 2025-07-04 13:25:40,933 [INFO] DbMcus:187 - Set 0 / 0 favorites MCUs
2025-07-04 13:25:40,938 DEBUG [LineInfo_to_exitCode.log_LineInfo] 2025-07-04 13:25:40,938 [INFO] ThirdParty:787 - entering critical section [change project]
2025-07-04 13:25:40,939 DEBUG [LineInfo_to_exitCode.log_LineInfo] 2025-07-04 13:25:40,938 [INFO] ThirdParty:977 - CMSIS Pack Vendor :STMicroelectronics X-CUBE-PM33A1 1.0.0
2025-07-04 13:25:40,939 DEBUG [LineInfo_to_exitCode.log_LineInfo] 2025-07-04 13:25:40,939 [INFO] ThirdParty:977 - CMSIS Pack Vendor :STMicroelectronics X-CUBE-AZRTOS-H7 3.3.0
2025-07-04 13:25:40,939 DEBUG [LineInfo_to_exitCode.log_LineInfo] 2025-07-04 13:25:40,939 [INFO] ThirdParty:977 - CMSIS Pack Vendor :STMicroelectronics X-CUBE-NFC9 1.0.0
2025-07-04 13:25:40,939 DEBUG [LineInfo_to_exitCode.log_LineInfo] 2025-07-04 13:25:40,939 [INFO] ThirdParty:977 - CMSIS Pack Vendor :STMicroelectronics USB_HOST 2.0.0
2025-07-04 13:25:40,939 DEBUG [LineInfo_to_exitCode.log_LineInfo] 2025-07-04 13:25:40,939 [INFO] ThirdParty:977 - CMSIS Pack Vendor :STMicroelectronics FP-SNS-MOTENVWB1 1.4.0
2025-07-04 13:25:40,939 DEBUG [LineInfo_to_exitCode.log_LineInfo] 2025-07-04 13:25:40,939 [INFO] ThirdParty:977 - CMSIS Pack Vendor :STMicroelectronics X-CUBE-AZRTOS-F4 1.1.0
2025-07-04 13:25:40,940 DEBUG [LineInfo_to_exitCode.log_LineInfo] 2025-07-04 13:25:40,939 [INFO] ThirdParty:977 - CMSIS Pack Vendor :STMicroelectronics LIBJPEG 8.0.0
2025-07-04 13:25:40,940 DEBUG [LineInfo_to_exitCode.log_LineInfo] 2025-07-04 13:25:40,939 [INFO] ThirdParty:977 - CMSIS Pack Vendor :STMicroelectronics FP-ATR-ASTRA1 2.0.2
2025-07-04 13:25:40,940 DEBUG [LineInfo_to_exitCode.log_LineInfo] 2025-07-04 13:25:40,939 [INFO] ThirdParty:977 - CMSIS Pack Vendor :STMicroelectronics X-CUBE-BLE1 7.1.0
2025-07-04 13:25:40,940 DEBUG [LineInfo_to_exitCode.log_LineInfo] 2025-07-04 13:25:40,939 [INFO] ThirdParty:977 - CMSIS Pack Vendor :STMicroelectronics X-CUBE-SMBUS 2.1.0
2025-07-04 13:25:40,940 DEBUG [LineInfo_to_exitCode.log_LineInfo] 2025-07-04 13:25:40,939 [INFO] ThirdParty:977 - CMSIS Pack Vendor :STMicroelectronics X-CUBE-WB05N 1.1.0
2025-07-04 13:25:40,940 DEBUG [LineInfo_to_exitCode.log_LineInfo] 2025-07-04 13:25:40,939 [INFO] ThirdParty:977 - CMSIS Pack Vendor :wolfSSL I-CUBE-wolfMQTT 1.19.2
2025-07-04 13:25:40,940 DEBUG [LineInfo_to_exitCode.log_LineInfo] 2025-07-04 13:25:40,939 [INFO] ThirdParty:977 - CMSIS Pack Vendor :STMicroelectronics USB_DEVICE 3.0.0
2025-07-04 13:25:40,941 DEBUG [LineInfo_to_exitCode.log_LineInfo] 2025-07-04 13:25:40,939 [INFO] ThirdParty:977 - CMSIS Pack Vendor :STMicroelectronics X-CUBE-ISPU 2.1.0
2025-07-04 13:25:40,941 DEBUG [LineInfo_to_exitCode.log_LineInfo] 2025-07-04 13:25:40,939 [INFO] ThirdParty:977 - CMSIS Pack Vendor :STMicroelectronics X-CUBE-AZRTOS-WB 2.0.0
2025-07-04 13:25:40,941 DEBUG [LineInfo_to_exitCode.log_LineInfo] 2025-07-04 13:25:40,939 [INFO] ThirdParty:977 - CMSIS Pack Vendor :STMicroelectronics X-CUBE-GNSS1 7.0.1
2025-07-04 13:25:40,941 DEBUG [LineInfo_to_exitCode.log_LineInfo] 2025-07-04 13:25:40,939 [INFO] ThirdParty:977 - CMSIS Pack Vendor :STMicroelectronics X-CUBE-AZRTOS-F7 1.1.0
2025-07-04 13:25:40,941 DEBUG [LineInfo_to_exitCode.log_LineInfo] 2025-07-04 13:25:40,939 [INFO] ThirdParty:977 - CMSIS Pack Vendor :STMicroelectronics X-CUBE-AZRTOS-L5 2.0.0
2025-07-04 13:25:40,941 DEBUG [LineInfo_to_exitCode.log_LineInfo] 2025-07-04 13:25:40,939 [INFO] ThirdParty:977 - CMSIS Pack Vendor :STMicroelectronics X-CUBE-TOUCHGFX 4.25.0
2025-07-04 13:25:40,941 DEBUG [LineInfo_to_exitCode.log_LineInfo] 2025-07-04 13:25:40,939 [INFO] ThirdParty:977 - CMSIS Pack Vendor :STMicroelectronics USB_DEVICE 2.0.0
2025-07-04 13:25:40,941 DEBUG [LineInfo_to_exitCode.log_LineInfo] 2025-07-04 13:25:40,939 [INFO] ThirdParty:977 - CMSIS Pack Vendor :STMicroelectronics X-CUBE-NFC6 3.1.0
2025-07-04 13:25:40,942 DEBUG [LineInfo_to_exitCode.log_LineInfo] 2025-07-04 13:25:40,940 [INFO] ThirdParty:977 - CMSIS Pack Vendor :STMicroelectronics X-CUBE-AI 10.1.0
2025-07-04 13:25:40,942 DEBUG [LineInfo_to_exitCode.log_LineInfo] 2025-07-04 13:25:40,940 [INFO] ThirdParty:977 - CMSIS Pack Vendor :STMicroelectronics X-CUBE-MEMS1 11.2.0
2025-07-04 13:25:40,942 DEBUG [LineInfo_to_exitCode.log_LineInfo] 2025-07-04 13:25:40,940 [INFO] ThirdParty:977 - CMSIS Pack Vendor :STMicroelectronics FreeRTOS 0.0.1
2025-07-04 13:25:40,942 DEBUG [LineInfo_to_exitCode.log_LineInfo] 2025-07-04 13:25:40,940 [INFO] ThirdParty:977 - CMSIS Pack Vendor :STMicroelectronics X-CUBE-AZRTOS-G0 1.1.0
2025-07-04 13:25:40,942 DEBUG [LineInfo_to_exitCode.log_LineInfo] 2025-07-04 13:25:40,940 [INFO] ThirdParty:977 - CMSIS Pack Vendor :STMicroelectronics X-CUBE-SAFEA1 1.2.2
2025-07-04 13:25:40,942 DEBUG [LineInfo_to_exitCode.log_LineInfo] 2025-07-04 13:25:40,940 [INFO] ThirdParty:977 - CMSIS Pack Vendor :STMicroelectronics X-CUBE-NFC4 3.0.0
2025-07-04 13:25:40,942 DEBUG [LineInfo_to_exitCode.log_LineInfo] 2025-07-04 13:25:40,940 [INFO] ThirdParty:977 - CMSIS Pack Vendor :STMicroelectronics X-CUBE-SUBG2 5.0.0
2025-07-04 13:25:40,942 DEBUG [LineInfo_to_exitCode.log_LineInfo] 2025-07-04 13:25:40,940 [INFO] ThirdParty:977 - CMSIS Pack Vendor :STMicroelectronics X-CUBE-AZRTOS-H7RS 1.1.0
2025-07-04 13:25:40,943 DEBUG [LineInfo_to_exitCode.log_LineInfo] 2025-07-04 13:25:40,940 [INFO] ThirdParty:977 - CMSIS Pack Vendor :STMicroelectronics STM32_WPAN 1.0.0
2025-07-04 13:25:40,943 DEBUG [LineInfo_to_exitCode.log_LineInfo] 2025-07-04 13:25:40,940 [INFO] ThirdParty:977 - CMSIS Pack Vendor :STMicroelectronics lwIP 2.0.3
2025-07-04 13:25:40,943 DEBUG [LineInfo_to_exitCode.log_LineInfo] 2025-07-04 13:25:40,940 [INFO] ThirdParty:977 - CMSIS Pack Vendor :STMicroelectronics FP-SNS-FLIGHT1 5.0.2
2025-07-04 13:25:40,943 DEBUG [LineInfo_to_exitCode.log_LineInfo] 2025-07-04 13:25:40,940 [INFO] ThirdParty:977 - CMSIS Pack Vendor :Cesanta I-CUBE-Mongoose 7.13.0
2025-07-04 13:25:40,943 DEBUG [LineInfo_to_exitCode.log_LineInfo] 2025-07-04 13:25:40,941 [INFO] ThirdParty:977 - CMSIS Pack Vendor :STMicroelectronics USB_HOST 1.0.0
2025-07-04 13:25:40,943 DEBUG [LineInfo_to_exitCode.log_LineInfo] 2025-07-04 13:25:40,941 [INFO] ThirdParty:977 - CMSIS Pack Vendor :STMicroelectronics X-CUBE-AZRTOS-G4 2.0.0
2025-07-04 13:25:40,943 DEBUG [LineInfo_to_exitCode.log_LineInfo] 2025-07-04 13:25:40,941 [INFO] ThirdParty:977 - CMSIS Pack Vendor :STMicroelectronics X-CUBE-WB05N 2.0.0
2025-07-04 13:25:40,943 DEBUG [LineInfo_to_exitCode.log_LineInfo] 2025-07-04 13:25:40,941 [INFO] ThirdParty:977 - CMSIS Pack Vendor :STMicroelectronics PDM2PCM 3.1.0
2025-07-04 13:25:40,944 DEBUG [LineInfo_to_exitCode.log_LineInfo] 2025-07-04 13:25:40,941 [INFO] ThirdParty:977 - CMSIS Pack Vendor :STMicroelectronics PDM2PCM 3.3.0
2025-07-04 13:25:40,944 DEBUG [LineInfo_to_exitCode.log_LineInfo] 2025-07-04 13:25:40,941 [INFO] ThirdParty:977 - CMSIS Pack Vendor :wolfSSL I-CUBE-wolfTPM 3.8.0
2025-07-04 13:25:40,944 DEBUG [LineInfo_to_exitCode.log_LineInfo] 2025-07-04 13:25:40,941 [INFO] ThirdParty:977 - CMSIS Pack Vendor :STMicroelectronics X-CUBE-DISPLAY 3.0.0
2025-07-04 13:25:40,944 DEBUG [LineInfo_to_exitCode.log_LineInfo] 2025-07-04 13:25:40,941 [INFO] ThirdParty:977 - CMSIS Pack Vendor :wolfSSL I-CUBE-wolfSSH 1.4.20
2025-07-04 13:25:40,944 DEBUG [LineInfo_to_exitCode.log_LineInfo] 2025-07-04 13:25:40,941 [INFO] ThirdParty:977 - CMSIS Pack Vendor :STMicroelectronics X-CUBE-NFC7 2.0.0
2025-07-04 13:25:40,944 DEBUG [LineInfo_to_exitCode.log_LineInfo] 2025-07-04 13:25:40,941 [INFO] ThirdParty:977 - CMSIS Pack Vendor :STMicroelectronics FP-ATR-SIGFOX1 3.2.0
2025-07-04 13:25:40,944 DEBUG [LineInfo_to_exitCode.log_LineInfo] 2025-07-04 13:25:40,941 [INFO] ThirdParty:977 - CMSIS Pack Vendor :STMicroelectronics X-CUBE-NFC10 1.0.0
2025-07-04 13:25:40,945 DEBUG [LineInfo_to_exitCode.log_LineInfo] 2025-07-04 13:25:40,941 [INFO] ThirdParty:977 - CMSIS Pack Vendor :STMicroelectronics X-CUBE-EEPRMA1 5.1.0
2025-07-04 13:25:40,945 DEBUG [LineInfo_to_exitCode.log_LineInfo] 2025-07-04 13:25:40,941 [INFO] ThirdParty:977 - CMSIS Pack Vendor :STMicroelectronics X-CUBE-FREERTOS 1.3.1
2025-07-04 13:25:40,945 DEBUG [LineInfo_to_exitCode.log_LineInfo] 2025-07-04 13:25:40,941 [INFO] ThirdParty:977 - CMSIS Pack Vendor :STMicroelectronics HAL Drivers 0.0.0
2025-07-04 13:25:40,945 DEBUG [LineInfo_to_exitCode.log_LineInfo] 2025-07-04 13:25:40,941 [INFO] ThirdParty:977 - CMSIS Pack Vendor :STMicroelectronics MBEDTLS 2.16.2
2025-07-04 13:25:40,945 DEBUG [LineInfo_to_exitCode.log_LineInfo] 2025-07-04 13:25:40,941 [INFO] ThirdParty:977 - CMSIS Pack Vendor :STMicroelectronics X-CUBE-ALS 1.0.2
2025-07-04 13:25:40,945 DEBUG [LineInfo_to_exitCode.log_LineInfo] 2025-07-04 13:25:40,941 [INFO] ThirdParty:977 - CMSIS Pack Vendor :emotas I-CUBE-CANOPEN 1.3.0
2025-07-04 13:25:40,945 DEBUG [LineInfo_to_exitCode.log_LineInfo] 2025-07-04 13:25:40,942 [INFO] ThirdParty:977 - CMSIS Pack Vendor :STMicroelectronics X-CUBE-FREERTOS 1.3.0
2025-07-04 13:25:40,945 DEBUG [LineInfo_to_exitCode.log_LineInfo] 2025-07-04 13:25:40,942 [INFO] ThirdParty:977 - CMSIS Pack Vendor :STMicroelectronics X-CUBE-NFC7 1.0.1
2025-07-04 13:25:40,946 DEBUG [LineInfo_to_exitCode.log_LineInfo] 2025-07-04 13:25:40,942 [INFO] ThirdParty:977 - CMSIS Pack Vendor :STMicroelectronics MBEDTLS 2.14.1
2025-07-04 13:25:40,946 DEBUG [LineInfo_to_exitCode.log_LineInfo] 2025-07-04 13:25:40,942 [INFO] ThirdParty:977 - CMSIS Pack Vendor :wolfSSL I-CUBE-wolfSSL 5.7.6
2025-07-04 13:25:40,946 DEBUG [LineInfo_to_exitCode.log_LineInfo] 2025-07-04 13:25:40,942 [INFO] ThirdParty:977 - CMSIS Pack Vendor :ITTIA_DB I-CUBE-ITTIADB 8.9.0
2025-07-04 13:25:40,946 DEBUG [LineInfo_to_exitCode.log_LineInfo] 2025-07-04 13:25:40,942 [INFO] ThirdParty:977 - CMSIS Pack Vendor :STMicroelectronics X-CUBE-TOUCHGFX 4.24.2
2025-07-04 13:25:40,946 DEBUG [LineInfo_to_exitCode.log_LineInfo] 2025-07-04 13:25:40,942 [INFO] ThirdParty:977 - CMSIS Pack Vendor :portGmbH I-Cube-SoM-uGOAL 1.1.0
2025-07-04 13:25:40,946 DEBUG [LineInfo_to_exitCode.log_LineInfo] 2025-07-04 13:25:40,942 [INFO] ThirdParty:977 - CMSIS Pack Vendor :STMicroelectronics X-CUBE-AI 10.0.0
2025-07-04 13:25:40,946 DEBUG [LineInfo_to_exitCode.log_LineInfo] 2025-07-04 13:25:40,942 [INFO] ThirdParty:977 - CMSIS Pack Vendor :STMicroelectronics ThreadX 1.0.0
2025-07-04 13:25:40,946 DEBUG [LineInfo_to_exitCode.log_LineInfo] 2025-07-04 13:25:40,942 [INFO] ThirdParty:977 - CMSIS Pack Vendor :STMicroelectronics FP-SNS-SMARTAG2 1.2.0
2025-07-04 13:25:40,946 DEBUG [LineInfo_to_exitCode.log_LineInfo] 2025-07-04 13:25:40,942 [INFO] ThirdParty:977 - CMSIS Pack Vendor :STMicroelectronics X-CUBE-MEMS1 11.1.0
2025-07-04 13:25:40,946 DEBUG [LineInfo_to_exitCode.log_LineInfo] 2025-07-04 13:25:40,942 [INFO] ThirdParty:977 - CMSIS Pack Vendor :STMicroelectronics X-CUBE-AZRTOS-WL 2.0.0
2025-07-04 13:25:40,946 DEBUG [LineInfo_to_exitCode.log_LineInfo] 2025-07-04 13:25:40,942 [INFO] ThirdParty:977 - CMSIS Pack Vendor :SEGGER I-CUBE-embOS 1.3.1
2025-07-04 13:25:40,948 DEBUG [LineInfo_to_exitCode.log_LineInfo] 2025-07-04 13:25:40,942 [INFO] ThirdParty:977 - CMSIS Pack Vendor :STMicroelectronics X-CUBE-ALGOBUILD 1.4.0
2025-07-04 13:25:40,948 DEBUG [LineInfo_to_exitCode.log_LineInfo] 2025-07-04 13:25:40,942 [INFO] ThirdParty:977 - CMSIS Pack Vendor :STMicroelectronics X-CUBE-MEMS1 11.3.0
2025-07-04 13:25:40,948 DEBUG [LineInfo_to_exitCode.log_LineInfo] 2025-07-04 13:25:40,942 [INFO] ThirdParty:977 - CMSIS Pack Vendor :STMicroelectronics FP-SNS-MOTENV1 5.0.0
2025-07-04 13:25:40,948 DEBUG [LineInfo_to_exitCode.log_LineInfo] 2025-07-04 13:25:40,942 [INFO] ThirdParty:977 - CMSIS Pack Vendor :STMicroelectronics USB_DEVICE 1.0.0
2025-07-04 13:25:40,948 DEBUG [LineInfo_to_exitCode.log_LineInfo] 2025-07-04 13:25:40,942 [INFO] ThirdParty:977 - CMSIS Pack Vendor :STMicroelectronics X-CUBE-AZRTOS-H7RS 1.0.0
2025-07-04 13:25:40,948 DEBUG [LineInfo_to_exitCode.log_LineInfo] 2025-07-04 13:25:40,942 [INFO] ThirdParty:977 - CMSIS Pack Vendor :STMicroelectronics X-CUBE-AZRTOS-L4 2.0.0
2025-07-04 13:25:40,948 DEBUG [LineInfo_to_exitCode.log_LineInfo] 2025-07-04 13:25:40,942 [INFO] ThirdParty:977 - CMSIS Pack Vendor :STMicroelectronics ThreadX 0.0.2
2025-07-04 13:25:40,948 DEBUG [LineInfo_to_exitCode.log_LineInfo] 2025-07-04 13:25:40,942 [INFO] ThirdParty:977 - CMSIS Pack Vendor :WES I-CUBE-Cesium 1.3.0
2025-07-04 13:25:40,948 DEBUG [LineInfo_to_exitCode.log_LineInfo] 2025-07-04 13:25:40,942 [INFO] ThirdParty:977 - CMSIS Pack Vendor :STMicroelectronics lwIP 2.1.2
2025-07-04 13:25:40,949 DEBUG [LineInfo_to_exitCode.log_LineInfo] 2025-07-04 13:25:40,943 [INFO] ThirdParty:977 - CMSIS Pack Vendor :STMicroelectronics X-CUBE-SFXS2LP1 4.0.0
2025-07-04 13:25:40,949 DEBUG [LineInfo_to_exitCode.log_LineInfo] 2025-07-04 13:25:40,943 [INFO] ThirdParty:977 - CMSIS Pack Vendor :STMicroelectronics X-CUBE-BLE2 3.3.0
2025-07-04 13:25:40,949 DEBUG [LineInfo_to_exitCode.log_LineInfo] 2025-07-04 13:25:40,943 [INFO] ThirdParty:977 - CMSIS Pack Vendor :STMicroelectronics PDM2PCM 3.2.0
2025-07-04 13:25:40,949 DEBUG [LineInfo_to_exitCode.log_LineInfo] 2025-07-04 13:25:40,943 [INFO] ThirdParty:793 - exiting critical section [change project]
2025-07-04 13:25:41,446 DEBUG [LineInfo_to_exitCode.log_LineInfo] 2025-07-04 13:25:41,446 [INFO] PinOutPanel:1463 - setPackage(No Configuration,No Configuration)
2025-07-04 13:25:41,447 DEBUG [LineInfo_to_exitCode.log_LineInfo] 2025-07-04 13:25:41,447 [INFO] PinOutPanel:1463 - setPackage(STM32G431CBUx,UFQFPN48)
2025-07-04 13:25:42,053 DEBUG [LineInfo_to_exitCode.log_LineInfo] 2025-07-04 13:25:42,052 [INFO] UtilMem:74 - Before build in PCC Used Memory: 527638112 Bytes (725614592)
2025-07-04 13:25:42,948 DEBUG [LineInfo_to_exitCode.log_LineInfo] 2025-07-04 13:25:42,948 [INFO] UtilMem:74 - After build in PCC Used Memory: 421011472 Bytes (725614592)
2025-07-04 13:25:43,080 DEBUG [LineInfo_to_exitCode.log_LineInfo] 2025-07-04 13:25:43,079 [INFO] ApiDbMcu:488 - Load IP Config File for MotorControl
2025-07-04 13:25:43,124 DEBUG [LineInfo_to_exitCode.log_LineInfo] 2025-07-04 13:25:43,124 [INFO] IPUIPlugin:74 - create IPUIPlugin
2025-07-04 13:25:43,124 DEBUG [LineInfo_to_exitCode.log_LineInfo] 2025-07-04 13:25:43,124 [INFO] IPUIPlugin:74 - create IPUIPlugin
2025-07-04 13:25:43,125 DEBUG [LineInfo_to_exitCode.log_LineInfo] 2025-07-04 13:25:43,124 [INFO] IPUIPlugin:74 - create IPUIPlugin
2025-07-04 13:25:43,125 DEBUG [LineInfo_to_exitCode.log_LineInfo] 2025-07-04 13:25:43,124 [INFO] IPUIPlugin:74 - create IPUIPlugin
2025-07-04 13:25:43,125 DEBUG [LineInfo_to_exitCode.log_LineInfo] 2025-07-04 13:25:43,124 [INFO] IPUIPlugin:74 - create IPUIPlugin
2025-07-04 13:25:43,125 DEBUG [LineInfo_to_exitCode.log_LineInfo] 2025-07-04 13:25:43,124 [INFO] IPUIPlugin:74 - create IPUIPlugin
2025-07-04 13:25:43,125 DEBUG [LineInfo_to_exitCode.log_LineInfo] 2025-07-04 13:25:43,125 [INFO] IPUIPlugin:74 - create IPUIPlugin
2025-07-04 13:25:43,125 DEBUG [LineInfo_to_exitCode.log_LineInfo] 2025-07-04 13:25:43,125 [INFO] IPUIPlugin:74 - create IPUIPlugin
2025-07-04 13:25:43,126 DEBUG [LineInfo_to_exitCode.log_LineInfo] 2025-07-04 13:25:43,125 [INFO] IPUIPlugin:74 - create IPUIPlugin
2025-07-04 13:25:43,126 DEBUG [LineInfo_to_exitCode.log_LineInfo] 2025-07-04 13:25:43,126 [INFO] IPUIPlugin:74 - create IPUIPlugin
2025-07-04 13:25:43,126 DEBUG [LineInfo_to_exitCode.log_LineInfo] 2025-07-04 13:25:43,126 [INFO] IPUIPlugin:74 - create IPUIPlugin
2025-07-04 13:25:43,126 DEBUG [LineInfo_to_exitCode.log_LineInfo] 2025-07-04 13:25:43,126 [INFO] IPUIPlugin:74 - create IPUIPlugin
2025-07-04 13:25:43,126 DEBUG [LineInfo_to_exitCode.log_LineInfo] 2025-07-04 13:25:43,126 [INFO] IPUIPlugin:74 - create IPUIPlugin
2025-07-04 13:25:43,128 DEBUG [LineInfo_to_exitCode.log_LineInfo] 2025-07-04 13:25:43,128 [INFO] IPUIPlugin:74 - create IPUIPlugin
2025-07-04 13:25:43,128 DEBUG [LineInfo_to_exitCode.log_LineInfo] 2025-07-04 13:25:43,128 [INFO] IPUIPlugin:74 - create IPUIPlugin
2025-07-04 13:25:43,128 DEBUG [LineInfo_to_exitCode.log_LineInfo] 2025-07-04 13:25:43,128 [INFO] IPUIPlugin:74 - create IPUIPlugin
2025-07-04 13:25:43,128 DEBUG [LineInfo_to_exitCode.log_LineInfo] 2025-07-04 13:25:43,128 [INFO] IPUIPlugin:74 - create IPUIPlugin
2025-07-04 13:25:43,129 DEBUG [LineInfo_to_exitCode.log_LineInfo] 2025-07-04 13:25:43,128 [INFO] IPUIPlugin:74 - create IPUIPlugin
2025-07-04 13:25:43,129 DEBUG [LineInfo_to_exitCode.log_LineInfo] 2025-07-04 13:25:43,129 [INFO] IPUIPlugin:74 - create IPUIPlugin
2025-07-04 13:25:43,129 DEBUG [LineInfo_to_exitCode.log_LineInfo] 2025-07-04 13:25:43,129 [INFO] IPUIPlugin:74 - create IPUIPlugin
2025-07-04 13:25:43,129 DEBUG [LineInfo_to_exitCode.log_LineInfo] 2025-07-04 13:25:43,129 [INFO] IPUIPlugin:74 - create IPUIPlugin
2025-07-04 13:25:43,129 DEBUG [LineInfo_to_exitCode.log_LineInfo] 2025-07-04 13:25:43,129 [INFO] IPUIPlugin:74 - create IPUIPlugin
2025-07-04 13:25:43,130 DEBUG [LineInfo_to_exitCode.log_LineInfo] 2025-07-04 13:25:43,130 [INFO] IPUIPlugin:74 - create IPUIPlugin
2025-07-04 13:25:43,130 DEBUG [LineInfo_to_exitCode.log_LineInfo] 2025-07-04 13:25:43,130 [INFO] IPUIPlugin:74 - create IPUIPlugin
2025-07-04 13:25:43,130 DEBUG [LineInfo_to_exitCode.log_LineInfo] 2025-07-04 13:25:43,130 [INFO] IPUIPlugin:74 - create IPUIPlugin
2025-07-04 13:25:43,130 DEBUG [LineInfo_to_exitCode.log_LineInfo] 2025-07-04 13:25:43,130 [INFO] IPUIPlugin:74 - create IPUIPlugin
2025-07-04 13:25:43,131 DEBUG [LineInfo_to_exitCode.log_LineInfo] 2025-07-04 13:25:43,131 [INFO] IPUIPlugin:74 - create IPUIPlugin
2025-07-04 13:25:43,131 DEBUG [LineInfo_to_exitCode.log_LineInfo] 2025-07-04 13:25:43,131 [INFO] IPUIPlugin:74 - create IPUIPlugin
2025-07-04 13:25:43,131 DEBUG [LineInfo_to_exitCode.log_LineInfo] 2025-07-04 13:25:43,131 [INFO] IPUIPlugin:74 - create IPUIPlugin
2025-07-04 13:25:43,131 DEBUG [LineInfo_to_exitCode.log_LineInfo] 2025-07-04 13:25:43,131 [INFO] IPUIPlugin:74 - create IPUIPlugin
2025-07-04 13:25:43,132 DEBUG [LineInfo_to_exitCode.log_LineInfo] 2025-07-04 13:25:43,131 [INFO] IPUIPlugin:74 - create IPUIPlugin
2025-07-04 13:25:43,132 DEBUG [LineInfo_to_exitCode.log_LineInfo] 2025-07-04 13:25:43,132 [INFO] IPUIPlugin:74 - create IPUIPlugin
2025-07-04 13:25:43,132 DEBUG [LineInfo_to_exitCode.log_LineInfo] 2025-07-04 13:25:43,132 [INFO] IPUIPlugin:74 - create IPUIPlugin
2025-07-04 13:25:43,133 DEBUG [LineInfo_to_exitCode.log_LineInfo] 2025-07-04 13:25:43,132 [INFO] IPUIPlugin:74 - create IPUIPlugin
2025-07-04 13:25:43,133 DEBUG [LineInfo_to_exitCode.log_LineInfo] 2025-07-04 13:25:43,133 [INFO] IPUIPlugin:74 - create IPUIPlugin
2025-07-04 13:25:43,133 DEBUG [LineInfo_to_exitCode.log_LineInfo] 2025-07-04 13:25:43,133 [INFO] IPUIPlugin:74 - create IPUIPlugin
2025-07-04 13:25:43,134 DEBUG [LineInfo_to_exitCode.log_LineInfo] 2025-07-04 13:25:43,133 [INFO] IPUIPlugin:74 - create IPUIPlugin
2025-07-04 13:25:43,134 DEBUG [LineInfo_to_exitCode.log_LineInfo] 2025-07-04 13:25:43,134 [INFO] IPUIPlugin:74 - create IPUIPlugin
2025-07-04 13:25:43,135 DEBUG [LineInfo_to_exitCode.log_LineInfo] 2025-07-04 13:25:43,135 [INFO] IPUIPlugin:74 - create IPUIPlugin
2025-07-04 13:25:43,136 DEBUG [LineInfo_to_exitCode.log_LineInfo] 2025-07-04 13:25:43,135 [INFO] IPUIPlugin:74 - create IPUIPlugin
2025-07-04 13:25:43,136 DEBUG [LineInfo_to_exitCode.log_LineInfo] 2025-07-04 13:25:43,136 [INFO] IPUIPlugin:74 - create IPUIPlugin
2025-07-04 13:25:43,136 DEBUG [LineInfo_to_exitCode.log_LineInfo] 2025-07-04 13:25:43,136 [INFO] IPUIPlugin:74 - create IPUIPlugin
2025-07-04 13:25:43,136 DEBUG [LineInfo_to_exitCode.log_LineInfo] 2025-07-04 13:25:43,136 [INFO] IPUIPlugin:74 - create IPUIPlugin
2025-07-04 13:25:43,137 DEBUG [LineInfo_to_exitCode.log_LineInfo] 2025-07-04 13:25:43,136 [INFO] IPUIPlugin:74 - create IPUIPlugin
2025-07-04 13:25:43,137 DEBUG [LineInfo_to_exitCode.log_LineInfo] 2025-07-04 13:25:43,137 [INFO] IPUIPlugin:74 - create IPUIPlugin
2025-07-04 13:25:43,137 DEBUG [LineInfo_to_exitCode.log_LineInfo] 2025-07-04 13:25:43,137 [INFO] IPUIPlugin:74 - create IPUIPlugin
2025-07-04 13:25:43,137 DEBUG [LineInfo_to_exitCode.log_LineInfo] 2025-07-04 13:25:43,137 [INFO] IPUIPlugin:74 - create IPUIPlugin
2025-07-04 13:25:43,138 DEBUG [LineInfo_to_exitCode.log_LineInfo] 2025-07-04 13:25:43,137 [INFO] IPUIPlugin:74 - create IPUIPlugin
2025-07-04 13:25:43,138 DEBUG [LineInfo_to_exitCode.log_LineInfo] 2025-07-04 13:25:43,138 [INFO] IPUIPlugin:74 - create IPUIPlugin
2025-07-04 13:25:43,138 DEBUG [LineInfo_to_exitCode.log_LineInfo] 2025-07-04 13:25:43,138 [INFO] IPUIPlugin:74 - create IPUIPlugin
2025-07-04 13:25:43,138 DEBUG [LineInfo_to_exitCode.log_LineInfo] 2025-07-04 13:25:43,138 [INFO] IPUIPlugin:74 - create IPUIPlugin
2025-07-04 13:25:43,139 DEBUG [LineInfo_to_exitCode.log_LineInfo] 2025-07-04 13:25:43,139 [INFO] IPUIPlugin:74 - create IPUIPlugin
2025-07-04 13:25:43,139 DEBUG [LineInfo_to_exitCode.log_LineInfo] 2025-07-04 13:25:43,139 [INFO] IPUIPlugin:74 - create IPUIPlugin
2025-07-04 13:25:43,140 DEBUG [LineInfo_to_exitCode.log_LineInfo] 2025-07-04 13:25:43,139 [INFO] IPUIPlugin:74 - create IPUIPlugin
2025-07-04 13:25:43,140 DEBUG [LineInfo_to_exitCode.log_LineInfo] 2025-07-04 13:25:43,140 [INFO] IPUIPlugin:74 - create IPUIPlugin
2025-07-04 13:25:43,141 DEBUG [LineInfo_to_exitCode.log_LineInfo] 2025-07-04 13:25:43,140 [INFO] IPUIPlugin:74 - create IPUIPlugin
2025-07-04 13:25:43,141 DEBUG [LineInfo_to_exitCode.log_LineInfo] 2025-07-04 13:25:43,141 [INFO] IPUIPlugin:74 - create IPUIPlugin
2025-07-04 13:25:43,142 DEBUG [LineInfo_to_exitCode.log_LineInfo] 2025-07-04 13:25:43,142 [INFO] IPUIPlugin:74 - create IPUIPlugin
2025-07-04 13:25:43,915 DEBUG [LineInfo_to_exitCode.log_LineInfo] 2025-07-04 13:25:43,915 [INFO] OpenFileManager:333 - Restore cursor
2025-07-04 13:25:54,543 DEBUG [IOCDialogController.lambda$onClose$8] IOCGenerationDialog exists with return code 1
2025-07-04 13:26:46,470 DEBUG [WB_to_MX.lambda$run_gui_mode$0] Arguments: [-mx_timeout, -1, -pack, assets/MotorControlPack/MotorControl.zip, -exp, templates/wb-defines_where_and_what.txt, -ftl, templates/wb_ioc_template.ftl, -xdm, D:\Comrado\ESC_BMS_Project\ALL DOCS\ALL DOCS\ESC\STM_B_G431_ESC\Comarado_ESC_v2\Comarado_ESC_v2.wbdef, -ioc, D:\Comrado\ESC_BMS_Project\ALL DOCS\ALL DOCS\ESC\STM_B_G431_ESC\Comarado_ESC_v2\Comarado_ESC_v2.ioc]
2025-07-04 13:26:46,471 DEBUG [ArgsValue.lambda$retrieve$2] CLI_ARG[ftl]: templates/wb_ioc_template.ftl
2025-07-04 13:26:46,471 DEBUG [ArgsValue.lambda$retrieve$2] CLI_ARG[exp]: templates/wb-defines_where_and_what.txt
2025-07-04 13:26:46,471 DEBUG [ArgsValue.lambda$retrieve$2] CLI_ARG[xdm]: D:\Comrado\ESC_BMS_Project\ALL DOCS\ALL DOCS\ESC\STM_B_G431_ESC\Comarado_ESC_v2\Comarado_ESC_v2.wbdef
2025-07-04 13:26:46,471 DEBUG [ArgsValue.lambda$retrieve$2] CLI_ARG[ioc]: D:\Comrado\ESC_BMS_Project\ALL DOCS\ALL DOCS\ESC\STM_B_G431_ESC\Comarado_ESC_v2\Comarado_ESC_v2.ioc
2025-07-04 13:26:46,472 DEBUG [ArgsValue.lambda$retrieve$2] CLI_ARG[pack]: assets/MotorControlPack/MotorControl.zip
2025-07-04 13:26:46,472 DEBUG [ArgsValue.lambda$retrieve$2] CLI_ARG[mx_timeout]: -1
2025-07-04 13:26:46,472 DEBUG [ArgsValue.retrieve] {xdm=D:\Comrado\ESC_BMS_Project\ALL DOCS\ALL DOCS\ESC\STM_B_G431_ESC\Comarado_ESC_v2\Comarado_ESC_v2.wbdef, updftl=templates/wb_ioc_mc-middleware.ftl, mx_timeout=-1, exp=templates/wb-defines_where_and_what.txt, ioc=D:\Comrado\ESC_BMS_Project\ALL DOCS\ALL DOCS\ESC\STM_B_G431_ESC\Comarado_ESC_v2\Comarado_ESC_v2.ioc, pack=assets/MotorControlPack/MotorControl.zip, ftl=templates/wb_ioc_template.ftl}
2025-07-04 13:26:46,472 DEBUG [WB_to_MX.run] Targeted MCU family = G4
2025-07-04 13:26:46,472 DEBUG [WB_to_MX.run] Minimum associated CubeMx to the `6.0.0-a0` targeted MCU family is `G4`
2025-07-04 13:26:49,095 DEBUG [EnvironmentChecker.checkPack] STM32CubeMX.Version: 6.4.0-RC4
2025-07-04 13:26:49,097 DEBUG [RetrieveFirmwareVersion.from_zip] Trying to read Firmware version from zipped version Pack: C:\Program Files (x86)\STMicroelectronics\MC_SDK_6.3.2\Utilities\PC_Software\STMCWB\assets\MotorControlPack\MotorControl.zip
2025-07-04 13:26:49,116 DEBUG [RetrieveFirmwareVersion.minimum_supporte_version] minimum_supporte_version MotorControlFirmware.Version: 6.3.0
2025-07-04 13:26:49,116 DEBUG [PackInfoFactory.deploy_MCPack_to_MxRepo] Deployment strategy class: VersionedFolderStyle_MCPackDeployer
2025-07-04 13:26:49,117 DEBUG [PackInfoFactory.deploy_MCPack_to_MxRepo] Expected MC Pack 6.3.2-Full already deployed
2025-07-04 13:26:49,124 DEBUG [DataSetUpdater.update] Updating data set
2025-07-04 13:26:49,125 DEBUG [DataSetUpdater.update] Update done
2025-07-04 13:26:49,125 INFO  [IocGenerator.logModulesVersionInfo] Version info: 
2025-07-04 13:26:49,125 INFO  [IocGenerator.logModulesVersionInfo]   MC Workbench       : 6.3.2
2025-07-04 13:26:49,126 INFO  [IocGenerator.logModulesVersionInfo]   WB_to_Mx           : 6.2.3.template-24-04-17
2025-07-04 13:26:49,126 INFO  [IocGenerator.logModulesVersionInfo]   STM32CubeMX        : 6.4.0
2025-07-04 13:26:49,127 INFO  [IocGenerator.logModulesVersionInfo]   MC Firmware Library: 6.3.2-Full
2025-07-04 13:26:49,127 INFO  [IocGenerator.logModulesVersionInfo] 
Generation options: 
2025-07-04 13:26:49,127 INFO  [IocGenerator.logModulesVersionInfo]   Target Toolchain   : ST STM32CubeIDE
2025-07-04 13:26:49,128 INFO  [IocGenerator.logModulesVersionInfo]   Target Driver      : HAL - Hardware Abstraction Layer
2025-07-04 13:26:49,128 INFO  [IocGenerator.logModulesVersionInfo]   Target STM32 FW    : 1.6.0

2025-07-04 13:26:49,128 DEBUG [IocGenerator.process] D:\Comrado\ESC_BMS_Project\ALL DOCS\ALL DOCS\ESC\STM_B_G431_ESC\Comarado_ESC_v2\Comarado_ESC_v2.ioc ioc file: Generating
2025-07-04 13:26:49,129 DEBUG [IocGenerator.createOutput] Generating file from template templates\wb_ioc_template.ftl
2025-07-04 13:26:49,858 DEBUG [IocGenerator.process] ioc file D:\Comrado\ESC_BMS_Project\ALL DOCS\ALL DOCS\ESC\STM_B_G431_ESC\Comarado_ESC_v2\Comarado_ESC_v2.ioc Generated
2025-07-04 13:26:49,858 INFO  [LineInfo_to_exitCode.log_LineInfo] D:\Comrado\ESC_BMS_Project\ALL DOCS\ALL DOCS\ESC\STM_B_G431_ESC\Comarado_ESC_v2\Comarado_ESC_v2.ioc ioc: Generated
2025-07-04 13:26:49,892 INFO  [Wb2MxProcess.lambda$copyFolder$e7a869af$1] Folder Overwritten D:\Comrado\ESC_BMS_Project\ALL DOCS\ALL DOCS\ESC\STM_B_G431_ESC\Comarado_ESC_v2\ftl
2025-07-04 13:26:49,899 INFO  [extSettings.lambda$writeContentToFile$f5919002$1] Generated D:\Comrado\ESC_BMS_Project\ALL DOCS\ALL DOCS\ESC\STM_B_G431_ESC\Comarado_ESC_v2\.extSettings
2025-07-04 13:26:49,901 INFO  [Wb2MxProcess.lambda$run$$19] 
Started STM32CubeMX for final c-code generation
2025-07-04 13:26:49,904 DEBUG [CubeMxRunner.create_code_generation_script_for] Generated CubeMx script file: C:\Users\Admin\AppData\Local\Temp\WB_to_Mx-comaradoescv-13434835694508511557.script
2025-07-04 13:26:50,434 DEBUG [LineInfo_to_exitCode.log_LineInfo] 2025-07-04 13:26:50,432 [INFO] MicroXplorer:88 - [MX] MX Start == 1093215015814800
2025-07-04 13:26:50,435 DEBUG [LineInfo_to_exitCode.log_LineInfo] 2025-07-04 13:26:50,434 [INFO] MicroXplorer:632 - Detected Java Version = 11.0.10
2025-07-04 13:26:50,472 DEBUG [LineInfo_to_exitCode.log_LineInfo] 2025-07-04 13:26:50,471 [INFO] ApplicationProperties:181 - Using Application install path: C:\Program Files\STMicroelectronics\STM32Cube\STM32CubeMX
2025-07-04 13:26:50,491 DEBUG [LineInfo_to_exitCode.log_LineInfo] 2025-07-04 13:26:50,489 [INFO] DbMcusXml:74 - Set database path to: C:\Program Files\STMicroelectronics\STM32Cube\STM32CubeMX\\db\/mcu/
2025-07-04 13:26:50,494 DEBUG [LineInfo_to_exitCode.log_LineInfo] 2025-07-04 13:26:50,494 [INFO] DbBoardsPdsc:56 - Set plugin database path to: C:\Program Files\STMicroelectronics\STM32Cube\STM32CubeMX\\db\/plugins/boardmanager/
2025-07-04 13:26:50,496 DEBUG [LineInfo_to_exitCode.log_LineInfo] 2025-07-04 13:26:50,496 [INFO] DbMcus:258 - Set plugin images path to: C:\Program Files\STMicroelectronics\STM32Cube\STM32CubeMX\\db\/plugins/mcufinder/images/
2025-07-04 13:26:50,496 DEBUG [LineInfo_to_exitCode.log_LineInfo] 2025-07-04 13:26:50,496 [INFO] DbBoards:264 - Set plugin images path to: C:\Program Files\STMicroelectronics\STM32Cube\STM32CubeMX\\db\/plugins/mcufinder/images/
2025-07-04 13:26:50,499 DEBUG [LineInfo_to_exitCode.log_LineInfo] 2025-07-04 13:26:50,499 [INFO] DbExamples:332 - Set plugin images path to: C:\Program Files\STMicroelectronics\STM32Cube\STM32CubeMX\\db\/plugins/mcufinder/images/
2025-07-04 13:26:50,510 DEBUG [LineInfo_to_exitCode.log_LineInfo] 2025-07-04 13:26:50,508 [INFO] McuFinderGlobals:39 - Set McuFinder mode to 1 (CubeMX integrated)
2025-07-04 13:26:50,550 DEBUG [LineInfo_to_exitCode.log_LineInfo] 2025-07-04 13:26:50,550 [INFO] DbMcusAds:119 - Set database path to: C:\Users\Admin\.stmcufinder\plugins\mcufinder//mcu/
2025-07-04 13:26:50,552 DEBUG [LineInfo_to_exitCode.log_LineInfo] 2025-07-04 13:26:50,551 [INFO] DbMcusDocs:110 - Set database path to: C:\Users\Admin\.stmcufinder\plugins\mcufinder//mcu/
2025-07-04 13:26:50,555 DEBUG [LineInfo_to_exitCode.log_LineInfo] 2025-07-04 13:26:50,555 [INFO] DbMcusJson:64 - Set database path to: C:\Users\Admin\.stmcufinder\plugins\mcufinder//mcu/
2025-07-04 13:26:50,556 DEBUG [LineInfo_to_exitCode.log_LineInfo] 2025-07-04 13:26:50,556 [INFO] DbBoardsDocs:110 - Set database path to: C:\Users\Admin\.stmcufinder\plugins\mcufinder//mcu/
2025-07-04 13:26:50,557 DEBUG [LineInfo_to_exitCode.log_LineInfo] 2025-07-04 13:26:50,557 [INFO] DbBoardsJson:57 - Set database path to: C:\Users\Admin\.stmcufinder\plugins\mcufinder//mcu/
2025-07-04 13:26:50,935 DEBUG [LineInfo_to_exitCode.log_LineInfo] 2025-07-04 13:26:50,934 [INFO] CrossReferenceDbSqlite:196 - Set database path to: C:\Users\Admin\.stmcufinder\plugins\mcufinder//mcu/cs/
2025-07-04 13:26:50,941 DEBUG [LineInfo_to_exitCode.log_LineInfo] 2025-07-04 13:26:50,938 [INFO] DbExamplesSqlite:764 - Set database path to: C:\Users\Admin\.stmcufinder\plugins\mcufinder//mcu/
2025-07-04 13:26:51,135 DEBUG [LineInfo_to_exitCode.log_LineInfo] 2025-07-04 13:26:51,134 [INFO] RulesReader:57 - Compatibility file has been processed (244 Rules)
2025-07-04 13:26:51,194 DEBUG [LineInfo_to_exitCode.log_LineInfo] 2025-07-04 13:26:51,193 [INFO] STM32CubeMX:55 - Starting STM32CubeMX
2025-07-04 13:26:52,142 DEBUG [LineInfo_to_exitCode.log_LineInfo] 2025-07-04 13:26:52,141 [INFO] MainPanel:220 - HeapMemory: 232783872
2025-07-04 13:26:52,344 DEBUG [LineInfo_to_exitCode.log_LineInfo] 2025-07-04 13:26:52,343 [INFO] DbMcusXml:74 - Set database path to: C:\Program Files\STMicroelectronics\STM32Cube\STM32CubeMX\\db\/mcu/
2025-07-04 13:26:52,344 DEBUG [LineInfo_to_exitCode.log_LineInfo] 2025-07-04 13:26:52,344 [INFO] DbBoardsPdsc:56 - Set plugin database path to: C:\Program Files\STMicroelectronics\STM32Cube\STM32CubeMX\\db\/plugins/boardmanager/
2025-07-04 13:26:52,344 DEBUG [LineInfo_to_exitCode.log_LineInfo] 2025-07-04 13:26:52,344 [INFO] DbMcus:258 - Set plugin images path to: C:\Program Files\STMicroelectronics\STM32Cube\STM32CubeMX\\db\/plugins/mcufinder/images/
2025-07-04 13:26:52,344 DEBUG [LineInfo_to_exitCode.log_LineInfo] 2025-07-04 13:26:52,344 [INFO] DbBoards:264 - Set plugin images path to: C:\Program Files\STMicroelectronics\STM32Cube\STM32CubeMX\\db\/plugins/mcufinder/images/
2025-07-04 13:26:52,346 DEBUG [LineInfo_to_exitCode.log_LineInfo] 2025-07-04 13:26:52,344 [INFO] DbExamples:332 - Set plugin images path to: C:\Program Files\STMicroelectronics\STM32Cube\STM32CubeMX\\db\/plugins/mcufinder/images/
2025-07-04 13:26:52,352 DEBUG [LineInfo_to_exitCode.log_LineInfo] 2025-07-04 13:26:52,352 [INFO] DbMcusAds:119 - Set database path to: C:\Users\Admin\.stmcufinder\plugins\mcufinder//mcu/
2025-07-04 13:26:52,353 DEBUG [LineInfo_to_exitCode.log_LineInfo] 2025-07-04 13:26:52,352 [INFO] DbMcusDocs:110 - Set database path to: C:\Users\Admin\.stmcufinder\plugins\mcufinder//mcu/
2025-07-04 13:26:52,354 DEBUG [LineInfo_to_exitCode.log_LineInfo] 2025-07-04 13:26:52,353 [INFO] DbMcusJson:64 - Set database path to: C:\Users\Admin\.stmcufinder\plugins\mcufinder//mcu/
2025-07-04 13:26:52,354 DEBUG [LineInfo_to_exitCode.log_LineInfo] 2025-07-04 13:26:52,354 [INFO] DbBoardsDocs:110 - Set database path to: C:\Users\Admin\.stmcufinder\plugins\mcufinder//mcu/
2025-07-04 13:26:52,356 DEBUG [LineInfo_to_exitCode.log_LineInfo] 2025-07-04 13:26:52,354 [INFO] DbBoardsJson:57 - Set database path to: C:\Users\Admin\.stmcufinder\plugins\mcufinder//mcu/
2025-07-04 13:26:52,357 DEBUG [LineInfo_to_exitCode.log_LineInfo] 2025-07-04 13:26:52,356 [INFO] CrossReferenceDbSqlite:196 - Set database path to: C:\Users\Admin\.stmcufinder\plugins\mcufinder//mcu/cs/
2025-07-04 13:26:52,357 DEBUG [LineInfo_to_exitCode.log_LineInfo] 2025-07-04 13:26:52,357 [INFO] DbExamplesSqlite:764 - Set database path to: C:\Users\Admin\.stmcufinder\plugins\mcufinder//mcu/
2025-07-04 13:26:52,392 DEBUG [LineInfo_to_exitCode.log_LineInfo] 2025-07-04 13:26:52,391 [INFO] ApplicationProperties:181 - Using Application install path: C:\Program Files\STMicroelectronics\STM32Cube\STM32CubeMX
2025-07-04 13:26:52,395 DEBUG [LineInfo_to_exitCode.log_LineInfo] 2025-07-04 13:26:52,394 [INFO] PluginManage:188 - Search for loadable plugins [exclusion list=, ]
2025-07-04 13:26:52,397 DEBUG [LineInfo_to_exitCode.log_LineInfo] 2025-07-04 13:26:52,397 [INFO] PluginManage:302 - Check plugin analytics
2025-07-04 13:26:52,676 ERROR [LineInfo_to_exitCode.log_LineInfo] The ST intranet updater server is unknown: mcucrossselector.codex.cro.st.com
2025-07-04 13:26:58,025 DEBUG [LineInfo_to_exitCode.log_LineInfo] 2025-07-04 13:26:58,024 [INFO] AnalyticsPlugin:257 - Accepted Software Licenses: STM32CubeMX.6.13.0,STM32CubeMX.6.4.0
2025-07-04 13:26:58,025 DEBUG [LineInfo_to_exitCode.log_LineInfo] 2025-07-04 13:26:58,025 [INFO] AnalyticsPlugin:259 - Accepted CMSIS Pack Licenses: 
2025-07-04 13:26:58,025 DEBUG [LineInfo_to_exitCode.log_LineInfo] 2025-07-04 13:26:58,025 [INFO] AnalyticsPlugin:261 - Accepted Firmware Licenses: FW.F4.1.27.0,FW.L4.1.18.0,FW.F4.1.28.0,FW.G4.1.5.0,FW.G4.1.6.0
2025-07-04 13:26:58,033 DEBUG [LineInfo_to_exitCode.log_LineInfo] 2025-07-04 13:26:58,032 [INFO] PluginManage:352 - Loaded plugin analytics (category:tool,tabindex:-1)
2025-07-04 13:26:58,033 DEBUG [LineInfo_to_exitCode.log_LineInfo] 2025-07-04 13:26:58,033 [INFO] PluginManage:302 - Check plugin clock
2025-07-04 13:26:58,042 DEBUG [LineInfo_to_exitCode.log_LineInfo] 2025-07-04 13:26:58,042 [INFO] PluginManage:352 - Loaded plugin clock (category:base,tabindex:2)
2025-07-04 13:26:58,042 DEBUG [LineInfo_to_exitCode.log_LineInfo] 2025-07-04 13:26:58,042 [INFO] PluginManage:302 - Check plugin ddr
2025-07-04 13:26:58,046 DEBUG [LineInfo_to_exitCode.log_LineInfo] 2025-07-04 13:26:58,046 [INFO] PluginManage:352 - Loaded plugin ddr (category:tool,tabindex:6)
2025-07-04 13:26:58,047 DEBUG [LineInfo_to_exitCode.log_LineInfo] 2025-07-04 13:26:58,046 [INFO] PluginManage:302 - Check plugin filemanager
2025-07-04 13:26:58,203 DEBUG [LineInfo_to_exitCode.log_LineInfo] 2025-07-04 13:26:58,202 [INFO] PluginManage:352 - Loaded plugin filemanager (category:base,tabindex:10)
2025-07-04 13:26:58,203 DEBUG [LineInfo_to_exitCode.log_LineInfo] 2025-07-04 13:26:58,202 [INFO] PluginManage:302 - Check plugin ipmanager
2025-07-04 13:26:58,217 DEBUG [LineInfo_to_exitCode.log_LineInfo] 2025-07-04 13:26:58,217 [INFO] PluginManage:352 - Loaded plugin ipmanager (category:base,tabindex:5)
2025-07-04 13:26:58,218 DEBUG [LineInfo_to_exitCode.log_LineInfo] 2025-07-04 13:26:58,217 [INFO] PluginManage:302 - Check plugin pinoutandconfiguration
2025-07-04 13:26:58,226 DEBUG [LineInfo_to_exitCode.log_LineInfo] 2025-07-04 13:26:58,225 [INFO] PluginManage:352 - Loaded plugin pinoutandconfiguration (category:base,tabindex:1)
2025-07-04 13:26:58,226 DEBUG [LineInfo_to_exitCode.log_LineInfo] 2025-07-04 13:26:58,226 [INFO] PluginManage:302 - Check plugin pinoutconfig
2025-07-04 13:26:58,284 DEBUG [LineInfo_to_exitCode.log_LineInfo] 2025-07-04 13:26:58,283 [INFO] PluginManage:352 - Loaded plugin pinoutconfig (category:base,tabindex:0)
2025-07-04 13:26:58,284 DEBUG [LineInfo_to_exitCode.log_LineInfo] 2025-07-04 13:26:58,284 [INFO] PluginManage:302 - Check plugin power
2025-07-04 13:26:58,300 DEBUG [LineInfo_to_exitCode.log_LineInfo] 2025-07-04 13:26:58,299 [INFO] PluginManage:352 - Loaded plugin power (category:power,tabindex:4)
2025-07-04 13:26:58,300 DEBUG [LineInfo_to_exitCode.log_LineInfo] 2025-07-04 13:26:58,300 [INFO] PluginManage:302 - Check plugin projectmanager
2025-07-04 13:26:58,381 DEBUG [LineInfo_to_exitCode.log_LineInfo] 2025-07-04 13:26:58,381 [INFO] PluginManage:352 - Loaded plugin projectmanager (category:projectmanager,tabindex:3)
2025-07-04 13:26:58,382 DEBUG [LineInfo_to_exitCode.log_LineInfo] 2025-07-04 13:26:58,381 [INFO] PluginManage:302 - Check plugin thirdparty
2025-07-04 13:26:58,568 DEBUG [LineInfo_to_exitCode.log_LineInfo] 2025-07-04 13:26:58,566 [INFO] PluginManage:352 - Loaded plugin thirdparty (category:base,tabindex:-1)
2025-07-04 13:26:58,568 DEBUG [LineInfo_to_exitCode.log_LineInfo] 2025-07-04 13:26:58,568 [INFO] IntegrityCheckThread:80 - entering critical section [integrity check]
2025-07-04 13:26:58,568 DEBUG [LineInfo_to_exitCode.log_LineInfo] 2025-07-04 13:26:58,568 [INFO] PluginManage:302 - Check plugin tools
2025-07-04 13:26:58,571 DEBUG [LineInfo_to_exitCode.log_LineInfo] 2025-07-04 13:26:58,570 [INFO] PluginManage:352 - Loaded plugin tools (category:base,tabindex:7)
2025-07-04 13:26:58,571 DEBUG [LineInfo_to_exitCode.log_LineInfo] 2025-07-04 13:26:58,571 [INFO] PluginManage:302 - Check plugin tutovideos
2025-07-04 13:26:58,572 DEBUG [LineInfo_to_exitCode.log_LineInfo] 2025-07-04 13:26:58,572 [INFO] ThirdPartyUpdaterWithRetryManager:66 - Updater plugin not ready yet. [1/15]
2025-07-04 13:26:58,772 DEBUG [LineInfo_to_exitCode.log_LineInfo] 2025-07-04 13:26:58,771 [INFO] PluginManage:352 - Loaded plugin tutovideos (category:base,tabindex:-1)
2025-07-04 13:26:58,772 DEBUG [LineInfo_to_exitCode.log_LineInfo] 2025-07-04 13:26:58,772 [INFO] PluginManage:302 - Check plugin updater
2025-07-04 13:26:58,787 DEBUG [LineInfo_to_exitCode.log_LineInfo] 2025-07-04 13:26:58,787 [INFO] PluginManage:352 - Loaded plugin updater (category:base,tabindex:12)
2025-07-04 13:26:58,789 DEBUG [LineInfo_to_exitCode.log_LineInfo] 2025-07-04 13:26:58,789 [INFO] PluginManage:275 - PluginManage : Loaded plugins [13]
2025-07-04 13:26:58,988 DEBUG [LineInfo_to_exitCode.log_LineInfo] 2025-07-04 13:26:58,988 [INFO] PinOutPanel:1463 - setPackage(No Configuration,No Configuration)
2025-07-04 13:26:59,080 DEBUG [LineInfo_to_exitCode.log_LineInfo] 2025-07-04 13:26:59,080 [INFO] IPUIPlugin:74 - create IPUIPlugin
2025-07-04 13:26:59,081 DEBUG [LineInfo_to_exitCode.log_LineInfo] 2025-07-04 13:26:59,081 [INFO] PluginManager:213 - loadIPPluginJar : add adc
2025-07-04 13:26:59,084 DEBUG [LineInfo_to_exitCode.log_LineInfo] 2025-07-04 13:26:59,083 [INFO] IPUIPlugin:74 - create IPUIPlugin
2025-07-04 13:26:59,084 DEBUG [LineInfo_to_exitCode.log_LineInfo] 2025-07-04 13:26:59,083 [INFO] PluginManager:213 - loadIPPluginJar : add aes
2025-07-04 13:26:59,086 DEBUG [LineInfo_to_exitCode.log_LineInfo] 2025-07-04 13:26:59,086 [INFO] IPUIPlugin:74 - create IPUIPlugin
2025-07-04 13:26:59,087 DEBUG [LineInfo_to_exitCode.log_LineInfo] 2025-07-04 13:26:59,086 [INFO] PluginManager:213 - loadIPPluginJar : add can
2025-07-04 13:26:59,088 DEBUG [LineInfo_to_exitCode.log_LineInfo] 2025-07-04 13:26:59,088 [INFO] IPUIPlugin:74 - create IPUIPlugin
2025-07-04 13:26:59,089 DEBUG [LineInfo_to_exitCode.log_LineInfo] 2025-07-04 13:26:59,088 [INFO] PluginManager:213 - loadIPPluginJar : add comp
2025-07-04 13:26:59,091 DEBUG [LineInfo_to_exitCode.log_LineInfo] 2025-07-04 13:26:59,091 [INFO] IPUIPlugin:74 - create IPUIPlugin
2025-07-04 13:26:59,092 DEBUG [LineInfo_to_exitCode.log_LineInfo] 2025-07-04 13:26:59,091 [INFO] PluginManager:213 - loadIPPluginJar : add cryp
2025-07-04 13:26:59,094 DEBUG [LineInfo_to_exitCode.log_LineInfo] 2025-07-04 13:26:59,093 [INFO] IPUIPlugin:74 - create IPUIPlugin
2025-07-04 13:26:59,094 DEBUG [LineInfo_to_exitCode.log_LineInfo] 2025-07-04 13:26:59,094 [INFO] PluginManager:213 - loadIPPluginJar : add dfsdm
2025-07-04 13:26:59,099 DEBUG [LineInfo_to_exitCode.log_LineInfo] 2025-07-04 13:26:59,098 [INFO] IPUIPlugin:74 - create IPUIPlugin
2025-07-04 13:26:59,099 DEBUG [LineInfo_to_exitCode.log_LineInfo] 2025-07-04 13:26:59,099 [INFO] PluginManager:213 - loadIPPluginJar : add dma
2025-07-04 13:26:59,101 DEBUG [LineInfo_to_exitCode.log_LineInfo] 2025-07-04 13:26:59,101 [INFO] IPUIPlugin:74 - create IPUIPlugin
2025-07-04 13:26:59,102 DEBUG [LineInfo_to_exitCode.log_LineInfo] 2025-07-04 13:26:59,101 [INFO] PluginManager:213 - loadIPPluginJar : add dma3
2025-07-04 13:26:59,103 DEBUG [LineInfo_to_exitCode.log_LineInfo] 2025-07-04 13:26:59,103 [INFO] IPUIPlugin:74 - create IPUIPlugin
2025-07-04 13:26:59,104 DEBUG [LineInfo_to_exitCode.log_LineInfo] 2025-07-04 13:26:59,103 [INFO] PluginManager:213 - loadIPPluginJar : add fatfs
2025-07-04 13:26:59,107 DEBUG [LineInfo_to_exitCode.log_LineInfo] 2025-07-04 13:26:59,106 [INFO] IPUIPlugin:74 - create IPUIPlugin
2025-07-04 13:26:59,107 DEBUG [LineInfo_to_exitCode.log_LineInfo] 2025-07-04 13:26:59,107 [INFO] PluginManager:213 - loadIPPluginJar : add fmc
2025-07-04 13:26:59,112 DEBUG [LineInfo_to_exitCode.log_LineInfo] 2025-07-04 13:26:59,111 [INFO] IPUIPlugin:74 - create IPUIPlugin
2025-07-04 13:26:59,112 DEBUG [LineInfo_to_exitCode.log_LineInfo] 2025-07-04 13:26:59,112 [INFO] PluginManager:213 - loadIPPluginJar : add freertos
2025-07-04 13:26:59,113 DEBUG [LineInfo_to_exitCode.log_LineInfo] 2025-07-04 13:26:59,113 [INFO] IPUIPlugin:74 - create IPUIPlugin
2025-07-04 13:26:59,113 DEBUG [LineInfo_to_exitCode.log_LineInfo] 2025-07-04 13:26:59,113 [INFO] PluginManager:213 - loadIPPluginJar : add genericplugin
2025-07-04 13:26:59,115 DEBUG [LineInfo_to_exitCode.log_LineInfo] 2025-07-04 13:26:59,115 [INFO] IPUIPlugin:74 - create IPUIPlugin
2025-07-04 13:26:59,115 DEBUG [LineInfo_to_exitCode.log_LineInfo] 2025-07-04 13:26:59,115 [INFO] PluginManager:213 - loadIPPluginJar : add gfxmmu
2025-07-04 13:26:59,118 DEBUG [LineInfo_to_exitCode.log_LineInfo] 2025-07-04 13:26:59,118 [INFO] IPUIPlugin:74 - create IPUIPlugin
2025-07-04 13:26:59,120 DEBUG [LineInfo_to_exitCode.log_LineInfo] 2025-07-04 13:26:59,118 [INFO] PluginManager:213 - loadIPPluginJar : add gic
2025-07-04 13:26:59,123 DEBUG [LineInfo_to_exitCode.log_LineInfo] 2025-07-04 13:26:59,122 [INFO] IPUIPlugin:74 - create IPUIPlugin
2025-07-04 13:26:59,123 DEBUG [LineInfo_to_exitCode.log_LineInfo] 2025-07-04 13:26:59,123 [INFO] PluginManager:213 - loadIPPluginJar : add gpio
2025-07-04 13:26:59,126 DEBUG [LineInfo_to_exitCode.log_LineInfo] 2025-07-04 13:26:59,126 [INFO] IPUIPlugin:74 - create IPUIPlugin
2025-07-04 13:26:59,126 DEBUG [LineInfo_to_exitCode.log_LineInfo] 2025-07-04 13:26:59,126 [INFO] PluginManager:213 - loadIPPluginJar : add gtzc
2025-07-04 13:26:59,129 DEBUG [LineInfo_to_exitCode.log_LineInfo] 2025-07-04 13:26:59,128 [INFO] IPUIPlugin:74 - create IPUIPlugin
2025-07-04 13:26:59,129 DEBUG [LineInfo_to_exitCode.log_LineInfo] 2025-07-04 13:26:59,129 [INFO] PluginManager:213 - loadIPPluginJar : add hash
2025-07-04 13:26:59,131 DEBUG [LineInfo_to_exitCode.log_LineInfo] 2025-07-04 13:26:59,131 [INFO] IPUIPlugin:74 - create IPUIPlugin
2025-07-04 13:26:59,131 DEBUG [LineInfo_to_exitCode.log_LineInfo] 2025-07-04 13:26:59,131 [INFO] PluginManager:213 - loadIPPluginJar : add i2c
2025-07-04 13:26:59,133 DEBUG [LineInfo_to_exitCode.log_LineInfo] 2025-07-04 13:26:59,132 [INFO] IPUIPlugin:74 - create IPUIPlugin
2025-07-04 13:26:59,133 DEBUG [LineInfo_to_exitCode.log_LineInfo] 2025-07-04 13:26:59,133 [INFO] PluginManager:213 - loadIPPluginJar : add i2s
2025-07-04 13:26:59,137 DEBUG [LineInfo_to_exitCode.log_LineInfo] 2025-07-04 13:26:59,137 [INFO] IPUIPlugin:74 - create IPUIPlugin
2025-07-04 13:26:59,138 DEBUG [LineInfo_to_exitCode.log_LineInfo] 2025-07-04 13:26:59,137 [INFO] PluginManager:213 - loadIPPluginJar : add ipddr
2025-07-04 13:26:59,144 DEBUG [LineInfo_to_exitCode.log_LineInfo] 2025-07-04 13:26:59,144 [INFO] IPUIPlugin:74 - create IPUIPlugin
2025-07-04 13:26:59,144 DEBUG [LineInfo_to_exitCode.log_LineInfo] 2025-07-04 13:26:59,144 [INFO] PluginManager:213 - loadIPPluginJar : add linkedlist
2025-07-04 13:26:59,146 DEBUG [LineInfo_to_exitCode.log_LineInfo] 2025-07-04 13:26:59,146 [INFO] IPUIPlugin:74 - create IPUIPlugin
2025-07-04 13:26:59,147 DEBUG [LineInfo_to_exitCode.log_LineInfo] 2025-07-04 13:26:59,147 [INFO] PluginManager:213 - loadIPPluginJar : add lorawan
2025-07-04 13:26:59,148 DEBUG [LineInfo_to_exitCode.log_LineInfo] 2025-07-04 13:26:59,148 [INFO] IPUIPlugin:74 - create IPUIPlugin
2025-07-04 13:26:59,148 DEBUG [LineInfo_to_exitCode.log_LineInfo] 2025-07-04 13:26:59,148 [INFO] PluginManager:213 - loadIPPluginJar : add ltdc
2025-07-04 13:26:59,155 DEBUG [LineInfo_to_exitCode.log_LineInfo] 2025-07-04 13:26:59,155 [INFO] IPUIPlugin:74 - create IPUIPlugin
2025-07-04 13:26:59,155 DEBUG [LineInfo_to_exitCode.log_LineInfo] 2025-07-04 13:26:59,155 [INFO] PluginManager:213 - loadIPPluginJar : add mdma
2025-07-04 13:26:59,159 DEBUG [LineInfo_to_exitCode.log_LineInfo] 2025-07-04 13:26:59,159 [INFO] IPUIPlugin:74 - create IPUIPlugin
2025-07-04 13:26:59,159 DEBUG [LineInfo_to_exitCode.log_LineInfo] 2025-07-04 13:26:59,159 [INFO] PluginManager:213 - loadIPPluginJar : add nvic
2025-07-04 13:26:59,162 DEBUG [LineInfo_to_exitCode.log_LineInfo] 2025-07-04 13:26:59,161 [INFO] IPUIPlugin:74 - create IPUIPlugin
2025-07-04 13:26:59,162 DEBUG [LineInfo_to_exitCode.log_LineInfo] 2025-07-04 13:26:59,162 [INFO] PluginManager:213 - loadIPPluginJar : add opamp
2025-07-04 13:26:59,166 DEBUG [LineInfo_to_exitCode.log_LineInfo] 2025-07-04 13:26:59,166 [INFO] IPUIPlugin:74 - create IPUIPlugin
2025-07-04 13:26:59,166 DEBUG [LineInfo_to_exitCode.log_LineInfo] 2025-07-04 13:26:59,166 [INFO] PluginManager:213 - loadIPPluginJar : add openamp
2025-07-04 13:26:59,168 DEBUG [LineInfo_to_exitCode.log_LineInfo] 2025-07-04 13:26:59,168 [INFO] IPUIPlugin:74 - create IPUIPlugin
2025-07-04 13:26:59,168 DEBUG [LineInfo_to_exitCode.log_LineInfo] 2025-07-04 13:26:59,168 [INFO] PluginManager:213 - loadIPPluginJar : add pdm2pcm
2025-07-04 13:26:59,174 DEBUG [LineInfo_to_exitCode.log_LineInfo] 2025-07-04 13:26:59,174 [INFO] IPUIPlugin:74 - create IPUIPlugin
2025-07-04 13:26:59,176 DEBUG [LineInfo_to_exitCode.log_LineInfo] 2025-07-04 13:26:59,176 [INFO] PluginManager:213 - loadIPPluginJar : add plateformsettings
2025-07-04 13:26:59,178 DEBUG [LineInfo_to_exitCode.log_LineInfo] 2025-07-04 13:26:59,178 [INFO] IPUIPlugin:74 - create IPUIPlugin
2025-07-04 13:26:59,179 DEBUG [LineInfo_to_exitCode.log_LineInfo] 2025-07-04 13:26:59,178 [INFO] PluginManager:213 - loadIPPluginJar : add quadspi
2025-07-04 13:26:59,182 DEBUG [LineInfo_to_exitCode.log_LineInfo] 2025-07-04 13:26:59,180 [INFO] IPUIPlugin:74 - create IPUIPlugin
2025-07-04 13:26:59,182 DEBUG [LineInfo_to_exitCode.log_LineInfo] 2025-07-04 13:26:59,182 [INFO] PluginManager:213 - loadIPPluginJar : add resmgrutility
2025-07-04 13:26:59,185 DEBUG [LineInfo_to_exitCode.log_LineInfo] 2025-07-04 13:26:59,184 [INFO] IPUIPlugin:74 - create IPUIPlugin
2025-07-04 13:26:59,185 DEBUG [LineInfo_to_exitCode.log_LineInfo] 2025-07-04 13:26:59,184 [INFO] PluginManager:213 - loadIPPluginJar : add sai
2025-07-04 13:26:59,186 DEBUG [LineInfo_to_exitCode.log_LineInfo] 2025-07-04 13:26:59,186 [INFO] IPUIPlugin:74 - create IPUIPlugin
2025-07-04 13:26:59,186 DEBUG [LineInfo_to_exitCode.log_LineInfo] 2025-07-04 13:26:59,186 [INFO] PluginManager:213 - loadIPPluginJar : add spi
2025-07-04 13:26:59,190 DEBUG [LineInfo_to_exitCode.log_LineInfo] 2025-07-04 13:26:59,190 [INFO] IPUIPlugin:74 - create IPUIPlugin
2025-07-04 13:26:59,190 DEBUG [LineInfo_to_exitCode.log_LineInfo] 2025-07-04 13:26:59,190 [INFO] PluginManager:213 - loadIPPluginJar : add stm32_wpan
2025-07-04 13:26:59,192 DEBUG [LineInfo_to_exitCode.log_LineInfo] 2025-07-04 13:26:59,191 [INFO] IPUIPlugin:74 - create IPUIPlugin
2025-07-04 13:26:59,192 DEBUG [LineInfo_to_exitCode.log_LineInfo] 2025-07-04 13:26:59,192 [INFO] PluginManager:213 - loadIPPluginJar : add tim
2025-07-04 13:26:59,196 DEBUG [LineInfo_to_exitCode.log_LineInfo] 2025-07-04 13:26:59,196 [INFO] IPUIPlugin:74 - create IPUIPlugin
2025-07-04 13:26:59,197 DEBUG [LineInfo_to_exitCode.log_LineInfo] 2025-07-04 13:26:59,196 [INFO] PluginManager:213 - loadIPPluginJar : add touchsensing
2025-07-04 13:26:59,198 DEBUG [LineInfo_to_exitCode.log_LineInfo] 2025-07-04 13:26:59,198 [INFO] IPUIPlugin:74 - create IPUIPlugin
2025-07-04 13:26:59,198 DEBUG [LineInfo_to_exitCode.log_LineInfo] 2025-07-04 13:26:59,198 [INFO] PluginManager:213 - loadIPPluginJar : add tracer_emb
2025-07-04 13:26:59,201 DEBUG [LineInfo_to_exitCode.log_LineInfo] 2025-07-04 13:26:59,200 [INFO] IPUIPlugin:74 - create IPUIPlugin
2025-07-04 13:26:59,201 DEBUG [LineInfo_to_exitCode.log_LineInfo] 2025-07-04 13:26:59,200 [INFO] PluginManager:213 - loadIPPluginJar : add ts
2025-07-04 13:26:59,203 DEBUG [LineInfo_to_exitCode.log_LineInfo] 2025-07-04 13:26:59,202 [INFO] IPUIPlugin:74 - create IPUIPlugin
2025-07-04 13:26:59,203 DEBUG [LineInfo_to_exitCode.log_LineInfo] 2025-07-04 13:26:59,203 [INFO] PluginManager:213 - loadIPPluginJar : add tsc
2025-07-04 13:26:59,205 DEBUG [LineInfo_to_exitCode.log_LineInfo] 2025-07-04 13:26:59,205 [INFO] IPUIPlugin:74 - create IPUIPlugin
2025-07-04 13:26:59,205 DEBUG [LineInfo_to_exitCode.log_LineInfo] 2025-07-04 13:26:59,205 [INFO] PluginManager:213 - loadIPPluginJar : add ucpd
2025-07-04 13:26:59,208 DEBUG [LineInfo_to_exitCode.log_LineInfo] 2025-07-04 13:26:59,208 [INFO] IPUIPlugin:74 - create IPUIPlugin
2025-07-04 13:26:59,208 DEBUG [LineInfo_to_exitCode.log_LineInfo] 2025-07-04 13:26:59,208 [INFO] PluginManager:213 - loadIPPluginJar : add usart
2025-07-04 13:26:59,210 DEBUG [LineInfo_to_exitCode.log_LineInfo] 2025-07-04 13:26:59,210 [INFO] IPUIPlugin:74 - create IPUIPlugin
2025-07-04 13:26:59,210 DEBUG [LineInfo_to_exitCode.log_LineInfo] 2025-07-04 13:26:59,210 [INFO] PluginManager:213 - loadIPPluginJar : add usbx
2025-07-04 13:26:59,233 DEBUG [LineInfo_to_exitCode.log_LineInfo] 2025-07-04 13:26:59,233 [INFO] Updater:1018 - Updater Version found : 6.4.0
2025-07-04 13:26:59,248 DEBUG [LineInfo_to_exitCode.log_LineInfo] 2025-07-04 13:26:59,247 [INFO] ApplicationProperties:181 - Using Application install path: C:\Program Files\STMicroelectronics\STM32Cube\STM32CubeMX
2025-07-04 13:27:01,585 DEBUG [LineInfo_to_exitCode.log_LineInfo] 2025-07-04 13:27:01,585 [INFO] ThirdPartyUpdaterWithRetryManager:66 - Updater plugin not ready yet. [2/15]
2025-07-04 13:27:01,736 DEBUG [LineInfo_to_exitCode.log_LineInfo] 2025-07-04 13:27:01,736 [INFO] MainUpdater:2729 - connection check result : 10
2025-07-04 13:27:01,736 DEBUG [LineInfo_to_exitCode.log_LineInfo] 2025-07-04 13:27:01,736 [INFO] MainUpdater:3414 - Updater definition file requires update
2025-07-04 13:27:01,740 DEBUG [LineInfo_to_exitCode.log_LineInfo] 2025-07-04 13:27:01,738 [INFO] MainUpdater:276 - Updater Check For Update Now.
2025-07-04 13:27:01,740 DEBUG [LineInfo_to_exitCode.log_LineInfo] 2025-07-04 13:27:01,740 [INFO] MicroXplorer:477 - Change Database Version : DB.6.0.40
2025-07-04 13:27:01,813 DEBUG [LineInfo_to_exitCode.log_LineInfo] 2025-07-04 13:27:01,813 [INFO] ServerAccessManage:359 - Download File updaters.zip
2025-07-04 13:27:02,112 DEBUG [LineInfo_to_exitCode.log_LineInfo] 2025-07-04 13:27:02,111 [INFO] HomeAdPanel:98 - Auto-refresh data requested => check proxy status ongoing
2025-07-04 13:27:02,115 WARN  [LineInfo_to_exitCode.log_LineInfo] Updater is busy
2025-07-04 13:27:02,116 WARN  [LineInfo_to_exitCode.log_LineInfo] Failed to refresh advertisement data
2025-07-04 13:27:02,184 DEBUG [LineInfo_to_exitCode.log_LineInfo] 2025-07-04 13:27:02,184 [INFO] DbMcusAds:47 - JSON generation date=Thu Jun 19 14:02:37 IST 2025 (1750321957418)
2025-07-04 13:27:02,185 WARN  [LineInfo_to_exitCode.log_LineInfo] Updater is busy
2025-07-04 13:27:02,336 WARN  [LineInfo_to_exitCode.log_LineInfo] Updater is busy
2025-07-04 13:27:02,549 WARN  [LineInfo_to_exitCode.log_LineInfo] Updater is busy
2025-07-04 13:27:02,692 DEBUG [LineInfo_to_exitCode.log_LineInfo] 2025-07-04 13:27:02,692 [INFO] MainFrame:172 - [MX] HOME_PANEL == 1093227280285900
2025-07-04 13:27:02,774 DEBUG [LineInfo_to_exitCode.log_LineInfo] 2025-07-04 13:27:02,773 [INFO] MicroXplorer:447 - Change Database Path : 
2025-07-04 13:27:02,774 DEBUG [LineInfo_to_exitCode.log_LineInfo] 2025-07-04 13:27:02,774 [INFO] MicroXplorer:477 - Change Database Version : DB.6.0.40
2025-07-04 13:27:04,589 DEBUG [LineInfo_to_exitCode.log_LineInfo] 2025-07-04 13:27:04,589 [INFO] ThirdPartyUpdaterWithRetryManager:92 - Updater plugin is busy. [1/15]
2025-07-04 13:27:05,423 DEBUG [LineInfo_to_exitCode.log_LineInfo] 2025-07-04 13:27:05,423 [INFO] FileExtend:235 - Unzip File : updaters.zip
2025-07-04 13:27:05,424 DEBUG [LineInfo_to_exitCode.log_LineInfo] 2025-07-04 13:27:05,424 [INFO] FileExtend:250 - Standard Zip Deflate
2025-07-04 13:27:06,809 DEBUG [LineInfo_to_exitCode.log_LineInfo] 2025-07-04 13:27:06,809 [INFO] ServerAccessManage:359 - Download File PacksControlFlags.xml
2025-07-04 13:27:07,388 DEBUG [LineInfo_to_exitCode.log_LineInfo] 2025-07-04 13:27:07,387 [INFO] ServerAccessManage:359 - Download File cubemx.pidx
2025-07-04 13:27:07,502 DEBUG [LineInfo_to_exitCode.log_LineInfo] 2025-07-04 13:27:07,502 [INFO] LoadServerUpdatesThread:339 - End of LoadServerUpdate Thread
2025-07-04 13:27:07,596 DEBUG [LineInfo_to_exitCode.log_LineInfo] 2025-07-04 13:27:07,596 [INFO] ThirdPartyUpdaterWithRetryManager:92 - Updater plugin is busy. [2/15]
2025-07-04 13:27:07,695 DEBUG [LineInfo_to_exitCode.log_LineInfo] 2025-07-04 13:27:07,694 [INFO] CheckServerUpdateThread:115 - End of CheckServer Thread
2025-07-04 13:27:10,863 ERROR [LineInfo_to_exitCode.log_LineInfo] C:\Users\Admin\.stm32cubemx\thirdparties\pdsc\STMicroelectronics.X-CUBE-ST60.1.0.0.pdsc: PDSC version is not supported
2025-07-04 13:27:10,926 ERROR [LineInfo_to_exitCode.log_LineInfo] C:\Users\Admin\.stm32cubemx\thirdparties\pdsc\Infineon.AIROC-Wi-Fi-Bluetooth-STM32.1.7.0.pdsc: PDSC version is not supported
2025-07-04 13:27:10,974 ERROR [LineInfo_to_exitCode.log_LineInfo] C:\Users\Admin\.stm32cubemx\thirdparties\pdsc\STMicroelectronics.X-CUBE-BLEMGR.4.0.0.pdsc: PDSC version is not supported
2025-07-04 13:27:10,999 ERROR [LineInfo_to_exitCode.log_LineInfo] C:\Users\Admin\.stm32cubemx\thirdparties\pdsc\STMicroelectronics.FP-SNS-FLIGHT1.5.1.0.pdsc: PDSC version is not supported
2025-07-04 13:27:11,562 ERROR [LineInfo_to_exitCode.log_LineInfo] C:\Users\Admin\.stm32cubemx\thirdparties\pdsc\EmbeddedOffice.I-CUBE-FS-RTOS.1.0.1.pdsc: PDSC version is not supported
2025-07-04 13:27:11,580 ERROR [LineInfo_to_exitCode.log_LineInfo] C:\Users\Admin\.stm32cubemx\thirdparties\pdsc\STMicroelectronics.X-CUBE-TCPP.4.2.0.pdsc: PDSC version is not supported
2025-07-04 13:27:11,583 ERROR [LineInfo_to_exitCode.log_LineInfo] C:\Users\Admin\.stm32cubemx\thirdparties\pdsc\RealThread.X-CUBE-RT-Thread_Nano.4.1.1.pdsc: PDSC version is not supported
2025-07-04 13:27:11,594 ERROR [LineInfo_to_exitCode.log_LineInfo] C:\Users\Admin\.stm32cubemx\thirdparties\pdsc\quantropi.X-CUBE-qispace-sdk-base.1.9.3.pdsc: PDSC version is not supported
2025-07-04 13:27:11,626 ERROR [LineInfo_to_exitCode.log_LineInfo] C:\Users\Admin\.stm32cubemx\thirdparties\pdsc\STMicroelectronics.X-CUBE-ST67W61.1.0.0.pdsc: PDSC version is not supported
2025-07-04 13:27:12,023 ERROR [LineInfo_to_exitCode.log_LineInfo] C:\Users\Admin\.stm32cubemx\thirdparties\pdsc\Avnet-IotConnect.X-CUBE-IoTC-DA16k-PMOD.1.0.0.pdsc: PDSC version is not supported
2025-07-04 13:27:12,068 ERROR [LineInfo_to_exitCode.log_LineInfo] C:\Users\Admin\.stm32cubemx\thirdparties\pdsc\STMicroelectronics.X-CUBE-DPower.1.2.0.pdsc: PDSC version is not supported
2025-07-04 13:27:12,100 ERROR [LineInfo_to_exitCode.log_LineInfo] C:\Users\Admin\.stm32cubemx\thirdparties\pdsc\STMicroelectronics.FP-SNS-STAIOTCFT.1.0.0.pdsc: PDSC version is not supported
2025-07-04 13:27:12,104 ERROR [LineInfo_to_exitCode.log_LineInfo] C:\Users\Admin\.stm32cubemx\thirdparties\pdsc\STMicroelectronics.X-CUBE-DPower.1.3.0.pdsc: PDSC version is not supported
2025-07-04 13:27:12,217 ERROR [LineInfo_to_exitCode.log_LineInfo] C:\Users\Admin\.stm32cubemx\thirdparties\pdsc\STMicroelectronics.FP-SNS-STBOX1.2.0.0.pdsc: PDSC version is not supported
2025-07-04 13:27:12,302 ERROR [LineInfo_to_exitCode.log_LineInfo] C:\Users\Admin\.stm32cubemx\thirdparties\pdsc\STMicroelectronics.X-CUBE-IPS.3.1.0.pdsc: PDSC version is not supported
2025-07-04 13:27:12,340 ERROR [LineInfo_to_exitCode.log_LineInfo] C:\Users\Admin\.stm32cubemx\thirdparties\pdsc\STMicroelectronics.X-CUBE-TOF1.3.4.2.pdsc: PDSC version is not supported
2025-07-04 13:27:12,346 ERROR [LineInfo_to_exitCode.log_LineInfo] C:\Users\Admin\.stm32cubemx\thirdparties\pdsc\STMicroelectronics.X-CUBE-TOF1.3.4.3.pdsc: PDSC version is not supported
2025-07-04 13:27:12,347 DEBUG [LineInfo_to_exitCode.log_LineInfo] 2025-07-04 13:27:12,346 [INFO] ThirdParty:925 - Integrity check success = true
2025-07-04 13:27:12,347 DEBUG [LineInfo_to_exitCode.log_LineInfo] 2025-07-04 13:27:12,347 [INFO] IntegrityCheckThread:94 - exiting critical section [integrity check]
2025-07-04 13:27:12,348 DEBUG [LineInfo_to_exitCode.log_LineInfo] 2025-07-04 13:27:12,347 [INFO] IntegrityCheckThread:97 - End integrity checks thread
2025-07-04 13:27:12,348 DEBUG [LineInfo_to_exitCode.log_LineInfo] 2025-07-04 13:27:12,347 [INFO] ThirdParty:825 - entering critical section [close project]
2025-07-04 13:27:12,349 DEBUG [LineInfo_to_exitCode.log_LineInfo] 2025-07-04 13:27:12,349 [INFO] ThirdParty:835 - exiting critical section [close project]
2025-07-04 13:27:12,356 DEBUG [LineInfo_to_exitCode.log_LineInfo] 2025-07-04 13:27:12,355 [INFO] PinOutPanel:1463 - setPackage(No Configuration,No Configuration)
2025-07-04 13:27:12,408 DEBUG [LineInfo_to_exitCode.log_LineInfo] 2025-07-04 13:27:12,408 [INFO] UtilMem:74 - Begin LoadConfig() Used Memory: 141132288 Bytes (232783872)
2025-07-04 13:27:12,418 DEBUG [LineInfo_to_exitCode.log_LineInfo] 2025-07-04 13:27:12,417 [INFO] OpenFileManager:313 - Change cursor
2025-07-04 13:27:15,622 DEBUG [LineInfo_to_exitCode.log_LineInfo] 2025-07-04 13:27:15,622 [INFO] Context:592 - Trying to add GPIOservice into a context  which must be forbidden
2025-07-04 13:27:16,648 DEBUG [LineInfo_to_exitCode.log_LineInfo] 2025-07-04 13:27:16,648 [INFO] ImportTextPane:167 - (OptionalMessage_ERROR) Unable to find key (Mcu.ThirdPartyNb) in loaded IOC file
2025-07-04 13:27:16,867 DEBUG [LineInfo_to_exitCode.log_LineInfo] 2025-07-04 13:27:16,866 [INFO] RtosManager:484 - Registered RTOS mode: class=CMSIS, group=RTOS, mode=CMSIS_V1, owner=FREERTOS
2025-07-04 13:27:16,867 DEBUG [LineInfo_to_exitCode.log_LineInfo] 2025-07-04 13:27:16,866 [INFO] RtosManager:484 - Registered RTOS mode: class=CMSIS, group=RTOS2, mode=CMSIS_V2, owner=FREERTOS
2025-07-04 13:27:16,867 DEBUG [LineInfo_to_exitCode.log_LineInfo] 2025-07-04 13:27:16,867 [INFO] RtosManager:484 - Registered RTOS mode: class=RTOS, group=Core, mode=CMSIS_V1, owner=FREERTOS
2025-07-04 13:27:16,868 DEBUG [LineInfo_to_exitCode.log_LineInfo] 2025-07-04 13:27:16,867 [INFO] RtosManager:484 - Registered RTOS mode: class=RTOS, group=Core, mode=CMSIS_V2, owner=FREERTOS
2025-07-04 13:27:18,765 DEBUG [LineInfo_to_exitCode.log_LineInfo] 2025-07-04 13:27:18,765 [INFO] ImportTextPane:167 - (OptionalMessage_ERROR) IP (DMA) : Parameter (Instance) has Id (USART2_RX) currently not set
2025-07-04 13:27:18,765 DEBUG [LineInfo_to_exitCode.log_LineInfo] 2025-07-04 13:27:18,765 [INFO] ImportTextPane:167 - (OptionalMessage_ERROR) IP (DMA) : Parameter (Request) has Id (USART2_RX) currently not set
2025-07-04 13:27:18,765 DEBUG [LineInfo_to_exitCode.log_LineInfo] 2025-07-04 13:27:18,765 [INFO] ImportTextPane:167 - (OptionalMessage_ERROR) IP (DMA) : Parameter (Direction) has Id (USART2_RX) currently not set
2025-07-04 13:27:18,766 DEBUG [LineInfo_to_exitCode.log_LineInfo] 2025-07-04 13:27:18,765 [INFO] ImportTextPane:167 - (OptionalMessage_ERROR) IP (DMA) : Parameter (PeriphInc) has Id (USART2_RX) currently not set
2025-07-04 13:27:18,766 DEBUG [LineInfo_to_exitCode.log_LineInfo] 2025-07-04 13:27:18,765 [INFO] ImportTextPane:167 - (OptionalMessage_ERROR) IP (DMA) : Parameter (MemInc) has Id (USART2_RX) currently not set
2025-07-04 13:27:18,766 DEBUG [LineInfo_to_exitCode.log_LineInfo] 2025-07-04 13:27:18,766 [INFO] ImportTextPane:167 - (OptionalMessage_ERROR) IP (DMA) : Parameter (PeriphDataAlignment) has Id (USART2_RX) currently not set
2025-07-04 13:27:18,767 DEBUG [LineInfo_to_exitCode.log_LineInfo] 2025-07-04 13:27:18,767 [INFO] ImportTextPane:167 - (OptionalMessage_ERROR) IP (DMA) : Parameter (MemDataAlignment) has Id (USART2_RX) currently not set
2025-07-04 13:27:18,767 DEBUG [LineInfo_to_exitCode.log_LineInfo] 2025-07-04 13:27:18,767 [INFO] ImportTextPane:167 - (OptionalMessage_ERROR) IP (DMA) : Parameter (Mode) has Id (USART2_RX) currently not set
2025-07-04 13:27:18,767 DEBUG [LineInfo_to_exitCode.log_LineInfo] 2025-07-04 13:27:18,767 [INFO] ImportTextPane:167 - (OptionalMessage_ERROR) IP (DMA) : Parameter (Priority) has Id (USART2_RX) currently not set
2025-07-04 13:27:18,767 DEBUG [LineInfo_to_exitCode.log_LineInfo] 2025-07-04 13:27:18,767 [INFO] ImportTextPane:167 - (OptionalMessage_ERROR) IP (DMA) : Parameter (Instance) has Id (USART2_TX) currently not set
2025-07-04 13:27:18,767 DEBUG [LineInfo_to_exitCode.log_LineInfo] 2025-07-04 13:27:18,767 [INFO] ImportTextPane:167 - (OptionalMessage_ERROR) IP (DMA) : Parameter (Request) has Id (USART2_TX) currently not set
2025-07-04 13:27:18,767 DEBUG [LineInfo_to_exitCode.log_LineInfo] 2025-07-04 13:27:18,767 [INFO] ImportTextPane:167 - (OptionalMessage_ERROR) IP (DMA) : Parameter (Direction) has Id (USART2_TX) currently not set
2025-07-04 13:27:18,768 DEBUG [LineInfo_to_exitCode.log_LineInfo] 2025-07-04 13:27:18,767 [INFO] ImportTextPane:167 - (OptionalMessage_ERROR) IP (DMA) : Parameter (PeriphInc) has Id (USART2_TX) currently not set
2025-07-04 13:27:18,768 DEBUG [LineInfo_to_exitCode.log_LineInfo] 2025-07-04 13:27:18,767 [INFO] ImportTextPane:167 - (OptionalMessage_ERROR) IP (DMA) : Parameter (MemInc) has Id (USART2_TX) currently not set
2025-07-04 13:27:18,768 DEBUG [LineInfo_to_exitCode.log_LineInfo] 2025-07-04 13:27:18,767 [INFO] ImportTextPane:167 - (OptionalMessage_ERROR) IP (DMA) : Parameter (PeriphDataAlignment) has Id (USART2_TX) currently not set
2025-07-04 13:27:18,768 DEBUG [LineInfo_to_exitCode.log_LineInfo] 2025-07-04 13:27:18,767 [INFO] ImportTextPane:167 - (OptionalMessage_ERROR) IP (DMA) : Parameter (MemDataAlignment) has Id (USART2_TX) currently not set
2025-07-04 13:27:18,768 DEBUG [LineInfo_to_exitCode.log_LineInfo] 2025-07-04 13:27:18,767 [INFO] ImportTextPane:167 - (OptionalMessage_ERROR) IP (DMA) : Parameter (Mode) has Id (USART2_TX) currently not set
2025-07-04 13:27:18,768 DEBUG [LineInfo_to_exitCode.log_LineInfo] 2025-07-04 13:27:18,768 [INFO] ImportTextPane:167 - (OptionalMessage_ERROR) IP (DMA) : Parameter (Priority) has Id (USART2_TX) currently not set
2025-07-04 13:27:18,879 DEBUG [LineInfo_to_exitCode.log_LineInfo] 2025-07-04 13:27:18,878 [INFO] ImportTextPane:167 - (OptionalMessage_ERROR) IP (MotorControl) : Invalid parameter (ADC_AHBPERIPH)
2025-07-04 13:27:18,879 DEBUG [LineInfo_to_exitCode.log_LineInfo] 2025-07-04 13:27:18,879 [INFO] ImportTextPane:167 - (OptionalMessage_ERROR) IP (MotorControl) : Invalid parameter (BUS_VOLTAGE_READING)
2025-07-04 13:27:18,879 DEBUG [LineInfo_to_exitCode.log_LineInfo] 2025-07-04 13:27:18,879 [INFO] ImportTextPane:167 - (OptionalMessage_ERROR) IP (MotorControl) : Invalid parameter (CCMRAM_ENABLED)
2025-07-04 13:27:18,879 DEBUG [LineInfo_to_exitCode.log_LineInfo] 2025-07-04 13:27:18,879 [INFO] ImportTextPane:167 - (OptionalMessage_ERROR) IP (MotorControl) : Invalid parameter (CLOCK_FREQUENCY)
2025-07-04 13:27:18,880 DEBUG [LineInfo_to_exitCode.log_LineInfo] 2025-07-04 13:27:18,879 [INFO] ImportTextPane:167 - (OptionalMessage_ERROR) IP (MotorControl) : Invalid parameter (CLOCK_SOURCE)
2025-07-04 13:27:18,880 DEBUG [LineInfo_to_exitCode.log_LineInfo] 2025-07-04 13:27:18,879 [INFO] ImportTextPane:167 - (OptionalMessage_ERROR) IP (MotorControl) : Invalid parameter (CPU_CLK_170_MHZ)
2025-07-04 13:27:18,880 DEBUG [LineInfo_to_exitCode.log_LineInfo] 2025-07-04 13:27:18,880 [INFO] ImportTextPane:167 - (OptionalMessage_ERROR) IP (MotorControl) : Invalid parameter (CURR_SAMPLING_TIME)
2025-07-04 13:27:18,880 DEBUG [LineInfo_to_exitCode.log_LineInfo] 2025-07-04 13:27:18,880 [INFO] ImportTextPane:167 - (OptionalMessage_ERROR) IP (MotorControl) : Invalid parameter (CURRENT_READING_TOPOLOGY)
2025-07-04 13:27:18,880 DEBUG [LineInfo_to_exitCode.log_LineInfo] 2025-07-04 13:27:18,880 [INFO] ImportTextPane:167 - (OptionalMessage_ERROR) IP (MotorControl) : Invalid parameter (DRIVE_TYPE)
2025-07-04 13:27:18,880 DEBUG [LineInfo_to_exitCode.log_LineInfo] 2025-07-04 13:27:18,880 [INFO] ImportTextPane:167 - (OptionalMessage_ERROR) IP (MotorControl) : Invalid parameter (DRIVES_NUMBER_SELECTION)
2025-07-04 13:27:18,881 DEBUG [LineInfo_to_exitCode.log_LineInfo] 2025-07-04 13:27:18,880 [INFO] ImportTextPane:167 - (OptionalMessage_ERROR) IP (MotorControl) : Invalid parameter (ENCODER_AVAILABLE)
2025-07-04 13:27:18,881 DEBUG [LineInfo_to_exitCode.log_LineInfo] 2025-07-04 13:27:18,880 [INFO] ImportTextPane:167 - (OptionalMessage_ERROR) IP (MotorControl) : Invalid parameter (ENCODER_PPR)
2025-07-04 13:27:18,881 DEBUG [LineInfo_to_exitCode.log_LineInfo] 2025-07-04 13:27:18,880 [INFO] ImportTextPane:167 - (OptionalMessage_ERROR) IP (MotorControl) : Invalid parameter (EXT_CLK_8_MHZ)
2025-07-04 13:27:18,881 DEBUG [LineInfo_to_exitCode.log_LineInfo] 2025-07-04 13:27:18,881 [INFO] ImportTextPane:167 - (OptionalMessage_ERROR) IP (MotorControl) : Invalid parameter (EXT_CLOCK_FREQUENCY)
2025-07-04 13:27:18,881 DEBUG [LineInfo_to_exitCode.log_LineInfo] 2025-07-04 13:27:18,881 [INFO] ImportTextPane:167 - (OptionalMessage_ERROR) IP (MotorControl) : Invalid parameter (FEEDBACK_NET_FILTERING)
2025-07-04 13:27:18,881 DEBUG [LineInfo_to_exitCode.log_LineInfo] 2025-07-04 13:27:18,881 [INFO] ImportTextPane:167 - (OptionalMessage_ERROR) IP (MotorControl) : Invalid parameter (FLASH_SIZE)
2025-07-04 13:27:18,881 DEBUG [LineInfo_to_exitCode.log_LineInfo] 2025-07-04 13:27:18,881 [INFO] ImportTextPane:167 - (OptionalMessage_ERROR) IP (MotorControl) : Invalid parameter (HALL_SENSORS_AVAILABLE)
2025-07-04 13:27:18,881 DEBUG [LineInfo_to_exitCode.log_LineInfo] 2025-07-04 13:27:18,881 [INFO] ImportTextPane:167 - (OptionalMessage_ERROR) IP (MotorControl) : Invalid parameter (HW_COMPLEMENTED_LOW_SIDE)
2025-07-04 13:27:18,881 DEBUG [LineInfo_to_exitCode.log_LineInfo] 2025-07-04 13:27:18,881 [INFO] ImportTextPane:167 - (OptionalMessage_ERROR) IP (MotorControl) : Invalid parameter (HW_DEAD_TIME_NS)
2025-07-04 13:27:18,881 DEBUG [LineInfo_to_exitCode.log_LineInfo] 2025-07-04 13:27:18,881 [INFO] ImportTextPane:167 - (OptionalMessage_ERROR) IP (MotorControl) : Invalid parameter (HWV_CS)
2025-07-04 13:27:18,882 DEBUG [LineInfo_to_exitCode.log_LineInfo] 2025-07-04 13:27:18,881 [INFO] ImportTextPane:167 - (OptionalMessage_ERROR) IP (MotorControl) : Invalid parameter (HWV_PWM)
2025-07-04 13:27:18,882 DEBUG [LineInfo_to_exitCode.log_LineInfo] 2025-07-04 13:27:18,881 [INFO] ImportTextPane:167 - (OptionalMessage_ERROR) IP (MotorControl) : Invalid parameter (IPs)
2025-07-04 13:27:18,882 DEBUG [LineInfo_to_exitCode.log_LineInfo] 2025-07-04 13:27:18,881 [INFO] ImportTextPane:167 - (OptionalMessage_ERROR) IP (MotorControl) : Invalid parameter (LOW_SIDE_SIGNALS_ENABLING)
2025-07-04 13:27:18,882 DEBUG [LineInfo_to_exitCode.log_LineInfo] 2025-07-04 13:27:18,881 [INFO] ImportTextPane:167 - (OptionalMessage_ERROR) IP (MotorControl) : Invalid parameter (M1_CURRENT_AMPLIFICATION_TOPO)
2025-07-04 13:27:18,882 DEBUG [LineInfo_to_exitCode.log_LineInfo] 2025-07-04 13:27:18,881 [INFO] ImportTextPane:167 - (OptionalMessage_ERROR) IP (MotorControl) : Invalid parameter (M1_DC_CURRENT_RS_MEAS)
2025-07-04 13:27:18,882 DEBUG [LineInfo_to_exitCode.log_LineInfo] 2025-07-04 13:27:18,882 [INFO] ImportTextPane:167 - (OptionalMessage_ERROR) IP (MotorControl) : Invalid parameter (M1_HIGH_SIDE_IDLE_STATE)
2025-07-04 13:27:18,882 DEBUG [LineInfo_to_exitCode.log_LineInfo] 2025-07-04 13:27:18,882 [INFO] ImportTextPane:167 - (OptionalMessage_ERROR) IP (MotorControl) : Invalid parameter (M1_INT_AMP_OPAMP1_PIN)
2025-07-04 13:27:18,882 DEBUG [LineInfo_to_exitCode.log_LineInfo] 2025-07-04 13:27:18,882 [INFO] ImportTextPane:167 - (OptionalMessage_ERROR) IP (MotorControl) : Invalid parameter (M1_INT_AMP_OPAMP2_PIN)
2025-07-04 13:27:18,882 DEBUG [LineInfo_to_exitCode.log_LineInfo] 2025-07-04 13:27:18,882 [INFO] ImportTextPane:167 - (OptionalMessage_ERROR) IP (MotorControl) : Invalid parameter (M1_INT_AMP_OPAMP3_PIN)
2025-07-04 13:27:18,882 DEBUG [LineInfo_to_exitCode.log_LineInfo] 2025-07-04 13:27:18,882 [INFO] ImportTextPane:167 - (OptionalMessage_ERROR) IP (MotorControl) : Invalid parameter (M1_INT_AMP_OPAMPS)
2025-07-04 13:27:18,883 DEBUG [LineInfo_to_exitCode.log_LineInfo] 2025-07-04 13:27:18,882 [INFO] ImportTextPane:167 - (OptionalMessage_ERROR) IP (MotorControl) : Invalid parameter (M1_LOW_SIDE_IDLE_STATE)
2025-07-04 13:27:18,883 DEBUG [LineInfo_to_exitCode.log_LineInfo] 2025-07-04 13:27:18,883 [INFO] ImportTextPane:167 - (OptionalMessage_ERROR) IP (MotorControl) : Parameter (M1_PWM_CHARGE_BOOT_CAP_DUTY_CYCLES) has invalid value (0.000)
2025-07-04 13:27:18,883 DEBUG [LineInfo_to_exitCode.log_LineInfo] 2025-07-04 13:27:18,883 [INFO] ImportTextPane:167 - (OptionalMessage_ERROR) IP (MotorControl) : Invalid parameter (M1_PWM_TIMER_BRK_IRQ)
2025-07-04 13:27:18,884 DEBUG [LineInfo_to_exitCode.log_LineInfo] 2025-07-04 13:27:18,883 [INFO] ImportTextPane:167 - (OptionalMessage_ERROR) IP (MotorControl) : Invalid parameter (M1_PWM_TIMER_UP_IRQ)
2025-07-04 13:27:18,884 DEBUG [LineInfo_to_exitCode.log_LineInfo] 2025-07-04 13:27:18,884 [INFO] ImportTextPane:167 - (OptionalMessage_ERROR) IP (MotorControl) : Invalid parameter (M1_SPD_DIFFERENTIAL_TERM_ENABLING)
2025-07-04 13:27:18,885 DEBUG [LineInfo_to_exitCode.log_LineInfo] 2025-07-04 13:27:18,885 [INFO] ImportTextPane:167 - (OptionalMessage_ERROR) IP (MotorControl) : Invalid parameter (MAX_READABLE_CURRENT)
2025-07-04 13:27:18,885 DEBUG [LineInfo_to_exitCode.log_LineInfo] 2025-07-04 13:27:18,885 [INFO] ImportTextPane:167 - (OptionalMessage_ERROR) IP (MotorControl) : Invalid parameter (MC_WORKBENCH_VERSION)
2025-07-04 13:27:18,886 DEBUG [LineInfo_to_exitCode.log_LineInfo] 2025-07-04 13:27:18,886 [INFO] ImportTextPane:167 - (OptionalMessage_ERROR) IP (MotorControl) : Invalid parameter (MCU)
2025-07-04 13:27:18,886 DEBUG [LineInfo_to_exitCode.log_LineInfo] 2025-07-04 13:27:18,886 [INFO] ImportTextPane:167 - (OptionalMessage_ERROR) IP (MotorControl) : Invalid parameter (MCU_FAMILY)
2025-07-04 13:27:18,886 DEBUG [LineInfo_to_exitCode.log_LineInfo] 2025-07-04 13:27:18,886 [INFO] ImportTextPane:167 - (OptionalMessage_ERROR) IP (MotorControl) : Invalid parameter (MCU_LINE)
2025-07-04 13:27:18,886 DEBUG [LineInfo_to_exitCode.log_LineInfo] 2025-07-04 13:27:18,886 [INFO] ImportTextPane:167 - (OptionalMessage_ERROR) IP (MotorControl) : Invalid parameter (MCU_PACKAGE)
2025-07-04 13:27:18,886 DEBUG [LineInfo_to_exitCode.log_LineInfo] 2025-07-04 13:27:18,886 [INFO] ImportTextPane:167 - (OptionalMessage_ERROR) IP (MotorControl) : Invalid parameter (MCU_TYPE)
2025-07-04 13:27:18,886 DEBUG [LineInfo_to_exitCode.log_LineInfo] 2025-07-04 13:27:18,886 [INFO] ImportTextPane:167 - (OptionalMessage_ERROR) IP (MotorControl) : Invalid parameter (MCU_USERNAME)
2025-07-04 13:27:18,887 DEBUG [LineInfo_to_exitCode.log_LineInfo] 2025-07-04 13:27:18,886 [INFO] ImportTextPane:167 - (OptionalMessage_ERROR) IP (MotorControl) : Invalid parameter (MOTOR_TYPE)
2025-07-04 13:27:18,887 DEBUG [LineInfo_to_exitCode.log_LineInfo] 2025-07-04 13:27:18,886 [INFO] ImportTextPane:167 - (OptionalMessage_ERROR) IP (MotorControl) : Invalid parameter (ON_OVER_VOLTAGE)
2025-07-04 13:27:18,887 DEBUG [LineInfo_to_exitCode.log_LineInfo] 2025-07-04 13:27:18,887 [INFO] ImportTextPane:167 - (OptionalMessage_ERROR) IP (MotorControl) : Invalid parameter (OPAMP_PGAGAIN)
2025-07-04 13:27:18,887 DEBUG [LineInfo_to_exitCode.log_LineInfo] 2025-07-04 13:27:18,887 [INFO] ImportTextPane:167 - (OptionalMessage_ERROR) IP (MotorControl) : Invalid parameter (OPAMP_TYPE_GAIN)
2025-07-04 13:27:18,887 DEBUG [LineInfo_to_exitCode.log_LineInfo] 2025-07-04 13:27:18,887 [INFO] ImportTextPane:167 - (OptionalMessage_ERROR) IP (MotorControl) : Invalid parameter (OPAMP1_INVERTINGINPUT)
2025-07-04 13:27:18,887 DEBUG [LineInfo_to_exitCode.log_LineInfo] 2025-07-04 13:27:18,887 [INFO] ImportTextPane:167 - (OptionalMessage_ERROR) IP (MotorControl) : Invalid parameter (OPAMP1_INVERTINGINPUT_GPIO_PIN)
2025-07-04 13:27:18,887 DEBUG [LineInfo_to_exitCode.log_LineInfo] 2025-07-04 13:27:18,887 [INFO] ImportTextPane:167 - (OptionalMessage_ERROR) IP (MotorControl) : Invalid parameter (OPAMP1_INVERTINGINPUT_GPIO_PORT)
2025-07-04 13:27:18,888 DEBUG [LineInfo_to_exitCode.log_LineInfo] 2025-07-04 13:27:18,887 [INFO] ImportTextPane:167 - (OptionalMessage_ERROR) IP (MotorControl) : Invalid parameter (OPAMP1_INVERTINGINPUT_MODE)
2025-07-04 13:27:18,888 DEBUG [LineInfo_to_exitCode.log_LineInfo] 2025-07-04 13:27:18,887 [INFO] ImportTextPane:167 - (OptionalMessage_ERROR) IP (MotorControl) : Invalid parameter (OPAMP1_NONINVERTINGINPUT_PHA_GPIO_PIN)
2025-07-04 13:27:18,888 DEBUG [LineInfo_to_exitCode.log_LineInfo] 2025-07-04 13:27:18,887 [INFO] ImportTextPane:167 - (OptionalMessage_ERROR) IP (MotorControl) : Invalid parameter (OPAMP1_NONINVERTINGINPUT_PHA_GPIO_PORT)
2025-07-04 13:27:18,888 DEBUG [LineInfo_to_exitCode.log_LineInfo] 2025-07-04 13:27:18,888 [INFO] ImportTextPane:167 - (OptionalMessage_ERROR) IP (MotorControl) : Invalid parameter (OPAMP1_OUT_GPIO_PIN)
2025-07-04 13:27:18,888 DEBUG [LineInfo_to_exitCode.log_LineInfo] 2025-07-04 13:27:18,888 [INFO] ImportTextPane:167 - (OptionalMessage_ERROR) IP (MotorControl) : Invalid parameter (OPAMP1_OUT_GPIO_PORT)
2025-07-04 13:27:18,888 DEBUG [LineInfo_to_exitCode.log_LineInfo] 2025-07-04 13:27:18,888 [INFO] ImportTextPane:167 - (OptionalMessage_ERROR) IP (MotorControl) : Invalid parameter (OPAMP2_INVERTINGINPUT)
2025-07-04 13:27:18,888 DEBUG [LineInfo_to_exitCode.log_LineInfo] 2025-07-04 13:27:18,888 [INFO] ImportTextPane:167 - (OptionalMessage_ERROR) IP (MotorControl) : Invalid parameter (OPAMP2_INVERTINGINPUT_GPIO_PIN)
2025-07-04 13:27:18,888 DEBUG [LineInfo_to_exitCode.log_LineInfo] 2025-07-04 13:27:18,888 [INFO] ImportTextPane:167 - (OptionalMessage_ERROR) IP (MotorControl) : Invalid parameter (OPAMP2_INVERTINGINPUT_GPIO_PORT)
2025-07-04 13:27:18,888 DEBUG [LineInfo_to_exitCode.log_LineInfo] 2025-07-04 13:27:18,888 [INFO] ImportTextPane:167 - (OptionalMessage_ERROR) IP (MotorControl) : Invalid parameter (OPAMP2_INVERTINGINPUT_MODE)
2025-07-04 13:27:18,888 DEBUG [LineInfo_to_exitCode.log_LineInfo] 2025-07-04 13:27:18,888 [INFO] ImportTextPane:167 - (OptionalMessage_ERROR) IP (MotorControl) : Invalid parameter (OPAMP2_NONINVERTINGINPUT_PHB_GPIO_PIN)
2025-07-04 13:27:18,888 DEBUG [LineInfo_to_exitCode.log_LineInfo] 2025-07-04 13:27:18,888 [INFO] ImportTextPane:167 - (OptionalMessage_ERROR) IP (MotorControl) : Invalid parameter (OPAMP2_NONINVERTINGINPUT_PHB_GPIO_PORT)
2025-07-04 13:27:18,889 DEBUG [LineInfo_to_exitCode.log_LineInfo] 2025-07-04 13:27:18,888 [INFO] ImportTextPane:167 - (OptionalMessage_ERROR) IP (MotorControl) : Invalid parameter (OPAMP2_OUT_GPIO_PIN)
2025-07-04 13:27:18,889 DEBUG [LineInfo_to_exitCode.log_LineInfo] 2025-07-04 13:27:18,888 [INFO] ImportTextPane:167 - (OptionalMessage_ERROR) IP (MotorControl) : Invalid parameter (OPAMP2_OUT_GPIO_PORT)
2025-07-04 13:27:18,889 DEBUG [LineInfo_to_exitCode.log_LineInfo] 2025-07-04 13:27:18,889 [INFO] ImportTextPane:167 - (OptionalMessage_ERROR) IP (MotorControl) : Invalid parameter (OPAMP3_INVERTINGINPUT)
2025-07-04 13:27:18,889 DEBUG [LineInfo_to_exitCode.log_LineInfo] 2025-07-04 13:27:18,889 [INFO] ImportTextPane:167 - (OptionalMessage_ERROR) IP (MotorControl) : Invalid parameter (OPAMP3_INVERTINGINPUT_GPIO_PIN)
2025-07-04 13:27:18,889 DEBUG [LineInfo_to_exitCode.log_LineInfo] 2025-07-04 13:27:18,889 [INFO] ImportTextPane:167 - (OptionalMessage_ERROR) IP (MotorControl) : Invalid parameter (OPAMP3_INVERTINGINPUT_GPIO_PORT)
2025-07-04 13:27:18,889 DEBUG [LineInfo_to_exitCode.log_LineInfo] 2025-07-04 13:27:18,889 [INFO] ImportTextPane:167 - (OptionalMessage_ERROR) IP (MotorControl) : Invalid parameter (OPAMP3_INVERTINGINPUT_MODE)
2025-07-04 13:27:18,889 DEBUG [LineInfo_to_exitCode.log_LineInfo] 2025-07-04 13:27:18,889 [INFO] ImportTextPane:167 - (OptionalMessage_ERROR) IP (MotorControl) : Invalid parameter (OPAMP3_NONINVERTINGINPUT_PHC)
2025-07-04 13:27:18,889 DEBUG [LineInfo_to_exitCode.log_LineInfo] 2025-07-04 13:27:18,889 [INFO] ImportTextPane:167 - (OptionalMessage_ERROR) IP (MotorControl) : Invalid parameter (OPAMP3_NONINVERTINGINPUT_PHC_GPIO_PIN)
2025-07-04 13:27:18,889 DEBUG [LineInfo_to_exitCode.log_LineInfo] 2025-07-04 13:27:18,889 [INFO] ImportTextPane:167 - (OptionalMessage_ERROR) IP (MotorControl) : Invalid parameter (OPAMP3_NONINVERTINGINPUT_PHC_GPIO_PORT)
2025-07-04 13:27:18,890 DEBUG [LineInfo_to_exitCode.log_LineInfo] 2025-07-04 13:27:18,889 [INFO] ImportTextPane:167 - (OptionalMessage_ERROR) IP (MotorControl) : Invalid parameter (OPAMP3_OUT_GPIO_PIN)
2025-07-04 13:27:18,890 DEBUG [LineInfo_to_exitCode.log_LineInfo] 2025-07-04 13:27:18,889 [INFO] ImportTextPane:167 - (OptionalMessage_ERROR) IP (MotorControl) : Invalid parameter (OPAMP3_OUT_GPIO_PORT)
2025-07-04 13:27:18,890 DEBUG [LineInfo_to_exitCode.log_LineInfo] 2025-07-04 13:27:18,890 [INFO] ImportTextPane:167 - (OptionalMessage_ERROR) IP (MotorControl) : Invalid parameter (OPAMP3_SELECTION)
2025-07-04 13:27:18,890 DEBUG [LineInfo_to_exitCode.log_LineInfo] 2025-07-04 13:27:18,890 [INFO] ImportTextPane:167 - (OptionalMessage_ERROR) IP (MotorControl) : Invalid parameter (OV_TEMPERATURE_PROT_ENABLING)
2025-07-04 13:27:18,890 DEBUG [LineInfo_to_exitCode.log_LineInfo] 2025-07-04 13:27:18,890 [INFO] ImportTextPane:167 - (OptionalMessage_ERROR) IP (MotorControl) : Invalid parameter (OV_VOLTAGE_PROT_ENABLING)
2025-07-04 13:27:18,890 DEBUG [LineInfo_to_exitCode.log_LineInfo] 2025-07-04 13:27:18,890 [INFO] ImportTextPane:167 - (OptionalMessage_ERROR) IP (MotorControl) : Invalid parameter (PHASE_U_CURR_ADC)
2025-07-04 13:27:18,890 DEBUG [LineInfo_to_exitCode.log_LineInfo] 2025-07-04 13:27:18,890 [INFO] ImportTextPane:167 - (OptionalMessage_ERROR) IP (MotorControl) : Invalid parameter (PHASE_U_GPIO_PIN)
2025-07-04 13:27:18,891 DEBUG [LineInfo_to_exitCode.log_LineInfo] 2025-07-04 13:27:18,890 [INFO] ImportTextPane:167 - (OptionalMessage_ERROR) IP (MotorControl) : Invalid parameter (PHASE_U_GPIO_PORT)
2025-07-04 13:27:18,891 DEBUG [LineInfo_to_exitCode.log_LineInfo] 2025-07-04 13:27:18,890 [INFO] ImportTextPane:167 - (OptionalMessage_ERROR) IP (MotorControl) : Invalid parameter (PHASE_U_PWM_CHANNEL)
2025-07-04 13:27:18,891 DEBUG [LineInfo_to_exitCode.log_LineInfo] 2025-07-04 13:27:18,890 [INFO] ImportTextPane:167 - (OptionalMessage_ERROR) IP (MotorControl) : Invalid parameter (PHASE_UH_GPIO_PIN)
2025-07-04 13:27:18,891 DEBUG [LineInfo_to_exitCode.log_LineInfo] 2025-07-04 13:27:18,890 [INFO] ImportTextPane:167 - (OptionalMessage_ERROR) IP (MotorControl) : Invalid parameter (PHASE_UH_GPIO_PORT)
2025-07-04 13:27:18,891 DEBUG [LineInfo_to_exitCode.log_LineInfo] 2025-07-04 13:27:18,890 [INFO] ImportTextPane:167 - (OptionalMessage_ERROR) IP (MotorControl) : Invalid parameter (PHASE_UL_GPIO_PIN)
2025-07-04 13:27:18,891 DEBUG [LineInfo_to_exitCode.log_LineInfo] 2025-07-04 13:27:18,890 [INFO] ImportTextPane:167 - (OptionalMessage_ERROR) IP (MotorControl) : Invalid parameter (PHASE_UL_GPIO_PORT)
2025-07-04 13:27:18,891 DEBUG [LineInfo_to_exitCode.log_LineInfo] 2025-07-04 13:27:18,890 [INFO] ImportTextPane:167 - (OptionalMessage_ERROR) IP (MotorControl) : Parameter (PHASE_UL_POLARITY) has invalid value (L_ACTIVE_HIGH)
2025-07-04 13:27:18,892 DEBUG [LineInfo_to_exitCode.log_LineInfo] 2025-07-04 13:27:18,891 [INFO] ImportTextPane:167 - (OptionalMessage_ERROR) IP (MotorControl) : Invalid parameter (PHASE_V_CURR_ADC)
2025-07-04 13:27:18,892 DEBUG [LineInfo_to_exitCode.log_LineInfo] 2025-07-04 13:27:18,891 [INFO] ImportTextPane:167 - (OptionalMessage_ERROR) IP (MotorControl) : Invalid parameter (PHASE_V_GPIO_PIN)
2025-07-04 13:27:18,892 DEBUG [LineInfo_to_exitCode.log_LineInfo] 2025-07-04 13:27:18,891 [INFO] ImportTextPane:167 - (OptionalMessage_ERROR) IP (MotorControl) : Invalid parameter (PHASE_V_GPIO_PORT)
2025-07-04 13:27:18,892 DEBUG [LineInfo_to_exitCode.log_LineInfo] 2025-07-04 13:27:18,891 [INFO] ImportTextPane:167 - (OptionalMessage_ERROR) IP (MotorControl) : Invalid parameter (PHASE_V_PWM_CHANNEL)
2025-07-04 13:27:18,892 DEBUG [LineInfo_to_exitCode.log_LineInfo] 2025-07-04 13:27:18,891 [INFO] ImportTextPane:167 - (OptionalMessage_ERROR) IP (MotorControl) : Invalid parameter (PHASE_VH_GPIO_PIN)
2025-07-04 13:27:18,893 DEBUG [LineInfo_to_exitCode.log_LineInfo] 2025-07-04 13:27:18,891 [INFO] ImportTextPane:167 - (OptionalMessage_ERROR) IP (MotorControl) : Invalid parameter (PHASE_VH_GPIO_PORT)
2025-07-04 13:27:18,893 DEBUG [LineInfo_to_exitCode.log_LineInfo] 2025-07-04 13:27:18,891 [INFO] ImportTextPane:167 - (OptionalMessage_ERROR) IP (MotorControl) : Invalid parameter (PHASE_VL_GPIO_PIN)
2025-07-04 13:27:18,893 DEBUG [LineInfo_to_exitCode.log_LineInfo] 2025-07-04 13:27:18,892 [INFO] ImportTextPane:167 - (OptionalMessage_ERROR) IP (MotorControl) : Invalid parameter (PHASE_VL_GPIO_PORT)
2025-07-04 13:27:18,893 DEBUG [LineInfo_to_exitCode.log_LineInfo] 2025-07-04 13:27:18,892 [INFO] ImportTextPane:167 - (OptionalMessage_ERROR) IP (MotorControl) : Parameter (PHASE_VL_POLARITY) has invalid value (L_ACTIVE_HIGH)
2025-07-04 13:27:18,893 DEBUG [LineInfo_to_exitCode.log_LineInfo] 2025-07-04 13:27:18,892 [INFO] ImportTextPane:167 - (OptionalMessage_ERROR) IP (MotorControl) : Invalid parameter (PHASE_W_CURR_ADC)
2025-07-04 13:27:18,893 DEBUG [LineInfo_to_exitCode.log_LineInfo] 2025-07-04 13:27:18,892 [INFO] ImportTextPane:167 - (OptionalMessage_ERROR) IP (MotorControl) : Invalid parameter (PHASE_W_GPIO_PIN)
2025-07-04 13:27:18,893 DEBUG [LineInfo_to_exitCode.log_LineInfo] 2025-07-04 13:27:18,892 [INFO] ImportTextPane:167 - (OptionalMessage_ERROR) IP (MotorControl) : Invalid parameter (PHASE_W_GPIO_PORT)
2025-07-04 13:27:18,893 DEBUG [LineInfo_to_exitCode.log_LineInfo] 2025-07-04 13:27:18,893 [INFO] ImportTextPane:167 - (OptionalMessage_ERROR) IP (MotorControl) : Invalid parameter (PHASE_W_PWM_CHANNEL)
2025-07-04 13:27:18,893 DEBUG [LineInfo_to_exitCode.log_LineInfo] 2025-07-04 13:27:18,893 [INFO] ImportTextPane:167 - (OptionalMessage_ERROR) IP (MotorControl) : Invalid parameter (PHASE_W_S_CURR_ADC)
2025-07-04 13:27:18,893 DEBUG [LineInfo_to_exitCode.log_LineInfo] 2025-07-04 13:27:18,893 [INFO] ImportTextPane:167 - (OptionalMessage_ERROR) IP (MotorControl) : Invalid parameter (PHASE_W_S_CURR_CHANNEL)
2025-07-04 13:27:18,894 DEBUG [LineInfo_to_exitCode.log_LineInfo] 2025-07-04 13:27:18,893 [INFO] ImportTextPane:167 - (OptionalMessage_ERROR) IP (MotorControl) : Invalid parameter (PHASE_W_S_GPIO_PIN)
2025-07-04 13:27:18,894 DEBUG [LineInfo_to_exitCode.log_LineInfo] 2025-07-04 13:27:18,893 [INFO] ImportTextPane:167 - (OptionalMessage_ERROR) IP (MotorControl) : Invalid parameter (PHASE_W_S_GPIO_PORT)
2025-07-04 13:27:18,894 DEBUG [LineInfo_to_exitCode.log_LineInfo] 2025-07-04 13:27:18,893 [INFO] ImportTextPane:167 - (OptionalMessage_ERROR) IP (MotorControl) : Invalid parameter (PHASE_WH_GPIO_PIN)
2025-07-04 13:27:18,894 DEBUG [LineInfo_to_exitCode.log_LineInfo] 2025-07-04 13:27:18,893 [INFO] ImportTextPane:167 - (OptionalMessage_ERROR) IP (MotorControl) : Invalid parameter (PHASE_WH_GPIO_PORT)
2025-07-04 13:27:18,894 DEBUG [LineInfo_to_exitCode.log_LineInfo] 2025-07-04 13:27:18,893 [INFO] ImportTextPane:167 - (OptionalMessage_ERROR) IP (MotorControl) : Invalid parameter (PHASE_WL_GPIO_PIN)
2025-07-04 13:27:18,894 DEBUG [LineInfo_to_exitCode.log_LineInfo] 2025-07-04 13:27:18,893 [INFO] ImportTextPane:167 - (OptionalMessage_ERROR) IP (MotorControl) : Invalid parameter (PHASE_WL_GPIO_PORT)
2025-07-04 13:27:18,894 DEBUG [LineInfo_to_exitCode.log_LineInfo] 2025-07-04 13:27:18,893 [INFO] ImportTextPane:167 - (OptionalMessage_ERROR) IP (MotorControl) : Parameter (PHASE_WL_POLARITY) has invalid value (L_ACTIVE_HIGH)
2025-07-04 13:27:18,895 DEBUG [LineInfo_to_exitCode.log_LineInfo] 2025-07-04 13:27:18,893 [INFO] ImportTextPane:167 - (OptionalMessage_ERROR) IP (MotorControl) : Invalid parameter (POTENTIOMETER_READING)
2025-07-04 13:27:18,895 DEBUG [LineInfo_to_exitCode.log_LineInfo] 2025-07-04 13:27:18,894 [INFO] ImportTextPane:167 - (OptionalMessage_ERROR) IP (MotorControl) : Invalid parameter (PWM_FREQUENCY)
2025-07-04 13:27:18,895 DEBUG [LineInfo_to_exitCode.log_LineInfo] 2025-07-04 13:27:18,894 [INFO] ImportTextPane:167 - (OptionalMessage_ERROR) IP (MotorControl) : Invalid parameter (PWM_TIMER_SELECTION)
2025-07-04 13:27:18,895 DEBUG [LineInfo_to_exitCode.log_LineInfo] 2025-07-04 13:27:18,894 [INFO] ImportTextPane:167 - (OptionalMessage_ERROR) IP (MotorControl) : Invalid parameter (R_BRAKE_SWITCH_OFF_THRES_V)
2025-07-04 13:27:18,895 DEBUG [LineInfo_to_exitCode.log_LineInfo] 2025-07-04 13:27:18,894 [INFO] ImportTextPane:167 - (OptionalMessage_ERROR) IP (MotorControl) : Invalid parameter (REGULATION_EXECUTION_RATE)
2025-07-04 13:27:18,895 DEBUG [LineInfo_to_exitCode.log_LineInfo] 2025-07-04 13:27:18,894 [INFO] ImportTextPane:167 - (OptionalMessage_ERROR) IP (MotorControl) : Invalid parameter (SINGLEDRIVE)
2025-07-04 13:27:18,895 DEBUG [LineInfo_to_exitCode.log_LineInfo] 2025-07-04 13:27:18,894 [INFO] ImportTextPane:167 - (OptionalMessage_ERROR) IP (MotorControl) : Invalid parameter (SPD_DIFFERENTIAL_TERM_ENABLING)
2025-07-04 13:27:18,895 DEBUG [LineInfo_to_exitCode.log_LineInfo] 2025-07-04 13:27:18,894 [INFO] ImportTextPane:167 - (OptionalMessage_ERROR) IP (MotorControl) : Invalid parameter (SPEED_SENSOR_SELECTION)
2025-07-04 13:27:18,895 DEBUG [LineInfo_to_exitCode.log_LineInfo] 2025-07-04 13:27:18,894 [INFO] ImportTextPane:167 - (OptionalMessage_ERROR) IP (MotorControl) : Invalid parameter (START_STOP_POLARITY)
2025-07-04 13:27:18,896 DEBUG [LineInfo_to_exitCode.log_LineInfo] 2025-07-04 13:27:18,895 [INFO] ImportTextPane:167 - (OptionalMessage_ERROR) IP (MotorControl) : Invalid parameter (START_STOP_POLARITY_EDGE)
2025-07-04 13:27:18,896 DEBUG [LineInfo_to_exitCode.log_LineInfo] 2025-07-04 13:27:18,895 [INFO] ImportTextPane:167 - (OptionalMessage_ERROR) IP (MotorControl) : Invalid parameter (STATE_OBSERVER_PLL)
2025-07-04 13:27:18,896 DEBUG [LineInfo_to_exitCode.log_LineInfo] 2025-07-04 13:27:18,895 [INFO] ImportTextPane:167 - (OptionalMessage_ERROR) IP (MotorControl) : Invalid parameter (STM32G431CB)
2025-07-04 13:27:18,896 DEBUG [LineInfo_to_exitCode.log_LineInfo] 2025-07-04 13:27:18,895 [INFO] ImportTextPane:167 - (OptionalMessage_ERROR) IP (MotorControl) : Invalid parameter (SW_DEADTIME_NS)
2025-07-04 13:27:18,896 DEBUG [LineInfo_to_exitCode.log_LineInfo] 2025-07-04 13:27:18,895 [INFO] ImportTextPane:167 - (OptionalMessage_ERROR) IP (MotorControl) : Invalid parameter (TEMP_ADC_SAMPLING_TIME)
2025-07-04 13:27:18,896 DEBUG [LineInfo_to_exitCode.log_LineInfo] 2025-07-04 13:27:18,895 [INFO] ImportTextPane:167 - (OptionalMessage_ERROR) IP (MotorControl) : Invalid parameter (TEMP_FDBK_ADC)
2025-07-04 13:27:18,897 DEBUG [LineInfo_to_exitCode.log_LineInfo] 2025-07-04 13:27:18,895 [INFO] ImportTextPane:167 - (OptionalMessage_ERROR) IP (MotorControl) : Invalid parameter (TEMP_FDBK_CHANNEL)
2025-07-04 13:27:18,897 DEBUG [LineInfo_to_exitCode.log_LineInfo] 2025-07-04 13:27:18,895 [INFO] ImportTextPane:167 - (OptionalMessage_ERROR) IP (MotorControl) : Invalid parameter (TEMP_FDBK_GPIO_PIN)
2025-07-04 13:27:18,897 DEBUG [LineInfo_to_exitCode.log_LineInfo] 2025-07-04 13:27:18,895 [INFO] ImportTextPane:167 - (OptionalMessage_ERROR) IP (MotorControl) : Invalid parameter (TEMP_FDBK_GPIO_PORT)
2025-07-04 13:27:18,897 DEBUG [LineInfo_to_exitCode.log_LineInfo] 2025-07-04 13:27:18,895 [INFO] ImportTextPane:167 - (OptionalMessage_ERROR) IP (MotorControl) : Invalid parameter (TEMPERATURE_READING)
2025-07-04 13:27:18,897 DEBUG [LineInfo_to_exitCode.log_LineInfo] 2025-07-04 13:27:18,895 [INFO] ImportTextPane:167 - (OptionalMessage_ERROR) IP (MotorControl) : Invalid parameter (TFDIFFERENTIAL_TERM_ENABLING)
2025-07-04 13:27:18,897 DEBUG [LineInfo_to_exitCode.log_LineInfo] 2025-07-04 13:27:18,895 [INFO] ImportTextPane:167 - (OptionalMessage_ERROR) IP (MotorControl) : Invalid parameter (TRISE_NS)
2025-07-04 13:27:18,897 DEBUG [LineInfo_to_exitCode.log_LineInfo] 2025-07-04 13:27:18,896 [INFO] ImportTextPane:167 - (OptionalMessage_ERROR) IP (MotorControl) : Invalid parameter (USART_RX_GPIO_PIN)
2025-07-04 13:27:18,898 DEBUG [LineInfo_to_exitCode.log_LineInfo] 2025-07-04 13:27:18,896 [INFO] ImportTextPane:167 - (OptionalMessage_ERROR) IP (MotorControl) : Invalid parameter (USART_RX_GPIO_PORT)
2025-07-04 13:27:18,898 DEBUG [LineInfo_to_exitCode.log_LineInfo] 2025-07-04 13:27:18,896 [INFO] ImportTextPane:167 - (OptionalMessage_ERROR) IP (MotorControl) : Invalid parameter (USART_SELECTION)
2025-07-04 13:27:18,898 DEBUG [LineInfo_to_exitCode.log_LineInfo] 2025-07-04 13:27:18,896 [INFO] ImportTextPane:167 - (OptionalMessage_ERROR) IP (MotorControl) : Invalid parameter (USART_SPEED)
2025-07-04 13:27:18,898 DEBUG [LineInfo_to_exitCode.log_LineInfo] 2025-07-04 13:27:18,896 [INFO] ImportTextPane:167 - (OptionalMessage_ERROR) IP (MotorControl) : Invalid parameter (USART_TX_GPIO_PIN)
2025-07-04 13:27:18,898 DEBUG [LineInfo_to_exitCode.log_LineInfo] 2025-07-04 13:27:18,896 [INFO] ImportTextPane:167 - (OptionalMessage_ERROR) IP (MotorControl) : Invalid parameter (USART_TX_GPIO_PORT)
2025-07-04 13:27:18,898 DEBUG [LineInfo_to_exitCode.log_LineInfo] 2025-07-04 13:27:18,896 [INFO] ImportTextPane:167 - (OptionalMessage_ERROR) IP (MotorControl) : Invalid parameter (USE_3OPAMPS)
2025-07-04 13:27:18,899 DEBUG [LineInfo_to_exitCode.log_LineInfo] 2025-07-04 13:27:18,896 [INFO] ImportTextPane:167 - (OptionalMessage_ERROR) IP (MotorControl) : Invalid parameter (USE_INTERNAL_OPAMP)
2025-07-04 13:27:18,899 DEBUG [LineInfo_to_exitCode.log_LineInfo] 2025-07-04 13:27:18,896 [INFO] ImportTextPane:167 - (OptionalMessage_ERROR) IP (MotorControl) : Invalid parameter (UV_VOLTAGE_PROT_ENABLING)
2025-07-04 13:27:18,899 DEBUG [LineInfo_to_exitCode.log_LineInfo] 2025-07-04 13:27:18,897 [INFO] ImportTextPane:167 - (OptionalMessage_ERROR) IP (MotorControl) : Invalid parameter (VBUS_ADC)
2025-07-04 13:27:18,899 DEBUG [LineInfo_to_exitCode.log_LineInfo] 2025-07-04 13:27:18,897 [INFO] ImportTextPane:167 - (OptionalMessage_ERROR) IP (MotorControl) : Invalid parameter (VBUS_ADC_SAMPLING_TIME)
2025-07-04 13:27:18,899 DEBUG [LineInfo_to_exitCode.log_LineInfo] 2025-07-04 13:27:18,897 [INFO] ImportTextPane:167 - (OptionalMessage_ERROR) IP (MotorControl) : Invalid parameter (VBUS_CHANNEL)
2025-07-04 13:27:18,899 DEBUG [LineInfo_to_exitCode.log_LineInfo] 2025-07-04 13:27:18,897 [INFO] ImportTextPane:167 - (OptionalMessage_ERROR) IP (MotorControl) : Invalid parameter (VBUS_GPIO_PIN)
2025-07-04 13:27:18,900 DEBUG [LineInfo_to_exitCode.log_LineInfo] 2025-07-04 13:27:18,897 [INFO] ImportTextPane:167 - (OptionalMessage_ERROR) IP (MotorControl) : Invalid parameter (VBUS_GPIO_PORT)
2025-07-04 13:27:18,900 DEBUG [LineInfo_to_exitCode.log_LineInfo] 2025-07-04 13:27:18,897 [INFO] ImportTextPane:167 - (OptionalMessage_ERROR) IP (MotorControl) : Invalid parameter (WB_to_Mx_template_version)
2025-07-04 13:27:18,900 DEBUG [LineInfo_to_exitCode.log_LineInfo] 2025-07-04 13:27:18,897 [INFO] ImportTextPane:167 - (OptionalMessage_ERROR) IP (MotorControl) : Invalid parameter (WB_to_Mx_version)
2025-07-04 13:27:18,900 DEBUG [LineInfo_to_exitCode.log_LineInfo] 2025-07-04 13:27:18,897 [INFO] ImportTextPane:167 - (OptionalMessage_ERROR) IP (MotorControl) : Invalid parameter (WB_UI_CUTOFF_FREQUENCY)
2025-07-04 13:27:18,900 DEBUG [LineInfo_to_exitCode.log_LineInfo] 2025-07-04 13:27:18,898 [INFO] ImportTextPane:167 - (OptionalMessage_ERROR) IP (MotorControl) : Invalid parameter (WB_UI_ENCODER_HAS_INDEX_PIN)
2025-07-04 13:27:18,900 DEBUG [LineInfo_to_exitCode.log_LineInfo] 2025-07-04 13:27:18,898 [INFO] ImportTextPane:167 - (OptionalMessage_ERROR) IP (MotorControl) : Invalid parameter (WB_UI_FLUX_TARGET)
2025-07-04 13:27:18,900 DEBUG [LineInfo_to_exitCode.log_LineInfo] 2025-07-04 13:27:18,898 [INFO] ImportTextPane:167 - (OptionalMessage_ERROR) IP (MotorControl) : Invalid parameter (WB_UI_FRICTION)
2025-07-04 13:27:18,900 DEBUG [LineInfo_to_exitCode.log_LineInfo] 2025-07-04 13:27:18,898 [INFO] ImportTextPane:167 - (OptionalMessage_ERROR) IP (MotorControl) : Invalid parameter (WB_UI_GAIN)
2025-07-04 13:27:18,900 DEBUG [LineInfo_to_exitCode.log_LineInfo] 2025-07-04 13:27:18,898 [INFO] ImportTextPane:167 - (OptionalMessage_ERROR) IP (MotorControl) : Invalid parameter (WB_UI_GAINLIST)
2025-07-04 13:27:18,900 DEBUG [LineInfo_to_exitCode.log_LineInfo] 2025-07-04 13:27:18,898 [INFO] ImportTextPane:167 - (OptionalMessage_ERROR) IP (MotorControl) : Invalid parameter (WB_UI_GON)
2025-07-04 13:27:18,902 DEBUG [LineInfo_to_exitCode.log_LineInfo] 2025-07-04 13:27:18,898 [INFO] ImportTextPane:167 - (OptionalMessage_ERROR) IP (MotorControl) : Invalid parameter (WB_UI_GOP)
2025-07-04 13:27:18,902 DEBUG [LineInfo_to_exitCode.log_LineInfo] 2025-07-04 13:27:18,898 [INFO] ImportTextPane:167 - (OptionalMessage_ERROR) IP (MotorControl) : Invalid parameter (WB_UI_INERTIA)
2025-07-04 13:27:18,902 DEBUG [LineInfo_to_exitCode.log_LineInfo] 2025-07-04 13:27:18,898 [INFO] ImportTextPane:167 - (OptionalMessage_ERROR) IP (MotorControl) : Invalid parameter (WB_UI_MAGNETIC_STRUCTURE)
2025-07-04 13:27:18,902 DEBUG [LineInfo_to_exitCode.log_LineInfo] 2025-07-04 13:27:18,898 [INFO] ImportTextPane:167 - (OptionalMessage_ERROR) IP (MotorControl) : Invalid parameter (WB_UI_MAX_CURRENT)
2025-07-04 13:27:18,902 DEBUG [LineInfo_to_exitCode.log_LineInfo] 2025-07-04 13:27:18,898 [INFO] ImportTextPane:167 - (OptionalMessage_ERROR) IP (MotorControl) : Invalid parameter (WB_UI_MAX_NOMINAL_DC_VOLTAGE)
2025-07-04 13:27:18,902 DEBUG [LineInfo_to_exitCode.log_LineInfo] 2025-07-04 13:27:18,898 [INFO] ImportTextPane:167 - (OptionalMessage_ERROR) IP (MotorControl) : Invalid parameter (WB_UI_MAX_PWMFREQUENCY)
2025-07-04 13:27:18,902 DEBUG [LineInfo_to_exitCode.log_LineInfo] 2025-07-04 13:27:18,898 [INFO] ImportTextPane:167 - (OptionalMessage_ERROR) IP (MotorControl) : Invalid parameter (WB_UI_MOTOR_DESCRIPTION)
2025-07-04 13:27:18,902 DEBUG [LineInfo_to_exitCode.log_LineInfo] 2025-07-04 13:27:18,899 [INFO] ImportTextPane:167 - (OptionalMessage_ERROR) IP (MotorControl) : Invalid parameter (WB_UI_PW_BOARD_MAX_RATED_CURRENT)
2025-07-04 13:27:18,903 DEBUG [LineInfo_to_exitCode.log_LineInfo] 2025-07-04 13:27:18,899 [INFO] ImportTextPane:167 - (OptionalMessage_ERROR) IP (MotorControl) : Invalid parameter (WB_UI_PW_BOARD_MAX_VOLTAGE)
2025-07-04 13:27:18,903 DEBUG [LineInfo_to_exitCode.log_LineInfo] 2025-07-04 13:27:18,899 [INFO] ImportTextPane:167 - (OptionalMessage_ERROR) IP (MotorControl) : Invalid parameter (WB_UI_PW_BOARD_MIN_VOLTAGE)
2025-07-04 13:27:18,903 DEBUG [LineInfo_to_exitCode.log_LineInfo] 2025-07-04 13:27:18,899 [INFO] ImportTextPane:167 - (OptionalMessage_ERROR) IP (MotorControl) : Invalid parameter (WB_UI_VPOL)
2025-07-04 13:27:18,903 DEBUG [LineInfo_to_exitCode.log_LineInfo] 2025-07-04 13:27:18,899 [INFO] ImportTextPane:167 - (OptionalMessage_ERROR) IP (MotorControl) : Invalid parameter (WB_UI_VPOL_K)
2025-07-04 13:27:18,908 DEBUG [LineInfo_to_exitCode.log_LineInfo] 2025-07-04 13:27:18,908 [INFO] ImportTextPane:167 - (OptionalMessage_ERROR) IP (RCC) : Invalid parameter (FamilyName)
2025-07-04 13:27:18,909 DEBUG [LineInfo_to_exitCode.log_LineInfo] 2025-07-04 13:27:18,909 [INFO] ImportTextPane:167 - (OptionalMessage_ERROR) IP (RCC) : Parameter (RNGFreq_Value) has invalid value (170000000)
2025-07-04 13:27:18,910 DEBUG [LineInfo_to_exitCode.log_LineInfo] 2025-07-04 13:27:18,909 [INFO] ImportTextPane:167 - (OptionalMessage_ERROR) IP (RCC) : Parameter (USBFreq_Value) has invalid value (170000000)
2025-07-04 13:27:18,953 DEBUG [LineInfo_to_exitCode.log_LineInfo] 2025-07-04 13:27:18,953 [INFO] ImportTextPane:167 - (OptionalMessage_ERROR) IP (TIM1) : Parameter (TIM_SlaveMode) has invalid value (TIM_SLAVEMODE_TRIGGER)
2025-07-04 13:27:18,964 DEBUG [LineInfo_to_exitCode.log_LineInfo] 2025-07-04 13:27:18,964 [INFO] ImportTextPane:167 - (OptionalMessage_ERROR) IP (TIM1) : Parameter (SourceBRKDigInputPolarity) has invalid value (TIM_BREAKINPUTSOURCE_POLARITY_LOW)
2025-07-04 13:27:18,965 DEBUG [LineInfo_to_exitCode.log_LineInfo] 2025-07-04 13:27:18,964 [INFO] ImportTextPane:167 - (OptionalMessage_ERROR) IP (TIM1) : Parameter (SourceBRK2DigInputPolarity) has invalid value (TIM_BREAKINPUTSOURCE_POLARITY_LOW)
2025-07-04 13:27:19,342 DEBUG [LineInfo_to_exitCode.log_LineInfo] 2025-07-04 13:27:19,342 [INFO] UtilMem:74 - End LoadConfig() Used Memory: 150126544 Bytes (537919488)
2025-07-04 13:27:19,349 DEBUG [LineInfo_to_exitCode.log_LineInfo] 2025-07-04 13:27:19,348 [INFO] DbMcusXml:100 - Load MCU database from C:\Program Files\STMicroelectronics\STM32Cube\STM32CubeMX\\db\/mcu/families.xml
2025-07-04 13:27:19,883 DEBUG [LineInfo_to_exitCode.log_LineInfo] 2025-07-04 13:27:19,882 [INFO] DbMcusJson:93 - JSON generation date=Tue Nov 16 21:47:54 IST 2021 (1637079474)
2025-07-04 13:27:20,591 DEBUG [LineInfo_to_exitCode.log_LineInfo] 2025-07-04 13:27:20,590 [INFO] DbMcus:175 - Found 1960 MCUs (1912 are supported by CubeMX, 1912 are visible in CubeMX)
2025-07-04 13:27:20,591 DEBUG [LineInfo_to_exitCode.log_LineInfo] 2025-07-04 13:27:20,591 [INFO] ApiDb:242 - User favorites file not found: C:\Users\Admin/.stm32cubemx/favorites.mcus.txt
2025-07-04 13:27:20,591 DEBUG [LineInfo_to_exitCode.log_LineInfo] 2025-07-04 13:27:20,591 [INFO] DbMcus:187 - Set 0 / 0 favorites MCUs
2025-07-04 13:27:20,595 DEBUG [LineInfo_to_exitCode.log_LineInfo] 2025-07-04 13:27:20,595 [INFO] ThirdParty:787 - entering critical section [change project]
2025-07-04 13:27:20,596 DEBUG [LineInfo_to_exitCode.log_LineInfo] 2025-07-04 13:27:20,595 [INFO] ThirdParty:977 - CMSIS Pack Vendor :STMicroelectronics X-CUBE-PM33A1 1.0.0
2025-07-04 13:27:20,596 DEBUG [LineInfo_to_exitCode.log_LineInfo] 2025-07-04 13:27:20,595 [INFO] ThirdParty:977 - CMSIS Pack Vendor :STMicroelectronics X-CUBE-AZRTOS-H7 3.3.0
2025-07-04 13:27:20,596 DEBUG [LineInfo_to_exitCode.log_LineInfo] 2025-07-04 13:27:20,596 [INFO] ThirdParty:977 - CMSIS Pack Vendor :STMicroelectronics X-CUBE-NFC9 1.0.0
2025-07-04 13:27:20,596 DEBUG [LineInfo_to_exitCode.log_LineInfo] 2025-07-04 13:27:20,596 [INFO] ThirdParty:977 - CMSIS Pack Vendor :STMicroelectronics USB_HOST 2.0.0
2025-07-04 13:27:20,596 DEBUG [LineInfo_to_exitCode.log_LineInfo] 2025-07-04 13:27:20,596 [INFO] ThirdParty:977 - CMSIS Pack Vendor :STMicroelectronics FP-SNS-MOTENVWB1 1.4.0
2025-07-04 13:27:20,596 DEBUG [LineInfo_to_exitCode.log_LineInfo] 2025-07-04 13:27:20,596 [INFO] ThirdParty:977 - CMSIS Pack Vendor :STMicroelectronics X-CUBE-AZRTOS-F4 1.1.0
2025-07-04 13:27:20,597 DEBUG [LineInfo_to_exitCode.log_LineInfo] 2025-07-04 13:27:20,596 [INFO] ThirdParty:977 - CMSIS Pack Vendor :STMicroelectronics LIBJPEG 8.0.0
2025-07-04 13:27:20,597 DEBUG [LineInfo_to_exitCode.log_LineInfo] 2025-07-04 13:27:20,596 [INFO] ThirdParty:977 - CMSIS Pack Vendor :STMicroelectronics FP-ATR-ASTRA1 2.0.2
2025-07-04 13:27:20,597 DEBUG [LineInfo_to_exitCode.log_LineInfo] 2025-07-04 13:27:20,596 [INFO] ThirdParty:977 - CMSIS Pack Vendor :STMicroelectronics X-CUBE-BLE1 7.1.0
2025-07-04 13:27:20,597 DEBUG [LineInfo_to_exitCode.log_LineInfo] 2025-07-04 13:27:20,596 [INFO] ThirdParty:977 - CMSIS Pack Vendor :STMicroelectronics X-CUBE-SMBUS 2.1.0
2025-07-04 13:27:20,597 DEBUG [LineInfo_to_exitCode.log_LineInfo] 2025-07-04 13:27:20,596 [INFO] ThirdParty:977 - CMSIS Pack Vendor :STMicroelectronics X-CUBE-WB05N 1.1.0
2025-07-04 13:27:20,597 DEBUG [LineInfo_to_exitCode.log_LineInfo] 2025-07-04 13:27:20,596 [INFO] ThirdParty:977 - CMSIS Pack Vendor :wolfSSL I-CUBE-wolfMQTT 1.19.2
2025-07-04 13:27:20,597 DEBUG [LineInfo_to_exitCode.log_LineInfo] 2025-07-04 13:27:20,596 [INFO] ThirdParty:977 - CMSIS Pack Vendor :STMicroelectronics USB_DEVICE 3.0.0
2025-07-04 13:27:20,598 DEBUG [LineInfo_to_exitCode.log_LineInfo] 2025-07-04 13:27:20,596 [INFO] ThirdParty:977 - CMSIS Pack Vendor :STMicroelectronics X-CUBE-ISPU 2.1.0
2025-07-04 13:27:20,598 DEBUG [LineInfo_to_exitCode.log_LineInfo] 2025-07-04 13:27:20,596 [INFO] ThirdParty:977 - CMSIS Pack Vendor :STMicroelectronics X-CUBE-AZRTOS-WB 2.0.0
2025-07-04 13:27:20,598 DEBUG [LineInfo_to_exitCode.log_LineInfo] 2025-07-04 13:27:20,596 [INFO] ThirdParty:977 - CMSIS Pack Vendor :STMicroelectronics X-CUBE-GNSS1 7.0.1
2025-07-04 13:27:20,598 DEBUG [LineInfo_to_exitCode.log_LineInfo] 2025-07-04 13:27:20,596 [INFO] ThirdParty:977 - CMSIS Pack Vendor :STMicroelectronics X-CUBE-AZRTOS-F7 1.1.0
2025-07-04 13:27:20,598 DEBUG [LineInfo_to_exitCode.log_LineInfo] 2025-07-04 13:27:20,596 [INFO] ThirdParty:977 - CMSIS Pack Vendor :STMicroelectronics X-CUBE-AZRTOS-L5 2.0.0
2025-07-04 13:27:20,598 DEBUG [LineInfo_to_exitCode.log_LineInfo] 2025-07-04 13:27:20,596 [INFO] ThirdParty:977 - CMSIS Pack Vendor :STMicroelectronics X-CUBE-TOUCHGFX 4.25.0
2025-07-04 13:27:20,598 DEBUG [LineInfo_to_exitCode.log_LineInfo] 2025-07-04 13:27:20,597 [INFO] ThirdParty:977 - CMSIS Pack Vendor :STMicroelectronics USB_DEVICE 2.0.0
2025-07-04 13:27:20,599 DEBUG [LineInfo_to_exitCode.log_LineInfo] 2025-07-04 13:27:20,597 [INFO] ThirdParty:977 - CMSIS Pack Vendor :STMicroelectronics X-CUBE-NFC6 3.1.0
2025-07-04 13:27:20,599 DEBUG [LineInfo_to_exitCode.log_LineInfo] 2025-07-04 13:27:20,597 [INFO] ThirdParty:977 - CMSIS Pack Vendor :STMicroelectronics X-CUBE-AI 10.1.0
2025-07-04 13:27:20,599 DEBUG [LineInfo_to_exitCode.log_LineInfo] 2025-07-04 13:27:20,597 [INFO] ThirdParty:977 - CMSIS Pack Vendor :STMicroelectronics X-CUBE-MEMS1 11.2.0
2025-07-04 13:27:20,599 DEBUG [LineInfo_to_exitCode.log_LineInfo] 2025-07-04 13:27:20,597 [INFO] ThirdParty:977 - CMSIS Pack Vendor :STMicroelectronics FreeRTOS 0.0.1
2025-07-04 13:27:20,599 DEBUG [LineInfo_to_exitCode.log_LineInfo] 2025-07-04 13:27:20,597 [INFO] ThirdParty:977 - CMSIS Pack Vendor :STMicroelectronics X-CUBE-AZRTOS-G0 1.1.0
2025-07-04 13:27:20,599 DEBUG [LineInfo_to_exitCode.log_LineInfo] 2025-07-04 13:27:20,597 [INFO] ThirdParty:977 - CMSIS Pack Vendor :STMicroelectronics X-CUBE-SAFEA1 1.2.2
2025-07-04 13:27:20,599 DEBUG [LineInfo_to_exitCode.log_LineInfo] 2025-07-04 13:27:20,597 [INFO] ThirdParty:977 - CMSIS Pack Vendor :STMicroelectronics X-CUBE-NFC4 3.0.0
2025-07-04 13:27:20,599 DEBUG [LineInfo_to_exitCode.log_LineInfo] 2025-07-04 13:27:20,597 [INFO] ThirdParty:977 - CMSIS Pack Vendor :STMicroelectronics X-CUBE-SUBG2 5.0.0
2025-07-04 13:27:20,599 DEBUG [LineInfo_to_exitCode.log_LineInfo] 2025-07-04 13:27:20,597 [INFO] ThirdParty:977 - CMSIS Pack Vendor :STMicroelectronics X-CUBE-AZRTOS-H7RS 1.1.0
2025-07-04 13:27:20,600 DEBUG [LineInfo_to_exitCode.log_LineInfo] 2025-07-04 13:27:20,598 [INFO] ThirdParty:977 - CMSIS Pack Vendor :STMicroelectronics STM32_WPAN 1.0.0
2025-07-04 13:27:20,600 DEBUG [LineInfo_to_exitCode.log_LineInfo] 2025-07-04 13:27:20,598 [INFO] ThirdParty:977 - CMSIS Pack Vendor :STMicroelectronics lwIP 2.0.3
2025-07-04 13:27:20,600 DEBUG [LineInfo_to_exitCode.log_LineInfo] 2025-07-04 13:27:20,598 [INFO] ThirdParty:977 - CMSIS Pack Vendor :STMicroelectronics FP-SNS-FLIGHT1 5.0.2
2025-07-04 13:27:20,600 DEBUG [LineInfo_to_exitCode.log_LineInfo] 2025-07-04 13:27:20,598 [INFO] ThirdParty:977 - CMSIS Pack Vendor :Cesanta I-CUBE-Mongoose 7.13.0
2025-07-04 13:27:20,600 DEBUG [LineInfo_to_exitCode.log_LineInfo] 2025-07-04 13:27:20,598 [INFO] ThirdParty:977 - CMSIS Pack Vendor :STMicroelectronics USB_HOST 1.0.0
2025-07-04 13:27:20,600 DEBUG [LineInfo_to_exitCode.log_LineInfo] 2025-07-04 13:27:20,598 [INFO] ThirdParty:977 - CMSIS Pack Vendor :STMicroelectronics X-CUBE-AZRTOS-G4 2.0.0
2025-07-04 13:27:20,600 DEBUG [LineInfo_to_exitCode.log_LineInfo] 2025-07-04 13:27:20,598 [INFO] ThirdParty:977 - CMSIS Pack Vendor :STMicroelectronics X-CUBE-WB05N 2.0.0
2025-07-04 13:27:20,600 DEBUG [LineInfo_to_exitCode.log_LineInfo] 2025-07-04 13:27:20,598 [INFO] ThirdParty:977 - CMSIS Pack Vendor :STMicroelectronics PDM2PCM 3.1.0
2025-07-04 13:27:20,600 DEBUG [LineInfo_to_exitCode.log_LineInfo] 2025-07-04 13:27:20,598 [INFO] ThirdParty:977 - CMSIS Pack Vendor :STMicroelectronics PDM2PCM 3.3.0
2025-07-04 13:27:20,601 DEBUG [LineInfo_to_exitCode.log_LineInfo] 2025-07-04 13:27:20,598 [INFO] ThirdParty:977 - CMSIS Pack Vendor :wolfSSL I-CUBE-wolfTPM 3.8.0
2025-07-04 13:27:20,601 DEBUG [LineInfo_to_exitCode.log_LineInfo] 2025-07-04 13:27:20,598 [INFO] ThirdParty:977 - CMSIS Pack Vendor :STMicroelectronics X-CUBE-DISPLAY 3.0.0
2025-07-04 13:27:20,601 DEBUG [LineInfo_to_exitCode.log_LineInfo] 2025-07-04 13:27:20,598 [INFO] ThirdParty:977 - CMSIS Pack Vendor :wolfSSL I-CUBE-wolfSSH 1.4.20
2025-07-04 13:27:20,601 DEBUG [LineInfo_to_exitCode.log_LineInfo] 2025-07-04 13:27:20,598 [INFO] ThirdParty:977 - CMSIS Pack Vendor :STMicroelectronics X-CUBE-NFC7 2.0.0
2025-07-04 13:27:20,601 DEBUG [LineInfo_to_exitCode.log_LineInfo] 2025-07-04 13:27:20,598 [INFO] ThirdParty:977 - CMSIS Pack Vendor :STMicroelectronics FP-ATR-SIGFOX1 3.2.0
2025-07-04 13:27:20,601 DEBUG [LineInfo_to_exitCode.log_LineInfo] 2025-07-04 13:27:20,599 [INFO] ThirdParty:977 - CMSIS Pack Vendor :STMicroelectronics X-CUBE-NFC10 1.0.0
2025-07-04 13:27:20,601 DEBUG [LineInfo_to_exitCode.log_LineInfo] 2025-07-04 13:27:20,599 [INFO] ThirdParty:977 - CMSIS Pack Vendor :STMicroelectronics X-CUBE-EEPRMA1 5.1.0
2025-07-04 13:27:20,601 DEBUG [LineInfo_to_exitCode.log_LineInfo] 2025-07-04 13:27:20,599 [INFO] ThirdParty:977 - CMSIS Pack Vendor :STMicroelectronics X-CUBE-FREERTOS 1.3.1
2025-07-04 13:27:20,601 DEBUG [LineInfo_to_exitCode.log_LineInfo] 2025-07-04 13:27:20,599 [INFO] ThirdParty:977 - CMSIS Pack Vendor :STMicroelectronics HAL Drivers 0.0.0
2025-07-04 13:27:20,601 DEBUG [LineInfo_to_exitCode.log_LineInfo] 2025-07-04 13:27:20,599 [INFO] ThirdParty:977 - CMSIS Pack Vendor :STMicroelectronics MBEDTLS 2.16.2
2025-07-04 13:27:20,601 DEBUG [LineInfo_to_exitCode.log_LineInfo] 2025-07-04 13:27:20,599 [INFO] ThirdParty:977 - CMSIS Pack Vendor :STMicroelectronics X-CUBE-ALS 1.0.2
2025-07-04 13:27:20,601 DEBUG [LineInfo_to_exitCode.log_LineInfo] 2025-07-04 13:27:20,599 [INFO] ThirdParty:977 - CMSIS Pack Vendor :emotas I-CUBE-CANOPEN 1.3.0
2025-07-04 13:27:20,601 DEBUG [LineInfo_to_exitCode.log_LineInfo] 2025-07-04 13:27:20,599 [INFO] ThirdParty:977 - CMSIS Pack Vendor :STMicroelectronics X-CUBE-FREERTOS 1.3.0
2025-07-04 13:27:20,601 DEBUG [LineInfo_to_exitCode.log_LineInfo] 2025-07-04 13:27:20,599 [INFO] ThirdParty:977 - CMSIS Pack Vendor :STMicroelectronics X-CUBE-NFC7 1.0.1
2025-07-04 13:27:20,603 DEBUG [LineInfo_to_exitCode.log_LineInfo] 2025-07-04 13:27:20,599 [INFO] ThirdParty:977 - CMSIS Pack Vendor :STMicroelectronics MBEDTLS 2.14.1
2025-07-04 13:27:20,603 DEBUG [LineInfo_to_exitCode.log_LineInfo] 2025-07-04 13:27:20,599 [INFO] ThirdParty:977 - CMSIS Pack Vendor :wolfSSL I-CUBE-wolfSSL 5.7.6
2025-07-04 13:27:20,603 DEBUG [LineInfo_to_exitCode.log_LineInfo] 2025-07-04 13:27:20,599 [INFO] ThirdParty:977 - CMSIS Pack Vendor :ITTIA_DB I-CUBE-ITTIADB 8.9.0
2025-07-04 13:27:20,603 DEBUG [LineInfo_to_exitCode.log_LineInfo] 2025-07-04 13:27:20,599 [INFO] ThirdParty:977 - CMSIS Pack Vendor :STMicroelectronics X-CUBE-TOUCHGFX 4.24.2
2025-07-04 13:27:20,603 DEBUG [LineInfo_to_exitCode.log_LineInfo] 2025-07-04 13:27:20,599 [INFO] ThirdParty:977 - CMSIS Pack Vendor :portGmbH I-Cube-SoM-uGOAL 1.1.0
2025-07-04 13:27:20,603 DEBUG [LineInfo_to_exitCode.log_LineInfo] 2025-07-04 13:27:20,599 [INFO] ThirdParty:977 - CMSIS Pack Vendor :STMicroelectronics X-CUBE-AI 10.0.0
2025-07-04 13:27:20,603 DEBUG [LineInfo_to_exitCode.log_LineInfo] 2025-07-04 13:27:20,599 [INFO] ThirdParty:977 - CMSIS Pack Vendor :STMicroelectronics ThreadX 1.0.0
2025-07-04 13:27:20,603 DEBUG [LineInfo_to_exitCode.log_LineInfo] 2025-07-04 13:27:20,600 [INFO] ThirdParty:977 - CMSIS Pack Vendor :STMicroelectronics FP-SNS-SMARTAG2 1.2.0
2025-07-04 13:27:20,603 DEBUG [LineInfo_to_exitCode.log_LineInfo] 2025-07-04 13:27:20,600 [INFO] ThirdParty:977 - CMSIS Pack Vendor :STMicroelectronics X-CUBE-MEMS1 11.1.0
2025-07-04 13:27:20,603 DEBUG [LineInfo_to_exitCode.log_LineInfo] 2025-07-04 13:27:20,600 [INFO] ThirdParty:977 - CMSIS Pack Vendor :STMicroelectronics X-CUBE-AZRTOS-WL 2.0.0
2025-07-04 13:27:20,603 DEBUG [LineInfo_to_exitCode.log_LineInfo] 2025-07-04 13:27:20,600 [INFO] ThirdParty:977 - CMSIS Pack Vendor :SEGGER I-CUBE-embOS 1.3.1
2025-07-04 13:27:20,604 DEBUG [LineInfo_to_exitCode.log_LineInfo] 2025-07-04 13:27:20,600 [INFO] ThirdParty:977 - CMSIS Pack Vendor :STMicroelectronics X-CUBE-ALGOBUILD 1.4.0
2025-07-04 13:27:20,604 DEBUG [LineInfo_to_exitCode.log_LineInfo] 2025-07-04 13:27:20,600 [INFO] ThirdParty:977 - CMSIS Pack Vendor :STMicroelectronics X-CUBE-MEMS1 11.3.0
2025-07-04 13:27:20,604 DEBUG [LineInfo_to_exitCode.log_LineInfo] 2025-07-04 13:27:20,600 [INFO] ThirdParty:977 - CMSIS Pack Vendor :STMicroelectronics FP-SNS-MOTENV1 5.0.0
2025-07-04 13:27:20,604 DEBUG [LineInfo_to_exitCode.log_LineInfo] 2025-07-04 13:27:20,600 [INFO] ThirdParty:977 - CMSIS Pack Vendor :STMicroelectronics USB_DEVICE 1.0.0
2025-07-04 13:27:20,604 DEBUG [LineInfo_to_exitCode.log_LineInfo] 2025-07-04 13:27:20,600 [INFO] ThirdParty:977 - CMSIS Pack Vendor :STMicroelectronics X-CUBE-AZRTOS-H7RS 1.0.0
2025-07-04 13:27:20,604 DEBUG [LineInfo_to_exitCode.log_LineInfo] 2025-07-04 13:27:20,600 [INFO] ThirdParty:977 - CMSIS Pack Vendor :STMicroelectronics X-CUBE-AZRTOS-L4 2.0.0
2025-07-04 13:27:20,604 DEBUG [LineInfo_to_exitCode.log_LineInfo] 2025-07-04 13:27:20,600 [INFO] ThirdParty:977 - CMSIS Pack Vendor :STMicroelectronics ThreadX 0.0.2
2025-07-04 13:27:20,604 DEBUG [LineInfo_to_exitCode.log_LineInfo] 2025-07-04 13:27:20,600 [INFO] ThirdParty:977 - CMSIS Pack Vendor :WES I-CUBE-Cesium 1.3.0
2025-07-04 13:27:20,604 DEBUG [LineInfo_to_exitCode.log_LineInfo] 2025-07-04 13:27:20,600 [INFO] ThirdParty:977 - CMSIS Pack Vendor :STMicroelectronics lwIP 2.1.2
2025-07-04 13:27:20,604 DEBUG [LineInfo_to_exitCode.log_LineInfo] 2025-07-04 13:27:20,600 [INFO] ThirdParty:977 - CMSIS Pack Vendor :STMicroelectronics X-CUBE-SFXS2LP1 4.0.0
2025-07-04 13:27:20,604 DEBUG [LineInfo_to_exitCode.log_LineInfo] 2025-07-04 13:27:20,600 [INFO] ThirdParty:977 - CMSIS Pack Vendor :STMicroelectronics X-CUBE-BLE2 3.3.0
2025-07-04 13:27:20,604 DEBUG [LineInfo_to_exitCode.log_LineInfo] 2025-07-04 13:27:20,600 [INFO] ThirdParty:977 - CMSIS Pack Vendor :STMicroelectronics PDM2PCM 3.2.0
2025-07-04 13:27:20,604 DEBUG [LineInfo_to_exitCode.log_LineInfo] 2025-07-04 13:27:20,601 [INFO] ThirdParty:793 - exiting critical section [change project]
2025-07-04 13:27:21,170 DEBUG [LineInfo_to_exitCode.log_LineInfo] 2025-07-04 13:27:21,169 [INFO] PinOutPanel:1463 - setPackage(No Configuration,No Configuration)
2025-07-04 13:27:21,171 DEBUG [LineInfo_to_exitCode.log_LineInfo] 2025-07-04 13:27:21,171 [INFO] PinOutPanel:1463 - setPackage(STM32G431CBUx,UFQFPN48)
2025-07-04 13:27:21,788 DEBUG [LineInfo_to_exitCode.log_LineInfo] 2025-07-04 13:27:21,787 [INFO] UtilMem:74 - Before build in PCC Used Memory: 341502496 Bytes (634388480)
2025-07-04 13:27:22,726 DEBUG [LineInfo_to_exitCode.log_LineInfo] 2025-07-04 13:27:22,725 [INFO] UtilMem:74 - After build in PCC Used Memory: 297209840 Bytes (785383424)
2025-07-04 13:27:22,852 DEBUG [LineInfo_to_exitCode.log_LineInfo] 2025-07-04 13:27:22,852 [INFO] ApiDbMcu:488 - Load IP Config File for MotorControl
2025-07-04 13:27:22,901 DEBUG [LineInfo_to_exitCode.log_LineInfo] 2025-07-04 13:27:22,900 [INFO] IPUIPlugin:74 - create IPUIPlugin
2025-07-04 13:27:22,901 DEBUG [LineInfo_to_exitCode.log_LineInfo] 2025-07-04 13:27:22,901 [INFO] IPUIPlugin:74 - create IPUIPlugin
2025-07-04 13:27:22,901 DEBUG [LineInfo_to_exitCode.log_LineInfo] 2025-07-04 13:27:22,901 [INFO] IPUIPlugin:74 - create IPUIPlugin
2025-07-04 13:27:22,902 DEBUG [LineInfo_to_exitCode.log_LineInfo] 2025-07-04 13:27:22,901 [INFO] IPUIPlugin:74 - create IPUIPlugin
2025-07-04 13:27:22,902 DEBUG [LineInfo_to_exitCode.log_LineInfo] 2025-07-04 13:27:22,901 [INFO] IPUIPlugin:74 - create IPUIPlugin
2025-07-04 13:27:22,902 DEBUG [LineInfo_to_exitCode.log_LineInfo] 2025-07-04 13:27:22,901 [INFO] IPUIPlugin:74 - create IPUIPlugin
2025-07-04 13:27:22,902 DEBUG [LineInfo_to_exitCode.log_LineInfo] 2025-07-04 13:27:22,902 [INFO] IPUIPlugin:74 - create IPUIPlugin
2025-07-04 13:27:22,903 DEBUG [LineInfo_to_exitCode.log_LineInfo] 2025-07-04 13:27:22,902 [INFO] IPUIPlugin:74 - create IPUIPlugin
2025-07-04 13:27:22,903 DEBUG [LineInfo_to_exitCode.log_LineInfo] 2025-07-04 13:27:22,903 [INFO] IPUIPlugin:74 - create IPUIPlugin
2025-07-04 13:27:22,904 DEBUG [LineInfo_to_exitCode.log_LineInfo] 2025-07-04 13:27:22,903 [INFO] IPUIPlugin:74 - create IPUIPlugin
2025-07-04 13:27:22,904 DEBUG [LineInfo_to_exitCode.log_LineInfo] 2025-07-04 13:27:22,904 [INFO] IPUIPlugin:74 - create IPUIPlugin
2025-07-04 13:27:22,904 DEBUG [LineInfo_to_exitCode.log_LineInfo] 2025-07-04 13:27:22,904 [INFO] IPUIPlugin:74 - create IPUIPlugin
2025-07-04 13:27:22,904 DEBUG [LineInfo_to_exitCode.log_LineInfo] 2025-07-04 13:27:22,904 [INFO] IPUIPlugin:74 - create IPUIPlugin
2025-07-04 13:27:22,906 DEBUG [LineInfo_to_exitCode.log_LineInfo] 2025-07-04 13:27:22,906 [INFO] IPUIPlugin:74 - create IPUIPlugin
2025-07-04 13:27:22,906 DEBUG [LineInfo_to_exitCode.log_LineInfo] 2025-07-04 13:27:22,906 [INFO] IPUIPlugin:74 - create IPUIPlugin
2025-07-04 13:27:22,906 DEBUG [LineInfo_to_exitCode.log_LineInfo] 2025-07-04 13:27:22,906 [INFO] IPUIPlugin:74 - create IPUIPlugin
2025-07-04 13:27:22,907 DEBUG [LineInfo_to_exitCode.log_LineInfo] 2025-07-04 13:27:22,907 [INFO] IPUIPlugin:74 - create IPUIPlugin
2025-07-04 13:27:22,907 DEBUG [LineInfo_to_exitCode.log_LineInfo] 2025-07-04 13:27:22,907 [INFO] IPUIPlugin:74 - create IPUIPlugin
2025-07-04 13:27:22,907 DEBUG [LineInfo_to_exitCode.log_LineInfo] 2025-07-04 13:27:22,907 [INFO] IPUIPlugin:74 - create IPUIPlugin
2025-07-04 13:27:22,908 DEBUG [LineInfo_to_exitCode.log_LineInfo] 2025-07-04 13:27:22,908 [INFO] IPUIPlugin:74 - create IPUIPlugin
2025-07-04 13:27:22,908 DEBUG [LineInfo_to_exitCode.log_LineInfo] 2025-07-04 13:27:22,908 [INFO] IPUIPlugin:74 - create IPUIPlugin
2025-07-04 13:27:22,908 DEBUG [LineInfo_to_exitCode.log_LineInfo] 2025-07-04 13:27:22,908 [INFO] IPUIPlugin:74 - create IPUIPlugin
2025-07-04 13:27:22,909 DEBUG [LineInfo_to_exitCode.log_LineInfo] 2025-07-04 13:27:22,909 [INFO] IPUIPlugin:74 - create IPUIPlugin
2025-07-04 13:27:22,910 DEBUG [LineInfo_to_exitCode.log_LineInfo] 2025-07-04 13:27:22,909 [INFO] IPUIPlugin:74 - create IPUIPlugin
2025-07-04 13:27:22,910 DEBUG [LineInfo_to_exitCode.log_LineInfo] 2025-07-04 13:27:22,910 [INFO] IPUIPlugin:74 - create IPUIPlugin
2025-07-04 13:27:22,911 DEBUG [LineInfo_to_exitCode.log_LineInfo] 2025-07-04 13:27:22,911 [INFO] IPUIPlugin:74 - create IPUIPlugin
2025-07-04 13:27:22,911 DEBUG [LineInfo_to_exitCode.log_LineInfo] 2025-07-04 13:27:22,911 [INFO] IPUIPlugin:74 - create IPUIPlugin
2025-07-04 13:27:22,912 DEBUG [LineInfo_to_exitCode.log_LineInfo] 2025-07-04 13:27:22,912 [INFO] IPUIPlugin:74 - create IPUIPlugin
2025-07-04 13:27:22,912 DEBUG [LineInfo_to_exitCode.log_LineInfo] 2025-07-04 13:27:22,912 [INFO] IPUIPlugin:74 - create IPUIPlugin
2025-07-04 13:27:22,912 DEBUG [LineInfo_to_exitCode.log_LineInfo] 2025-07-04 13:27:22,912 [INFO] IPUIPlugin:74 - create IPUIPlugin
2025-07-04 13:27:22,913 DEBUG [LineInfo_to_exitCode.log_LineInfo] 2025-07-04 13:27:22,913 [INFO] IPUIPlugin:74 - create IPUIPlugin
2025-07-04 13:27:22,913 DEBUG [LineInfo_to_exitCode.log_LineInfo] 2025-07-04 13:27:22,913 [INFO] IPUIPlugin:74 - create IPUIPlugin
2025-07-04 13:27:22,914 DEBUG [LineInfo_to_exitCode.log_LineInfo] 2025-07-04 13:27:22,914 [INFO] IPUIPlugin:74 - create IPUIPlugin
2025-07-04 13:27:22,914 DEBUG [LineInfo_to_exitCode.log_LineInfo] 2025-07-04 13:27:22,914 [INFO] IPUIPlugin:74 - create IPUIPlugin
2025-07-04 13:27:22,915 DEBUG [LineInfo_to_exitCode.log_LineInfo] 2025-07-04 13:27:22,915 [INFO] IPUIPlugin:74 - create IPUIPlugin
2025-07-04 13:27:22,916 DEBUG [LineInfo_to_exitCode.log_LineInfo] 2025-07-04 13:27:22,915 [INFO] IPUIPlugin:74 - create IPUIPlugin
2025-07-04 13:27:22,916 DEBUG [LineInfo_to_exitCode.log_LineInfo] 2025-07-04 13:27:22,916 [INFO] IPUIPlugin:74 - create IPUIPlugin
2025-07-04 13:27:22,917 DEBUG [LineInfo_to_exitCode.log_LineInfo] 2025-07-04 13:27:22,917 [INFO] IPUIPlugin:74 - create IPUIPlugin
2025-07-04 13:27:22,918 DEBUG [LineInfo_to_exitCode.log_LineInfo] 2025-07-04 13:27:22,918 [INFO] IPUIPlugin:74 - create IPUIPlugin
2025-07-04 13:27:22,919 DEBUG [LineInfo_to_exitCode.log_LineInfo] 2025-07-04 13:27:22,919 [INFO] IPUIPlugin:74 - create IPUIPlugin
2025-07-04 13:27:22,920 DEBUG [LineInfo_to_exitCode.log_LineInfo] 2025-07-04 13:27:22,919 [INFO] IPUIPlugin:74 - create IPUIPlugin
2025-07-04 13:27:22,920 DEBUG [LineInfo_to_exitCode.log_LineInfo] 2025-07-04 13:27:22,920 [INFO] IPUIPlugin:74 - create IPUIPlugin
2025-07-04 13:27:22,921 DEBUG [LineInfo_to_exitCode.log_LineInfo] 2025-07-04 13:27:22,921 [INFO] IPUIPlugin:74 - create IPUIPlugin
2025-07-04 13:27:22,921 DEBUG [LineInfo_to_exitCode.log_LineInfo] 2025-07-04 13:27:22,921 [INFO] IPUIPlugin:74 - create IPUIPlugin
2025-07-04 13:27:22,922 DEBUG [LineInfo_to_exitCode.log_LineInfo] 2025-07-04 13:27:22,922 [INFO] IPUIPlugin:74 - create IPUIPlugin
2025-07-04 13:27:22,923 DEBUG [LineInfo_to_exitCode.log_LineInfo] 2025-07-04 13:27:22,923 [INFO] IPUIPlugin:74 - create IPUIPlugin
2025-07-04 13:27:22,923 DEBUG [LineInfo_to_exitCode.log_LineInfo] 2025-07-04 13:27:22,923 [INFO] IPUIPlugin:74 - create IPUIPlugin
2025-07-04 13:27:22,924 DEBUG [LineInfo_to_exitCode.log_LineInfo] 2025-07-04 13:27:22,924 [INFO] IPUIPlugin:74 - create IPUIPlugin
2025-07-04 13:27:22,925 DEBUG [LineInfo_to_exitCode.log_LineInfo] 2025-07-04 13:27:22,924 [INFO] IPUIPlugin:74 - create IPUIPlugin
2025-07-04 13:27:22,925 DEBUG [LineInfo_to_exitCode.log_LineInfo] 2025-07-04 13:27:22,925 [INFO] IPUIPlugin:74 - create IPUIPlugin
2025-07-04 13:27:22,926 DEBUG [LineInfo_to_exitCode.log_LineInfo] 2025-07-04 13:27:22,926 [INFO] IPUIPlugin:74 - create IPUIPlugin
2025-07-04 13:27:22,927 DEBUG [LineInfo_to_exitCode.log_LineInfo] 2025-07-04 13:27:22,927 [INFO] IPUIPlugin:74 - create IPUIPlugin
2025-07-04 13:27:22,928 DEBUG [LineInfo_to_exitCode.log_LineInfo] 2025-07-04 13:27:22,927 [INFO] IPUIPlugin:74 - create IPUIPlugin
2025-07-04 13:27:22,929 DEBUG [LineInfo_to_exitCode.log_LineInfo] 2025-07-04 13:27:22,929 [INFO] IPUIPlugin:74 - create IPUIPlugin
2025-07-04 13:27:22,930 DEBUG [LineInfo_to_exitCode.log_LineInfo] 2025-07-04 13:27:22,930 [INFO] IPUIPlugin:74 - create IPUIPlugin
2025-07-04 13:27:22,930 DEBUG [LineInfo_to_exitCode.log_LineInfo] 2025-07-04 13:27:22,930 [INFO] IPUIPlugin:74 - create IPUIPlugin
2025-07-04 13:27:22,931 DEBUG [LineInfo_to_exitCode.log_LineInfo] 2025-07-04 13:27:22,931 [INFO] IPUIPlugin:74 - create IPUIPlugin
2025-07-04 13:27:22,932 DEBUG [LineInfo_to_exitCode.log_LineInfo] 2025-07-04 13:27:22,932 [INFO] IPUIPlugin:74 - create IPUIPlugin
2025-07-04 13:27:23,745 DEBUG [LineInfo_to_exitCode.log_LineInfo] 2025-07-04 13:27:23,745 [INFO] OpenFileManager:333 - Restore cursor
2025-07-04 13:27:24,280 DEBUG [LineInfo_to_exitCode.log_LineInfo] 2025-07-04 13:27:24,280 [INFO] UtilMem:74 - End SaveConfig() Used Memory: 475184992 Bytes (785383424)
2025-07-04 13:27:24,954 DEBUG [LineInfo_to_exitCode.log_LineInfo] 2025-07-04 13:27:24,954 [INFO] BlockDiagram:2740 - set Specific Code input for plugin: MotorControl
2025-07-04 13:27:24,954 DEBUG [LineInfo_to_exitCode.log_LineInfo] 2025-07-04 13:27:24,954 [INFO] BlockDiagram:2740 - set Specific Code input for plugin: TIM1_8G4
2025-07-04 13:27:24,954 DEBUG [LineInfo_to_exitCode.log_LineInfo] 2025-07-04 13:27:24,954 [INFO] BlockDiagram:2740 - set Specific Code input for plugin: OPAMP
2025-07-04 13:27:24,954 DEBUG [LineInfo_to_exitCode.log_LineInfo] 2025-07-04 13:27:24,954 [INFO] BlockDiagram:2740 - set Specific Code input for plugin: ADC
2025-07-04 13:27:24,955 DEBUG [LineInfo_to_exitCode.log_LineInfo] 2025-07-04 13:27:24,954 [INFO] BlockDiagram:2740 - set Specific Code input for plugin: SYS
2025-07-04 13:27:24,955 DEBUG [LineInfo_to_exitCode.log_LineInfo] 2025-07-04 13:27:24,954 [INFO] BlockDiagram:2740 - set Specific Code input for plugin: ADC
2025-07-04 13:27:24,955 DEBUG [LineInfo_to_exitCode.log_LineInfo] 2025-07-04 13:27:24,954 [INFO] BlockDiagram:2740 - set Specific Code input for plugin: RCC
2025-07-04 13:27:24,955 DEBUG [LineInfo_to_exitCode.log_LineInfo] 2025-07-04 13:27:24,954 [INFO] BlockDiagram:2740 - set Specific Code input for plugin: OPAMP
2025-07-04 13:27:24,955 DEBUG [LineInfo_to_exitCode.log_LineInfo] 2025-07-04 13:27:24,954 [INFO] BlockDiagram:2740 - set Specific Code input for plugin: OPAMP
2025-07-04 13:27:24,955 DEBUG [LineInfo_to_exitCode.log_LineInfo] 2025-07-04 13:27:24,954 [INFO] BlockDiagram:2740 - set Specific Code input for plugin: NVIC
2025-07-04 13:27:24,955 DEBUG [LineInfo_to_exitCode.log_LineInfo] 2025-07-04 13:27:24,954 [INFO] BlockDiagram:2740 - set Specific Code input for plugin: USART
2025-07-04 13:27:24,955 DEBUG [LineInfo_to_exitCode.log_LineInfo] 2025-07-04 13:27:24,954 [INFO] BlockDiagram:2740 - set Specific Code input for plugin: DMA
2025-07-04 13:27:24,955 DEBUG [LineInfo_to_exitCode.log_LineInfo] 2025-07-04 13:27:24,954 [INFO] BlockDiagram:2740 - set Specific Code input for plugin: CORDIC
2025-07-04 13:27:24,955 DEBUG [LineInfo_to_exitCode.log_LineInfo] 2025-07-04 13:27:24,955 [INFO] BlockDiagram:2740 - set Specific Code input for plugin: GPIO
2025-07-04 13:27:24,959 DEBUG [LineInfo_to_exitCode.log_LineInfo] 2025-07-04 13:27:24,959 [INFO] CodeGenerator:663 - code generatio: config db path: C:\Program Files\STMicroelectronics\STM32Cube\STM32CubeMX\\db\
2025-07-04 13:27:25,453 DEBUG [LineInfo_to_exitCode.log_LineInfo] 2025-07-04 13:27:25,453 [INFO] CodeEngine:239 - oldGeneratedFile, D:\Comrado\ESC_BMS_Project\ALL DOCS\ALL DOCS\ESC\STM_B_G431_ESC\Comarado_ESC_v2\MXTmpFiles\license.tmp_save
2025-07-04 13:27:25,920 DEBUG [LineInfo_to_exitCode.log_LineInfo] 2025-07-04 13:27:25,919 [INFO] CodeEngine:257 - Generated code: D:\Comrado\ESC_BMS_Project\ALL DOCS\ALL DOCS\ESC\STM_B_G431_ESC\Comarado_ESC_v2\MXTmpFiles\license.tmp
2025-07-04 13:27:26,059 DEBUG [LineInfo_to_exitCode.log_LineInfo] 2025-07-04 13:27:26,058 [INFO] CodeEngine:239 - oldGeneratedFile, D:\Comrado\ESC_BMS_Project\ALL DOCS\ALL DOCS\ESC\STM_B_G431_ESC\Comarado_ESC_v2\MXTmpFiles\gpio.tmp_save
2025-07-04 13:27:26,198 DEBUG [LineInfo_to_exitCode.log_LineInfo] 2025-07-04 13:27:26,198 [INFO] CodeEngine:257 - Generated code: D:\Comrado\ESC_BMS_Project\ALL DOCS\ALL DOCS\ESC\STM_B_G431_ESC\Comarado_ESC_v2\MXTmpFiles\gpio.tmp
2025-07-04 13:27:27,346 DEBUG [LineInfo_to_exitCode.log_LineInfo] 2025-07-04 13:27:27,346 [INFO] Middleware:1388 - No code input for Bsp Dependency
2025-07-04 13:27:27,484 DEBUG [LineInfo_to_exitCode.log_LineInfo] 2025-07-04 13:27:27,484 [INFO] CodeEngine:239 - oldGeneratedFile, D:\Comrado\ESC_BMS_Project\ALL DOCS\ALL DOCS\ESC\STM_B_G431_ESC\Comarado_ESC_v2\MXTmpFiles\dma.tmp_save
2025-07-04 13:27:27,562 DEBUG [LineInfo_to_exitCode.log_LineInfo] 2025-07-04 13:27:27,562 [INFO] CodeEngine:257 - Generated code: D:\Comrado\ESC_BMS_Project\ALL DOCS\ALL DOCS\ESC\STM_B_G431_ESC\Comarado_ESC_v2\MXTmpFiles\dma.tmp
2025-07-04 13:27:27,567 DEBUG [LineInfo_to_exitCode.log_LineInfo] 2025-07-04 13:27:27,566 [INFO] CodeEngine:239 - oldGeneratedFile, D:\Comrado\ESC_BMS_Project\ALL DOCS\ALL DOCS\ESC\STM_B_G431_ESC\Comarado_ESC_v2\MXTmpFiles\dma_GV.tmp_save
2025-07-04 13:27:27,637 DEBUG [LineInfo_to_exitCode.log_LineInfo] 2025-07-04 13:27:27,637 [INFO] CodeEngine:257 - Generated code: D:\Comrado\ESC_BMS_Project\ALL DOCS\ALL DOCS\ESC\STM_B_G431_ESC\Comarado_ESC_v2\MXTmpFiles\dma_GV.tmp
2025-07-04 13:27:27,790 DEBUG [LineInfo_to_exitCode.log_LineInfo] 2025-07-04 13:27:27,790 [INFO] Middleware:1388 - No code input for Bsp Dependency
2025-07-04 13:27:27,853 DEBUG [LineInfo_to_exitCode.log_LineInfo] 2025-07-04 13:27:27,853 [INFO] CodeEngine:239 - oldGeneratedFile, D:\Comrado\ESC_BMS_Project\ALL DOCS\ALL DOCS\ESC\STM_B_G431_ESC\Comarado_ESC_v2\Src\motorcontrol.c_save
2025-07-04 13:27:27,927 INFO  [LineInfo_to_exitCode.log_LineInfo] Generated code: D:\Comrado\ESC_BMS_Project\ALL DOCS\ALL DOCS\ESC\STM_B_G431_ESC\Comarado_ESC_v2\Src\motorcontrol.c
2025-07-04 13:27:27,933 DEBUG [LineInfo_to_exitCode.log_LineInfo] 2025-07-04 13:27:27,933 [INFO] CodeEngine:239 - oldGeneratedFile, D:\Comrado\ESC_BMS_Project\ALL DOCS\ALL DOCS\ESC\STM_B_G431_ESC\Comarado_ESC_v2\Inc\motorcontrol.h_save
2025-07-04 13:27:27,985 INFO  [LineInfo_to_exitCode.log_LineInfo] Generated code: D:\Comrado\ESC_BMS_Project\ALL DOCS\ALL DOCS\ESC\STM_B_G431_ESC\Comarado_ESC_v2\Inc\motorcontrol.h
2025-07-04 13:27:27,991 DEBUG [LineInfo_to_exitCode.log_LineInfo] 2025-07-04 13:27:27,991 [INFO] CodeEngine:239 - oldGeneratedFile, D:\Comrado\ESC_BMS_Project\ALL DOCS\ALL DOCS\ESC\STM_B_G431_ESC\Comarado_ESC_v2\Inc\drive_parameters.h_save
2025-07-04 13:27:28,089 INFO  [LineInfo_to_exitCode.log_LineInfo] Generated code: D:\Comrado\ESC_BMS_Project\ALL DOCS\ALL DOCS\ESC\STM_B_G431_ESC\Comarado_ESC_v2\Inc\drive_parameters.h
2025-07-04 13:27:28,095 DEBUG [LineInfo_to_exitCode.log_LineInfo] 2025-07-04 13:27:28,095 [INFO] CodeEngine:239 - oldGeneratedFile, D:\Comrado\ESC_BMS_Project\ALL DOCS\ALL DOCS\ESC\STM_B_G431_ESC\Comarado_ESC_v2\Inc\mc_type.h_save
2025-07-04 13:27:28,168 INFO  [LineInfo_to_exitCode.log_LineInfo] Generated code: D:\Comrado\ESC_BMS_Project\ALL DOCS\ALL DOCS\ESC\STM_B_G431_ESC\Comarado_ESC_v2\Inc\mc_type.h
2025-07-04 13:27:28,174 DEBUG [LineInfo_to_exitCode.log_LineInfo] 2025-07-04 13:27:28,174 [INFO] CodeEngine:239 - oldGeneratedFile, D:\Comrado\ESC_BMS_Project\ALL DOCS\ALL DOCS\ESC\STM_B_G431_ESC\Comarado_ESC_v2\Inc\mc_tasks.h_save
2025-07-04 13:27:28,273 INFO  [LineInfo_to_exitCode.log_LineInfo] Generated code: D:\Comrado\ESC_BMS_Project\ALL DOCS\ALL DOCS\ESC\STM_B_G431_ESC\Comarado_ESC_v2\Inc\mc_tasks.h
2025-07-04 13:27:28,281 DEBUG [LineInfo_to_exitCode.log_LineInfo] 2025-07-04 13:27:28,280 [INFO] CodeEngine:239 - oldGeneratedFile, D:\Comrado\ESC_BMS_Project\ALL DOCS\ALL DOCS\ESC\STM_B_G431_ESC\Comarado_ESC_v2\Src\pwm_common.c_save
2025-07-04 13:27:28,379 INFO  [LineInfo_to_exitCode.log_LineInfo] Generated code: D:\Comrado\ESC_BMS_Project\ALL DOCS\ALL DOCS\ESC\STM_B_G431_ESC\Comarado_ESC_v2\Src\pwm_common.c
2025-07-04 13:27:28,387 DEBUG [LineInfo_to_exitCode.log_LineInfo] 2025-07-04 13:27:28,386 [INFO] CodeEngine:239 - oldGeneratedFile, D:\Comrado\ESC_BMS_Project\ALL DOCS\ALL DOCS\ESC\STM_B_G431_ESC\Comarado_ESC_v2\Inc\pwm_common.h_save
2025-07-04 13:27:28,454 INFO  [LineInfo_to_exitCode.log_LineInfo] Generated code: D:\Comrado\ESC_BMS_Project\ALL DOCS\ALL DOCS\ESC\STM_B_G431_ESC\Comarado_ESC_v2\Inc\pwm_common.h
2025-07-04 13:27:28,463 DEBUG [LineInfo_to_exitCode.log_LineInfo] 2025-07-04 13:27:28,462 [INFO] CodeEngine:239 - oldGeneratedFile, D:\Comrado\ESC_BMS_Project\ALL DOCS\ALL DOCS\ESC\STM_B_G431_ESC\Comarado_ESC_v2\Src\mc_api.c_save
2025-07-04 13:27:28,546 INFO  [LineInfo_to_exitCode.log_LineInfo] Generated code: D:\Comrado\ESC_BMS_Project\ALL DOCS\ALL DOCS\ESC\STM_B_G431_ESC\Comarado_ESC_v2\Src\mc_api.c
2025-07-04 13:27:28,550 DEBUG [LineInfo_to_exitCode.log_LineInfo] 2025-07-04 13:27:28,550 [INFO] CodeEngine:239 - oldGeneratedFile, D:\Comrado\ESC_BMS_Project\ALL DOCS\ALL DOCS\ESC\STM_B_G431_ESC\Comarado_ESC_v2\Inc\mc_api.h_save
2025-07-04 13:27:28,613 INFO  [LineInfo_to_exitCode.log_LineInfo] Generated code: D:\Comrado\ESC_BMS_Project\ALL DOCS\ALL DOCS\ESC\STM_B_G431_ESC\Comarado_ESC_v2\Inc\mc_api.h
2025-07-04 13:27:28,617 DEBUG [LineInfo_to_exitCode.log_LineInfo] 2025-07-04 13:27:28,617 [INFO] CodeEngine:239 - oldGeneratedFile, D:\Comrado\ESC_BMS_Project\ALL DOCS\ALL DOCS\ESC\STM_B_G431_ESC\Comarado_ESC_v2\Src\mc_config.c_save
2025-07-04 13:27:28,701 INFO  [LineInfo_to_exitCode.log_LineInfo] Generated code: D:\Comrado\ESC_BMS_Project\ALL DOCS\ALL DOCS\ESC\STM_B_G431_ESC\Comarado_ESC_v2\Src\mc_config.c
2025-07-04 13:27:28,705 DEBUG [LineInfo_to_exitCode.log_LineInfo] 2025-07-04 13:27:28,705 [INFO] CodeEngine:239 - oldGeneratedFile, D:\Comrado\ESC_BMS_Project\ALL DOCS\ALL DOCS\ESC\STM_B_G431_ESC\Comarado_ESC_v2\Src\mc_config_common.c_save
2025-07-04 13:27:28,782 INFO  [LineInfo_to_exitCode.log_LineInfo] Generated code: D:\Comrado\ESC_BMS_Project\ALL DOCS\ALL DOCS\ESC\STM_B_G431_ESC\Comarado_ESC_v2\Src\mc_config_common.c
2025-07-04 13:27:28,787 DEBUG [LineInfo_to_exitCode.log_LineInfo] 2025-07-04 13:27:28,786 [INFO] CodeEngine:239 - oldGeneratedFile, D:\Comrado\ESC_BMS_Project\ALL DOCS\ALL DOCS\ESC\STM_B_G431_ESC\Comarado_ESC_v2\Inc\mc_config.h_save
2025-07-04 13:27:28,847 INFO  [LineInfo_to_exitCode.log_LineInfo] Generated code: D:\Comrado\ESC_BMS_Project\ALL DOCS\ALL DOCS\ESC\STM_B_G431_ESC\Comarado_ESC_v2\Inc\mc_config.h
2025-07-04 13:27:28,852 DEBUG [LineInfo_to_exitCode.log_LineInfo] 2025-07-04 13:27:28,852 [INFO] CodeEngine:239 - oldGeneratedFile, D:\Comrado\ESC_BMS_Project\ALL DOCS\ALL DOCS\ESC\STM_B_G431_ESC\Comarado_ESC_v2\Inc\mc_config_common.h_save
2025-07-04 13:27:28,912 INFO  [LineInfo_to_exitCode.log_LineInfo] Generated code: D:\Comrado\ESC_BMS_Project\ALL DOCS\ALL DOCS\ESC\STM_B_G431_ESC\Comarado_ESC_v2\Inc\mc_config_common.h
2025-07-04 13:27:28,916 DEBUG [LineInfo_to_exitCode.log_LineInfo] 2025-07-04 13:27:28,916 [INFO] CodeEngine:239 - oldGeneratedFile, D:\Comrado\ESC_BMS_Project\ALL DOCS\ALL DOCS\ESC\STM_B_G431_ESC\Comarado_ESC_v2\Inc\mcp_config.h_save
2025-07-04 13:27:28,974 INFO  [LineInfo_to_exitCode.log_LineInfo] Generated code: D:\Comrado\ESC_BMS_Project\ALL DOCS\ALL DOCS\ESC\STM_B_G431_ESC\Comarado_ESC_v2\Inc\mcp_config.h
2025-07-04 13:27:28,980 DEBUG [LineInfo_to_exitCode.log_LineInfo] 2025-07-04 13:27:28,980 [INFO] CodeEngine:239 - oldGeneratedFile, D:\Comrado\ESC_BMS_Project\ALL DOCS\ALL DOCS\ESC\STM_B_G431_ESC\Comarado_ESC_v2\Src\mcp_config.c_save
2025-07-04 13:27:29,040 INFO  [LineInfo_to_exitCode.log_LineInfo] Generated code: D:\Comrado\ESC_BMS_Project\ALL DOCS\ALL DOCS\ESC\STM_B_G431_ESC\Comarado_ESC_v2\Src\mcp_config.c
2025-07-04 13:27:29,044 DEBUG [LineInfo_to_exitCode.log_LineInfo] 2025-07-04 13:27:29,044 [INFO] CodeEngine:239 - oldGeneratedFile, D:\Comrado\ESC_BMS_Project\ALL DOCS\ALL DOCS\ESC\STM_B_G431_ESC\Comarado_ESC_v2\Inc\mc_stm_types.h_save
2025-07-04 13:27:29,108 INFO  [LineInfo_to_exitCode.log_LineInfo] Generated code: D:\Comrado\ESC_BMS_Project\ALL DOCS\ALL DOCS\ESC\STM_B_G431_ESC\Comarado_ESC_v2\Inc\mc_stm_types.h
2025-07-04 13:27:29,114 DEBUG [LineInfo_to_exitCode.log_LineInfo] 2025-07-04 13:27:29,113 [INFO] CodeEngine:239 - oldGeneratedFile, D:\Comrado\ESC_BMS_Project\ALL DOCS\ALL DOCS\ESC\STM_B_G431_ESC\Comarado_ESC_v2\Src\mc_tasks.c_save
2025-07-04 13:27:29,231 INFO  [LineInfo_to_exitCode.log_LineInfo] Generated code: D:\Comrado\ESC_BMS_Project\ALL DOCS\ALL DOCS\ESC\STM_B_G431_ESC\Comarado_ESC_v2\Src\mc_tasks.c
2025-07-04 13:27:29,236 DEBUG [LineInfo_to_exitCode.log_LineInfo] 2025-07-04 13:27:29,236 [INFO] CodeEngine:239 - oldGeneratedFile, D:\Comrado\ESC_BMS_Project\ALL DOCS\ALL DOCS\ESC\STM_B_G431_ESC\Comarado_ESC_v2\Src\mc_tasks_foc.c_save
2025-07-04 13:27:29,389 INFO  [LineInfo_to_exitCode.log_LineInfo] Generated code: D:\Comrado\ESC_BMS_Project\ALL DOCS\ALL DOCS\ESC\STM_B_G431_ESC\Comarado_ESC_v2\Src\mc_tasks_foc.c
2025-07-04 13:27:29,394 DEBUG [LineInfo_to_exitCode.log_LineInfo] 2025-07-04 13:27:29,394 [INFO] CodeEngine:239 - oldGeneratedFile, D:\Comrado\ESC_BMS_Project\ALL DOCS\ALL DOCS\ESC\STM_B_G431_ESC\Comarado_ESC_v2\Src\pwm_curr_fdbk.c_save
2025-07-04 13:27:29,457 INFO  [LineInfo_to_exitCode.log_LineInfo] Generated code: D:\Comrado\ESC_BMS_Project\ALL DOCS\ALL DOCS\ESC\STM_B_G431_ESC\Comarado_ESC_v2\Src\pwm_curr_fdbk.c
2025-07-04 13:27:29,462 DEBUG [LineInfo_to_exitCode.log_LineInfo] 2025-07-04 13:27:29,461 [INFO] CodeEngine:239 - oldGeneratedFile, D:\Comrado\ESC_BMS_Project\ALL DOCS\ALL DOCS\ESC\STM_B_G431_ESC\Comarado_ESC_v2\Inc\pwm_curr_fdbk.h_save
2025-07-04 13:27:29,523 INFO  [LineInfo_to_exitCode.log_LineInfo] Generated code: D:\Comrado\ESC_BMS_Project\ALL DOCS\ALL DOCS\ESC\STM_B_G431_ESC\Comarado_ESC_v2\Inc\pwm_curr_fdbk.h
2025-07-04 13:27:29,528 DEBUG [LineInfo_to_exitCode.log_LineInfo] 2025-07-04 13:27:29,528 [INFO] CodeEngine:239 - oldGeneratedFile, D:\Comrado\ESC_BMS_Project\ALL DOCS\ALL DOCS\ESC\STM_B_G431_ESC\Comarado_ESC_v2\Src\regular_conversion_manager.c_save
2025-07-04 13:27:29,587 INFO  [LineInfo_to_exitCode.log_LineInfo] Generated code: D:\Comrado\ESC_BMS_Project\ALL DOCS\ALL DOCS\ESC\STM_B_G431_ESC\Comarado_ESC_v2\Src\regular_conversion_manager.c
2025-07-04 13:27:29,592 DEBUG [LineInfo_to_exitCode.log_LineInfo] 2025-07-04 13:27:29,592 [INFO] CodeEngine:239 - oldGeneratedFile, D:\Comrado\ESC_BMS_Project\ALL DOCS\ALL DOCS\ESC\STM_B_G431_ESC\Comarado_ESC_v2\Inc\regular_conversion_manager.h_save
2025-07-04 13:27:29,647 INFO  [LineInfo_to_exitCode.log_LineInfo] Generated code: D:\Comrado\ESC_BMS_Project\ALL DOCS\ALL DOCS\ESC\STM_B_G431_ESC\Comarado_ESC_v2\Inc\regular_conversion_manager.h
2025-07-04 13:27:29,654 DEBUG [LineInfo_to_exitCode.log_LineInfo] 2025-07-04 13:27:29,654 [INFO] CodeEngine:239 - oldGeneratedFile, D:\Comrado\ESC_BMS_Project\ALL DOCS\ALL DOCS\ESC\STM_B_G431_ESC\Comarado_ESC_v2\Src\mc_math.c_save
2025-07-04 13:27:29,722 INFO  [LineInfo_to_exitCode.log_LineInfo] Generated code: D:\Comrado\ESC_BMS_Project\ALL DOCS\ALL DOCS\ESC\STM_B_G431_ESC\Comarado_ESC_v2\Src\mc_math.c
2025-07-04 13:27:29,726 DEBUG [LineInfo_to_exitCode.log_LineInfo] 2025-07-04 13:27:29,726 [INFO] CodeEngine:239 - oldGeneratedFile, D:\Comrado\ESC_BMS_Project\ALL DOCS\ALL DOCS\ESC\STM_B_G431_ESC\Comarado_ESC_v2\Inc\mc_math.h_save
2025-07-04 13:27:29,783 INFO  [LineInfo_to_exitCode.log_LineInfo] Generated code: D:\Comrado\ESC_BMS_Project\ALL DOCS\ALL DOCS\ESC\STM_B_G431_ESC\Comarado_ESC_v2\Inc\mc_math.h
2025-07-04 13:27:29,787 DEBUG [LineInfo_to_exitCode.log_LineInfo] 2025-07-04 13:27:29,787 [INFO] CodeEngine:239 - oldGeneratedFile, D:\Comrado\ESC_BMS_Project\ALL DOCS\ALL DOCS\ESC\STM_B_G431_ESC\Comarado_ESC_v2\Src\mc_interface.c_save
2025-07-04 13:27:29,859 INFO  [LineInfo_to_exitCode.log_LineInfo] Generated code: D:\Comrado\ESC_BMS_Project\ALL DOCS\ALL DOCS\ESC\STM_B_G431_ESC\Comarado_ESC_v2\Src\mc_interface.c
2025-07-04 13:27:29,865 DEBUG [LineInfo_to_exitCode.log_LineInfo] 2025-07-04 13:27:29,865 [INFO] CodeEngine:239 - oldGeneratedFile, D:\Comrado\ESC_BMS_Project\ALL DOCS\ALL DOCS\ESC\STM_B_G431_ESC\Comarado_ESC_v2\Inc\mc_interface.h_save
2025-07-04 13:27:29,929 INFO  [LineInfo_to_exitCode.log_LineInfo] Generated code: D:\Comrado\ESC_BMS_Project\ALL DOCS\ALL DOCS\ESC\STM_B_G431_ESC\Comarado_ESC_v2\Inc\mc_interface.h
2025-07-04 13:27:29,934 DEBUG [LineInfo_to_exitCode.log_LineInfo] 2025-07-04 13:27:29,933 [INFO] CodeEngine:239 - oldGeneratedFile, D:\Comrado\ESC_BMS_Project\ALL DOCS\ALL DOCS\ESC\STM_B_G431_ESC\Comarado_ESC_v2\Inc\parameters_conversion.h_save
2025-07-04 13:27:30,011 INFO  [LineInfo_to_exitCode.log_LineInfo] Generated code: D:\Comrado\ESC_BMS_Project\ALL DOCS\ALL DOCS\ESC\STM_B_G431_ESC\Comarado_ESC_v2\Inc\parameters_conversion.h
2025-07-04 13:27:30,016 DEBUG [LineInfo_to_exitCode.log_LineInfo] 2025-07-04 13:27:30,015 [INFO] CodeEngine:239 - oldGeneratedFile, D:\Comrado\ESC_BMS_Project\ALL DOCS\ALL DOCS\ESC\STM_B_G431_ESC\Comarado_ESC_v2\Inc\parameters_conversion_g4xx.h_save
2025-07-04 13:27:30,078 INFO  [LineInfo_to_exitCode.log_LineInfo] Generated code: D:\Comrado\ESC_BMS_Project\ALL DOCS\ALL DOCS\ESC\STM_B_G431_ESC\Comarado_ESC_v2\Inc\parameters_conversion_g4xx.h
2025-07-04 13:27:30,083 DEBUG [LineInfo_to_exitCode.log_LineInfo] 2025-07-04 13:27:30,082 [INFO] CodeEngine:239 - oldGeneratedFile, D:\Comrado\ESC_BMS_Project\ALL DOCS\ALL DOCS\ESC\STM_B_G431_ESC\Comarado_ESC_v2\Inc\pmsm_motor_parameters.h_save
2025-07-04 13:27:30,141 INFO  [LineInfo_to_exitCode.log_LineInfo] Generated code: D:\Comrado\ESC_BMS_Project\ALL DOCS\ALL DOCS\ESC\STM_B_G431_ESC\Comarado_ESC_v2\Inc\pmsm_motor_parameters.h
2025-07-04 13:27:30,145 DEBUG [LineInfo_to_exitCode.log_LineInfo] 2025-07-04 13:27:30,144 [INFO] CodeEngine:239 - oldGeneratedFile, D:\Comrado\ESC_BMS_Project\ALL DOCS\ALL DOCS\ESC\STM_B_G431_ESC\Comarado_ESC_v2\Inc\power_stage_parameters.h_save
2025-07-04 13:27:30,197 INFO  [LineInfo_to_exitCode.log_LineInfo] Generated code: D:\Comrado\ESC_BMS_Project\ALL DOCS\ALL DOCS\ESC\STM_B_G431_ESC\Comarado_ESC_v2\Inc\power_stage_parameters.h
2025-07-04 13:27:30,203 DEBUG [LineInfo_to_exitCode.log_LineInfo] 2025-07-04 13:27:30,203 [INFO] CodeEngine:239 - oldGeneratedFile, D:\Comrado\ESC_BMS_Project\ALL DOCS\ALL DOCS\ESC\STM_B_G431_ESC\Comarado_ESC_v2\Src\stm32_mc_common_it.c_save
2025-07-04 13:27:30,287 INFO  [LineInfo_to_exitCode.log_LineInfo] Generated code: D:\Comrado\ESC_BMS_Project\ALL DOCS\ALL DOCS\ESC\STM_B_G431_ESC\Comarado_ESC_v2\Src\stm32_mc_common_it.c
2025-07-04 13:27:30,292 DEBUG [LineInfo_to_exitCode.log_LineInfo] 2025-07-04 13:27:30,292 [INFO] CodeEngine:239 - oldGeneratedFile, D:\Comrado\ESC_BMS_Project\ALL DOCS\ALL DOCS\ESC\STM_B_G431_ESC\Comarado_ESC_v2\Src\stm32g4xx_mc_it.c_save
2025-07-04 13:27:30,353 INFO  [LineInfo_to_exitCode.log_LineInfo] Generated code: D:\Comrado\ESC_BMS_Project\ALL DOCS\ALL DOCS\ESC\STM_B_G431_ESC\Comarado_ESC_v2\Src\stm32g4xx_mc_it.c
2025-07-04 13:27:30,359 DEBUG [LineInfo_to_exitCode.log_LineInfo] 2025-07-04 13:27:30,358 [INFO] CodeEngine:239 - oldGeneratedFile, D:\Comrado\ESC_BMS_Project\ALL DOCS\ALL DOCS\ESC\STM_B_G431_ESC\Comarado_ESC_v2\Inc\mc_parameters.h_save
2025-07-04 13:27:30,419 INFO  [LineInfo_to_exitCode.log_LineInfo] Generated code: D:\Comrado\ESC_BMS_Project\ALL DOCS\ALL DOCS\ESC\STM_B_G431_ESC\Comarado_ESC_v2\Inc\mc_parameters.h
2025-07-04 13:27:30,425 DEBUG [LineInfo_to_exitCode.log_LineInfo] 2025-07-04 13:27:30,424 [INFO] CodeEngine:239 - oldGeneratedFile, D:\Comrado\ESC_BMS_Project\ALL DOCS\ALL DOCS\ESC\STM_B_G431_ESC\Comarado_ESC_v2\Src\mc_parameters.c_save
2025-07-04 13:27:30,540 INFO  [LineInfo_to_exitCode.log_LineInfo] Generated code: D:\Comrado\ESC_BMS_Project\ALL DOCS\ALL DOCS\ESC\STM_B_G431_ESC\Comarado_ESC_v2\Src\mc_parameters.c
2025-07-04 13:27:30,545 DEBUG [LineInfo_to_exitCode.log_LineInfo] 2025-07-04 13:27:30,544 [INFO] CodeEngine:239 - oldGeneratedFile, D:\Comrado\ESC_BMS_Project\ALL DOCS\ALL DOCS\ESC\STM_B_G431_ESC\Comarado_ESC_v2\Src\register_interface.c_save
2025-07-04 13:27:30,656 INFO  [LineInfo_to_exitCode.log_LineInfo] Generated code: D:\Comrado\ESC_BMS_Project\ALL DOCS\ALL DOCS\ESC\STM_B_G431_ESC\Comarado_ESC_v2\Src\register_interface.c
2025-07-04 13:27:30,662 DEBUG [LineInfo_to_exitCode.log_LineInfo] 2025-07-04 13:27:30,661 [INFO] CodeEngine:239 - oldGeneratedFile, D:\Comrado\ESC_BMS_Project\ALL DOCS\ALL DOCS\ESC\STM_B_G431_ESC\Comarado_ESC_v2\Src\mcp.c_save
2025-07-04 13:27:30,723 INFO  [LineInfo_to_exitCode.log_LineInfo] Generated code: D:\Comrado\ESC_BMS_Project\ALL DOCS\ALL DOCS\ESC\STM_B_G431_ESC\Comarado_ESC_v2\Src\mcp.c
2025-07-04 13:27:30,728 DEBUG [LineInfo_to_exitCode.log_LineInfo] 2025-07-04 13:27:30,727 [INFO] CodeEngine:239 - oldGeneratedFile, D:\Comrado\ESC_BMS_Project\ALL DOCS\ALL DOCS\ESC\STM_B_G431_ESC\Comarado_ESC_v2\Inc\mc_perf.h_save
2025-07-04 13:27:30,777 INFO  [LineInfo_to_exitCode.log_LineInfo] Generated code: D:\Comrado\ESC_BMS_Project\ALL DOCS\ALL DOCS\ESC\STM_B_G431_ESC\Comarado_ESC_v2\Inc\mc_perf.h
2025-07-04 13:27:30,781 DEBUG [LineInfo_to_exitCode.log_LineInfo] 2025-07-04 13:27:30,781 [INFO] CodeEngine:239 - oldGeneratedFile, D:\Comrado\ESC_BMS_Project\ALL DOCS\ALL DOCS\ESC\STM_B_G431_ESC\Comarado_ESC_v2\Src\mc_perf.c_save
2025-07-04 13:27:30,835 INFO  [LineInfo_to_exitCode.log_LineInfo] Generated code: D:\Comrado\ESC_BMS_Project\ALL DOCS\ALL DOCS\ESC\STM_B_G431_ESC\Comarado_ESC_v2\Src\mc_perf.c
2025-07-04 13:27:30,840 DEBUG [LineInfo_to_exitCode.log_LineInfo] 2025-07-04 13:27:30,840 [INFO] CodeEngine:239 - oldGeneratedFile, D:\Comrado\ESC_BMS_Project\ALL DOCS\ALL DOCS\ESC\STM_B_G431_ESC\Comarado_ESC_v2\Inc\register_interface.h_save
2025-07-04 13:27:30,900 INFO  [LineInfo_to_exitCode.log_LineInfo] Generated code: D:\Comrado\ESC_BMS_Project\ALL DOCS\ALL DOCS\ESC\STM_B_G431_ESC\Comarado_ESC_v2\Inc\register_interface.h
2025-07-04 13:27:30,904 DEBUG [LineInfo_to_exitCode.log_LineInfo] 2025-07-04 13:27:30,904 [INFO] CodeEngine:239 - oldGeneratedFile, D:\Comrado\ESC_BMS_Project\ALL DOCS\ALL DOCS\ESC\STM_B_G431_ESC\Comarado_ESC_v2\Src\usart_aspep_driver.c_save
2025-07-04 13:27:30,952 INFO  [LineInfo_to_exitCode.log_LineInfo] Generated code: D:\Comrado\ESC_BMS_Project\ALL DOCS\ALL DOCS\ESC\STM_B_G431_ESC\Comarado_ESC_v2\Src\usart_aspep_driver.c
2025-07-04 13:27:30,956 DEBUG [LineInfo_to_exitCode.log_LineInfo] 2025-07-04 13:27:30,956 [INFO] CodeEngine:239 - oldGeneratedFile, D:\Comrado\ESC_BMS_Project\ALL DOCS\ALL DOCS\ESC\STM_B_G431_ESC\Comarado_ESC_v2\Src\mc_configuration_registers.c_save
2025-07-04 13:27:31,005 INFO  [LineInfo_to_exitCode.log_LineInfo] Generated code: D:\Comrado\ESC_BMS_Project\ALL DOCS\ALL DOCS\ESC\STM_B_G431_ESC\Comarado_ESC_v2\Src\mc_configuration_registers.c
2025-07-04 13:27:31,009 DEBUG [LineInfo_to_exitCode.log_LineInfo] 2025-07-04 13:27:31,009 [INFO] CodeEngine:239 - oldGeneratedFile, D:\Comrado\ESC_BMS_Project\ALL DOCS\ALL DOCS\ESC\STM_B_G431_ESC\Comarado_ESC_v2\Inc\mc_configuration_registers.h_save
2025-07-04 13:27:31,067 INFO  [LineInfo_to_exitCode.log_LineInfo] Generated code: D:\Comrado\ESC_BMS_Project\ALL DOCS\ALL DOCS\ESC\STM_B_G431_ESC\Comarado_ESC_v2\Inc\mc_configuration_registers.h
2025-07-04 13:27:31,071 DEBUG [LineInfo_to_exitCode.log_LineInfo] 2025-07-04 13:27:31,070 [INFO] CodeEngine:239 - oldGeneratedFile, D:\Comrado\ESC_BMS_Project\ALL DOCS\ALL DOCS\ESC\STM_B_G431_ESC\Comarado_ESC_v2\Inc\aspep.h_save
2025-07-04 13:27:31,123 INFO  [LineInfo_to_exitCode.log_LineInfo] Generated code: D:\Comrado\ESC_BMS_Project\ALL DOCS\ALL DOCS\ESC\STM_B_G431_ESC\Comarado_ESC_v2\Inc\aspep.h
2025-07-04 13:27:31,126 DEBUG [LineInfo_to_exitCode.log_LineInfo] 2025-07-04 13:27:31,126 [INFO] CodeEngine:239 - oldGeneratedFile, D:\Comrado\ESC_BMS_Project\ALL DOCS\ALL DOCS\ESC\STM_B_G431_ESC\Comarado_ESC_v2\Src\aspep.c_save
2025-07-04 13:27:31,191 INFO  [LineInfo_to_exitCode.log_LineInfo] Generated code: D:\Comrado\ESC_BMS_Project\ALL DOCS\ALL DOCS\ESC\STM_B_G431_ESC\Comarado_ESC_v2\Src\aspep.c
2025-07-04 13:27:31,194 DEBUG [LineInfo_to_exitCode.log_LineInfo] 2025-07-04 13:27:31,194 [INFO] CodeEngine:239 - oldGeneratedFile, D:\Comrado\ESC_BMS_Project\ALL DOCS\ALL DOCS\ESC\STM_B_G431_ESC\Comarado_ESC_v2\Inc\mc_app_hooks.h_save
2025-07-04 13:27:31,238 INFO  [LineInfo_to_exitCode.log_LineInfo] Generated code: D:\Comrado\ESC_BMS_Project\ALL DOCS\ALL DOCS\ESC\STM_B_G431_ESC\Comarado_ESC_v2\Inc\mc_app_hooks.h
2025-07-04 13:27:31,241 DEBUG [LineInfo_to_exitCode.log_LineInfo] 2025-07-04 13:27:31,241 [INFO] CodeEngine:239 - oldGeneratedFile, D:\Comrado\ESC_BMS_Project\ALL DOCS\ALL DOCS\ESC\STM_B_G431_ESC\Comarado_ESC_v2\Src\mc_app_hooks.c_save
2025-07-04 13:27:31,298 INFO  [LineInfo_to_exitCode.log_LineInfo] Generated code: D:\Comrado\ESC_BMS_Project\ALL DOCS\ALL DOCS\ESC\STM_B_G431_ESC\Comarado_ESC_v2\Src\mc_app_hooks.c
2025-07-04 13:27:31,311 DEBUG [LineInfo_to_exitCode.log_LineInfo] 2025-07-04 13:27:31,311 [INFO] CodeEngine:239 - oldGeneratedFile, D:\Comrado\ESC_BMS_Project\ALL DOCS\ALL DOCS\ESC\STM_B_G431_ESC\Comarado_ESC_v2\Src\stm32g4xx_it.c_save
2025-07-04 13:27:31,376 INFO  [LineInfo_to_exitCode.log_LineInfo] Generated code: D:\Comrado\ESC_BMS_Project\ALL DOCS\ALL DOCS\ESC\STM_B_G431_ESC\Comarado_ESC_v2\Src\stm32g4xx_it.c
2025-07-04 13:27:31,380 DEBUG [LineInfo_to_exitCode.log_LineInfo] 2025-07-04 13:27:31,380 [INFO] CodeEngine:239 - oldGeneratedFile, D:\Comrado\ESC_BMS_Project\ALL DOCS\ALL DOCS\ESC\STM_B_G431_ESC\Comarado_ESC_v2\Inc\stm32g4xx_it.h_save
2025-07-04 13:27:31,426 INFO  [LineInfo_to_exitCode.log_LineInfo] Generated code: D:\Comrado\ESC_BMS_Project\ALL DOCS\ALL DOCS\ESC\STM_B_G431_ESC\Comarado_ESC_v2\Inc\stm32g4xx_it.h
2025-07-04 13:27:31,436 DEBUG [LineInfo_to_exitCode.log_LineInfo] 2025-07-04 13:27:31,436 [INFO] CodeEngine:239 - oldGeneratedFile, D:\Comrado\ESC_BMS_Project\ALL DOCS\ALL DOCS\ESC\STM_B_G431_ESC\Comarado_ESC_v2\Src\stm32g4xx_hal_msp.c_save
2025-07-04 13:27:31,575 INFO  [LineInfo_to_exitCode.log_LineInfo] Generated code: D:\Comrado\ESC_BMS_Project\ALL DOCS\ALL DOCS\ESC\STM_B_G431_ESC\Comarado_ESC_v2\Src\stm32g4xx_hal_msp.c
2025-07-04 13:27:31,579 DEBUG [LineInfo_to_exitCode.log_LineInfo] 2025-07-04 13:27:31,579 [INFO] CodeEngine:239 - oldGeneratedFile, D:\Comrado\ESC_BMS_Project\ALL DOCS\ALL DOCS\ESC\STM_B_G431_ESC\Comarado_ESC_v2\MXTmpFiles\system.tmp_save
2025-07-04 13:27:31,632 DEBUG [LineInfo_to_exitCode.log_LineInfo] 2025-07-04 13:27:31,632 [INFO] CodeEngine:257 - Generated code: D:\Comrado\ESC_BMS_Project\ALL DOCS\ALL DOCS\ESC\STM_B_G431_ESC\Comarado_ESC_v2\MXTmpFiles\system.tmp
2025-07-04 13:27:31,640 DEBUG [LineInfo_to_exitCode.log_LineInfo] 2025-07-04 13:27:31,639 [INFO] CodeEngine:239 - oldGeneratedFile, D:\Comrado\ESC_BMS_Project\ALL DOCS\ALL DOCS\ESC\STM_B_G431_ESC\Comarado_ESC_v2\Inc\stm32g4xx_hal_conf.h_save
2025-07-04 13:27:31,692 INFO  [LineInfo_to_exitCode.log_LineInfo] Generated code: D:\Comrado\ESC_BMS_Project\ALL DOCS\ALL DOCS\ESC\STM_B_G431_ESC\Comarado_ESC_v2\Inc\stm32g4xx_hal_conf.h
2025-07-04 13:27:31,732 DEBUG [LineInfo_to_exitCode.log_LineInfo] 2025-07-04 13:27:31,732 [INFO] CodeEngine:239 - oldGeneratedFile, D:\Comrado\ESC_BMS_Project\ALL DOCS\ALL DOCS\ESC\STM_B_G431_ESC\Comarado_ESC_v2\Inc\main.h_save
2025-07-04 13:27:31,787 INFO  [LineInfo_to_exitCode.log_LineInfo] Generated code: D:\Comrado\ESC_BMS_Project\ALL DOCS\ALL DOCS\ESC\STM_B_G431_ESC\Comarado_ESC_v2\Inc\main.h
2025-07-04 13:27:31,791 DEBUG [LineInfo_to_exitCode.log_LineInfo] 2025-07-04 13:27:31,791 [INFO] CodeEngine:239 - oldGeneratedFile, D:\Comrado\ESC_BMS_Project\ALL DOCS\ALL DOCS\ESC\STM_B_G431_ESC\Comarado_ESC_v2\Src\main.c_save
2025-07-04 13:27:31,939 INFO  [LineInfo_to_exitCode.log_LineInfo] Generated code: D:\Comrado\ESC_BMS_Project\ALL DOCS\ALL DOCS\ESC\STM_B_G431_ESC\Comarado_ESC_v2\Src\main.c
2025-07-04 13:27:32,517 DEBUG [LineInfo_to_exitCode.log_LineInfo] 2025-07-04 13:27:32,517 [INFO] ProjectBuilder:2589 - Time for Copy HAL[0] : 236mS.
2025-07-04 13:27:32,584 DEBUG [LineInfo_to_exitCode.log_LineInfo] 2025-07-04 13:27:32,584 [INFO] ProjectBuilder:3665 - Project Generator version: 3.15.2
2025-07-04 13:27:32,890 DEBUG [LineInfo_to_exitCode.log_LineInfo] 2025-07-04 13:27:32,890 [INFO] ConfigFileManager:1273 - The Die is : DIE468
2025-07-04 13:27:32,897 DEBUG [LineInfo_to_exitCode.log_LineInfo] 2025-07-04 13:27:32,897 [INFO] ApiDbMcu:488 - Load IP Config File for FATFS
2025-07-04 13:27:32,901 DEBUG [LineInfo_to_exitCode.log_LineInfo] 2025-07-04 13:27:32,901 [INFO] ApiDbMcu:488 - Load IP Config File for FREERTOS
2025-07-04 13:27:32,905 DEBUG [LineInfo_to_exitCode.log_LineInfo] 2025-07-04 13:27:32,904 [INFO] ApiDbMcu:488 - Load IP Config File for USBPD
2025-07-04 13:27:32,911 DEBUG [LineInfo_to_exitCode.log_LineInfo] 2025-07-04 13:27:32,911 [INFO] ApiDbMcu:488 - Load IP Config File for USB_Device
2025-07-04 13:27:40,385 DEBUG [LineInfo_to_exitCode.log_LineInfo] 2025-07-04 13:27:40,385 [INFO] ConfigFileManager:2454 - mx.scratch is deleted!
2025-07-04 13:27:40,386 DEBUG [LineInfo_to_exitCode.log_LineInfo] 2025-07-04 13:27:40,385 [INFO] ProjectBuilder:3832 - Time for Generating toolchain IDE Files: 7801mS.
2025-07-04 13:27:41,697 DEBUG [LineInfo_to_exitCode.log_LineInfo] 2025-07-04 13:27:41,697 [INFO] ProjectBuilder:2461 - Time for Copy CMSIS : 1311mS.
2025-07-04 13:27:42,417 DEBUG [LineInfo_to_exitCode.log_LineInfo] 2025-07-04 13:27:42,416 [INFO] ProjectBuilder:2461 - Time for Copy CMSIS : 718mS.
2025-07-04 13:27:57,084 DEBUG [IOCDialogController.lambda$onClose$8] IOCGenerationDialog exists with return code 1
2025-07-04 13:28:44,205 DEBUG [WB_to_MX.lambda$run_gui_mode$0] Arguments: [-mx_timeout, -1, -pack, assets/MotorControlPack/MotorControl.zip, -exp, templates/wb-defines_where_and_what.txt, -ftl, templates/wb_ioc_template.ftl, -xdm, D:\Comrado\ESC_BMS_Project\ALL DOCS\ALL DOCS\ESC\STM_B_G431_ESC\Comarado_ESC_v2\Comarado_ESC_v2.wbdef, -ioc, D:\Comrado\ESC_BMS_Project\ALL DOCS\ALL DOCS\ESC\STM_B_G431_ESC\Comarado_ESC_v2\Comarado_ESC_v2.ioc]
2025-07-04 13:28:44,205 DEBUG [ArgsValue.lambda$retrieve$2] CLI_ARG[ftl]: templates/wb_ioc_template.ftl
2025-07-04 13:28:44,207 DEBUG [ArgsValue.lambda$retrieve$2] CLI_ARG[exp]: templates/wb-defines_where_and_what.txt
2025-07-04 13:28:44,207 DEBUG [ArgsValue.lambda$retrieve$2] CLI_ARG[xdm]: D:\Comrado\ESC_BMS_Project\ALL DOCS\ALL DOCS\ESC\STM_B_G431_ESC\Comarado_ESC_v2\Comarado_ESC_v2.wbdef
2025-07-04 13:28:44,207 DEBUG [ArgsValue.lambda$retrieve$2] CLI_ARG[ioc]: D:\Comrado\ESC_BMS_Project\ALL DOCS\ALL DOCS\ESC\STM_B_G431_ESC\Comarado_ESC_v2\Comarado_ESC_v2.ioc
2025-07-04 13:28:44,207 DEBUG [ArgsValue.lambda$retrieve$2] CLI_ARG[pack]: assets/MotorControlPack/MotorControl.zip
2025-07-04 13:28:44,207 DEBUG [ArgsValue.lambda$retrieve$2] CLI_ARG[mx_timeout]: -1
2025-07-04 13:28:44,207 DEBUG [ArgsValue.retrieve] {xdm=D:\Comrado\ESC_BMS_Project\ALL DOCS\ALL DOCS\ESC\STM_B_G431_ESC\Comarado_ESC_v2\Comarado_ESC_v2.wbdef, updftl=templates/wb_ioc_mc-middleware.ftl, mx_timeout=-1, exp=templates/wb-defines_where_and_what.txt, ioc=D:\Comrado\ESC_BMS_Project\ALL DOCS\ALL DOCS\ESC\STM_B_G431_ESC\Comarado_ESC_v2\Comarado_ESC_v2.ioc, pack=assets/MotorControlPack/MotorControl.zip, ftl=templates/wb_ioc_template.ftl}
2025-07-04 13:28:44,207 DEBUG [WB_to_MX.run] Targeted MCU family = G4
2025-07-04 13:28:44,208 DEBUG [WB_to_MX.run] Minimum associated CubeMx to the `6.0.0-a0` targeted MCU family is `G4`
2025-07-04 13:28:47,865 DEBUG [EnvironmentChecker.checkPack] STM32CubeMX.Version: 6.4.0-RC4
2025-07-04 13:28:47,867 DEBUG [RetrieveFirmwareVersion.from_zip] Trying to read Firmware version from zipped version Pack: C:\Program Files (x86)\STMicroelectronics\MC_SDK_6.3.2\Utilities\PC_Software\STMCWB\assets\MotorControlPack\MotorControl.zip
2025-07-04 13:28:47,885 DEBUG [RetrieveFirmwareVersion.minimum_supporte_version] minimum_supporte_version MotorControlFirmware.Version: 6.3.0
2025-07-04 13:28:47,885 DEBUG [PackInfoFactory.deploy_MCPack_to_MxRepo] Deployment strategy class: VersionedFolderStyle_MCPackDeployer
2025-07-04 13:28:47,886 DEBUG [PackInfoFactory.deploy_MCPack_to_MxRepo] Expected MC Pack 6.3.2-Full already deployed
2025-07-04 13:28:47,892 DEBUG [DataSetUpdater.update] Updating data set
2025-07-04 13:28:47,893 DEBUG [DataSetUpdater.update] Update done
2025-07-04 13:28:47,893 INFO  [IocGenerator.logModulesVersionInfo] Version info: 
2025-07-04 13:28:47,893 INFO  [IocGenerator.logModulesVersionInfo]   MC Workbench       : 6.3.2
2025-07-04 13:28:47,894 INFO  [IocGenerator.logModulesVersionInfo]   WB_to_Mx           : 6.2.3.template-24-04-17
2025-07-04 13:28:47,894 INFO  [IocGenerator.logModulesVersionInfo]   STM32CubeMX        : 6.4.0
2025-07-04 13:28:47,894 INFO  [IocGenerator.logModulesVersionInfo]   MC Firmware Library: 6.3.2-Full
2025-07-04 13:28:47,894 INFO  [IocGenerator.logModulesVersionInfo] 
Generation options: 
2025-07-04 13:28:47,895 INFO  [IocGenerator.logModulesVersionInfo]   Target Toolchain   : ST STM32CubeIDE
2025-07-04 13:28:47,895 INFO  [IocGenerator.logModulesVersionInfo]   Target Driver      : HAL - Hardware Abstraction Layer
2025-07-04 13:28:47,895 INFO  [IocGenerator.logModulesVersionInfo]   Target STM32 FW    : 1.6.0

2025-07-04 13:28:47,895 DEBUG [IocGenerator.process] D:\Comrado\ESC_BMS_Project\ALL DOCS\ALL DOCS\ESC\STM_B_G431_ESC\Comarado_ESC_v2\Comarado_ESC_v2.ioc ioc file: Generating
2025-07-04 13:28:47,897 DEBUG [IocGenerator.createOutput] Generating file from template templates\wb_ioc_template.ftl
2025-07-04 13:28:48,335 DEBUG [IocGenerator.process] ioc file D:\Comrado\ESC_BMS_Project\ALL DOCS\ALL DOCS\ESC\STM_B_G431_ESC\Comarado_ESC_v2\Comarado_ESC_v2.ioc Generated
2025-07-04 13:28:48,335 INFO  [LineInfo_to_exitCode.log_LineInfo] D:\Comrado\ESC_BMS_Project\ALL DOCS\ALL DOCS\ESC\STM_B_G431_ESC\Comarado_ESC_v2\Comarado_ESC_v2.ioc ioc: Generated
2025-07-04 13:28:48,372 INFO  [Wb2MxProcess.lambda$copyFolder$e7a869af$1] Folder Overwritten D:\Comrado\ESC_BMS_Project\ALL DOCS\ALL DOCS\ESC\STM_B_G431_ESC\Comarado_ESC_v2\ftl
2025-07-04 13:28:48,376 INFO  [extSettings.lambda$writeContentToFile$f5919002$1] Generated D:\Comrado\ESC_BMS_Project\ALL DOCS\ALL DOCS\ESC\STM_B_G431_ESC\Comarado_ESC_v2\.extSettings
2025-07-04 13:28:48,379 INFO  [Wb2MxProcess.lambda$run$$19] 
Started STM32CubeMX for final c-code generation
2025-07-04 13:28:48,380 DEBUG [CubeMxRunner.create_code_generation_script_for] Generated CubeMx script file: C:\Users\Admin\AppData\Local\Temp\WB_to_Mx-comaradoescv-3885823317451572292.script
2025-07-04 13:28:48,810 DEBUG [LineInfo_to_exitCode.log_LineInfo] 2025-07-04 13:28:48,808 [INFO] MicroXplorer:88 - [MX] MX Start == 1093333391707800
2025-07-04 13:28:48,811 DEBUG [LineInfo_to_exitCode.log_LineInfo] 2025-07-04 13:28:48,810 [INFO] MicroXplorer:632 - Detected Java Version = 11.0.10
2025-07-04 13:28:48,847 DEBUG [LineInfo_to_exitCode.log_LineInfo] 2025-07-04 13:28:48,846 [INFO] ApplicationProperties:181 - Using Application install path: C:\Program Files\STMicroelectronics\STM32Cube\STM32CubeMX
2025-07-04 13:28:48,868 DEBUG [LineInfo_to_exitCode.log_LineInfo] 2025-07-04 13:28:48,865 [INFO] DbMcusXml:74 - Set database path to: C:\Program Files\STMicroelectronics\STM32Cube\STM32CubeMX\\db\/mcu/
2025-07-04 13:28:48,872 DEBUG [LineInfo_to_exitCode.log_LineInfo] 2025-07-04 13:28:48,871 [INFO] DbBoardsPdsc:56 - Set plugin database path to: C:\Program Files\STMicroelectronics\STM32Cube\STM32CubeMX\\db\/plugins/boardmanager/
2025-07-04 13:28:48,874 DEBUG [LineInfo_to_exitCode.log_LineInfo] 2025-07-04 13:28:48,873 [INFO] DbMcus:258 - Set plugin images path to: C:\Program Files\STMicroelectronics\STM32Cube\STM32CubeMX\\db\/plugins/mcufinder/images/
2025-07-04 13:28:48,874 DEBUG [LineInfo_to_exitCode.log_LineInfo] 2025-07-04 13:28:48,874 [INFO] DbBoards:264 - Set plugin images path to: C:\Program Files\STMicroelectronics\STM32Cube\STM32CubeMX\\db\/plugins/mcufinder/images/
2025-07-04 13:28:48,878 DEBUG [LineInfo_to_exitCode.log_LineInfo] 2025-07-04 13:28:48,878 [INFO] DbExamples:332 - Set plugin images path to: C:\Program Files\STMicroelectronics\STM32Cube\STM32CubeMX\\db\/plugins/mcufinder/images/
2025-07-04 13:28:48,890 DEBUG [LineInfo_to_exitCode.log_LineInfo] 2025-07-04 13:28:48,890 [INFO] McuFinderGlobals:39 - Set McuFinder mode to 1 (CubeMX integrated)
2025-07-04 13:28:48,928 DEBUG [LineInfo_to_exitCode.log_LineInfo] 2025-07-04 13:28:48,928 [INFO] DbMcusAds:119 - Set database path to: C:\Users\Admin\.stmcufinder\plugins\mcufinder//mcu/
2025-07-04 13:28:48,929 DEBUG [LineInfo_to_exitCode.log_LineInfo] 2025-07-04 13:28:48,929 [INFO] DbMcusDocs:110 - Set database path to: C:\Users\Admin\.stmcufinder\plugins\mcufinder//mcu/
2025-07-04 13:28:48,931 DEBUG [LineInfo_to_exitCode.log_LineInfo] 2025-07-04 13:28:48,931 [INFO] DbMcusJson:64 - Set database path to: C:\Users\Admin\.stmcufinder\plugins\mcufinder//mcu/
2025-07-04 13:28:48,932 DEBUG [LineInfo_to_exitCode.log_LineInfo] 2025-07-04 13:28:48,932 [INFO] DbBoardsDocs:110 - Set database path to: C:\Users\Admin\.stmcufinder\plugins\mcufinder//mcu/
2025-07-04 13:28:48,934 DEBUG [LineInfo_to_exitCode.log_LineInfo] 2025-07-04 13:28:48,934 [INFO] DbBoardsJson:57 - Set database path to: C:\Users\Admin\.stmcufinder\plugins\mcufinder//mcu/
2025-07-04 13:28:48,955 DEBUG [LineInfo_to_exitCode.log_LineInfo] 2025-07-04 13:28:48,955 [INFO] CrossReferenceDbSqlite:196 - Set database path to: C:\Users\Admin\.stmcufinder\plugins\mcufinder//mcu/cs/
2025-07-04 13:28:48,960 DEBUG [LineInfo_to_exitCode.log_LineInfo] 2025-07-04 13:28:48,958 [INFO] DbExamplesSqlite:764 - Set database path to: C:\Users\Admin\.stmcufinder\plugins\mcufinder//mcu/
2025-07-04 13:28:49,160 DEBUG [LineInfo_to_exitCode.log_LineInfo] 2025-07-04 13:28:49,159 [INFO] RulesReader:57 - Compatibility file has been processed (244 Rules)
2025-07-04 13:28:49,216 DEBUG [LineInfo_to_exitCode.log_LineInfo] 2025-07-04 13:28:49,216 [INFO] STM32CubeMX:55 - Starting STM32CubeMX
2025-07-04 13:28:50,204 DEBUG [LineInfo_to_exitCode.log_LineInfo] 2025-07-04 13:28:50,204 [INFO] MainPanel:220 - HeapMemory: 232783872
2025-07-04 13:28:50,371 DEBUG [LineInfo_to_exitCode.log_LineInfo] 2025-07-04 13:28:50,370 [INFO] DbMcusXml:74 - Set database path to: C:\Program Files\STMicroelectronics\STM32Cube\STM32CubeMX\\db\/mcu/
2025-07-04 13:28:50,371 DEBUG [LineInfo_to_exitCode.log_LineInfo] 2025-07-04 13:28:50,371 [INFO] DbBoardsPdsc:56 - Set plugin database path to: C:\Program Files\STMicroelectronics\STM32Cube\STM32CubeMX\\db\/plugins/boardmanager/
2025-07-04 13:28:50,371 DEBUG [LineInfo_to_exitCode.log_LineInfo] 2025-07-04 13:28:50,371 [INFO] DbMcus:258 - Set plugin images path to: C:\Program Files\STMicroelectronics\STM32Cube\STM32CubeMX\\db\/plugins/mcufinder/images/
2025-07-04 13:28:50,372 DEBUG [LineInfo_to_exitCode.log_LineInfo] 2025-07-04 13:28:50,371 [INFO] DbBoards:264 - Set plugin images path to: C:\Program Files\STMicroelectronics\STM32Cube\STM32CubeMX\\db\/plugins/mcufinder/images/
2025-07-04 13:28:50,372 DEBUG [LineInfo_to_exitCode.log_LineInfo] 2025-07-04 13:28:50,372 [INFO] DbExamples:332 - Set plugin images path to: C:\Program Files\STMicroelectronics\STM32Cube\STM32CubeMX\\db\/plugins/mcufinder/images/
2025-07-04 13:28:50,378 DEBUG [LineInfo_to_exitCode.log_LineInfo] 2025-07-04 13:28:50,377 [INFO] DbMcusAds:119 - Set database path to: C:\Users\Admin\.stmcufinder\plugins\mcufinder//mcu/
2025-07-04 13:28:50,379 DEBUG [LineInfo_to_exitCode.log_LineInfo] 2025-07-04 13:28:50,378 [INFO] DbMcusDocs:110 - Set database path to: C:\Users\Admin\.stmcufinder\plugins\mcufinder//mcu/
2025-07-04 13:28:50,379 DEBUG [LineInfo_to_exitCode.log_LineInfo] 2025-07-04 13:28:50,379 [INFO] DbMcusJson:64 - Set database path to: C:\Users\Admin\.stmcufinder\plugins\mcufinder//mcu/
2025-07-04 13:28:50,380 DEBUG [LineInfo_to_exitCode.log_LineInfo] 2025-07-04 13:28:50,379 [INFO] DbBoardsDocs:110 - Set database path to: C:\Users\Admin\.stmcufinder\plugins\mcufinder//mcu/
2025-07-04 13:28:50,380 DEBUG [LineInfo_to_exitCode.log_LineInfo] 2025-07-04 13:28:50,380 [INFO] DbBoardsJson:57 - Set database path to: C:\Users\Admin\.stmcufinder\plugins\mcufinder//mcu/
2025-07-04 13:28:50,381 DEBUG [LineInfo_to_exitCode.log_LineInfo] 2025-07-04 13:28:50,381 [INFO] CrossReferenceDbSqlite:196 - Set database path to: C:\Users\Admin\.stmcufinder\plugins\mcufinder//mcu/cs/
2025-07-04 13:28:50,382 DEBUG [LineInfo_to_exitCode.log_LineInfo] 2025-07-04 13:28:50,381 [INFO] DbExamplesSqlite:764 - Set database path to: C:\Users\Admin\.stmcufinder\plugins\mcufinder//mcu/
2025-07-04 13:28:50,416 DEBUG [LineInfo_to_exitCode.log_LineInfo] 2025-07-04 13:28:50,416 [INFO] ApplicationProperties:181 - Using Application install path: C:\Program Files\STMicroelectronics\STM32Cube\STM32CubeMX
2025-07-04 13:28:50,418 DEBUG [LineInfo_to_exitCode.log_LineInfo] 2025-07-04 13:28:50,418 [INFO] PluginManage:188 - Search for loadable plugins [exclusion list=, ]
2025-07-04 13:28:50,420 DEBUG [LineInfo_to_exitCode.log_LineInfo] 2025-07-04 13:28:50,420 [INFO] PluginManage:302 - Check plugin analytics
2025-07-04 13:28:50,660 ERROR [LineInfo_to_exitCode.log_LineInfo] The ST intranet updater server is unknown: mcucrossselector.codex.cro.st.com
2025-07-04 13:28:55,760 DEBUG [LineInfo_to_exitCode.log_LineInfo] 2025-07-04 13:28:55,760 [INFO] AnalyticsPlugin:257 - Accepted Software Licenses: STM32CubeMX.6.13.0,STM32CubeMX.6.4.0
2025-07-04 13:28:55,760 DEBUG [LineInfo_to_exitCode.log_LineInfo] 2025-07-04 13:28:55,760 [INFO] AnalyticsPlugin:259 - Accepted CMSIS Pack Licenses: 
2025-07-04 13:28:55,761 DEBUG [LineInfo_to_exitCode.log_LineInfo] 2025-07-04 13:28:55,761 [INFO] AnalyticsPlugin:261 - Accepted Firmware Licenses: FW.F4.1.27.0,FW.L4.1.18.0,FW.F4.1.28.0,FW.G4.1.5.0,FW.G4.1.6.0
2025-07-04 13:28:55,772 DEBUG [LineInfo_to_exitCode.log_LineInfo] 2025-07-04 13:28:55,771 [INFO] PluginManage:352 - Loaded plugin analytics (category:tool,tabindex:-1)
2025-07-04 13:28:55,772 DEBUG [LineInfo_to_exitCode.log_LineInfo] 2025-07-04 13:28:55,772 [INFO] PluginManage:302 - Check plugin clock
2025-07-04 13:28:55,781 DEBUG [LineInfo_to_exitCode.log_LineInfo] 2025-07-04 13:28:55,781 [INFO] PluginManage:352 - Loaded plugin clock (category:base,tabindex:2)
2025-07-04 13:28:55,782 DEBUG [LineInfo_to_exitCode.log_LineInfo] 2025-07-04 13:28:55,782 [INFO] PluginManage:302 - Check plugin ddr
2025-07-04 13:28:55,786 DEBUG [LineInfo_to_exitCode.log_LineInfo] 2025-07-04 13:28:55,785 [INFO] PluginManage:352 - Loaded plugin ddr (category:tool,tabindex:6)
2025-07-04 13:28:55,786 DEBUG [LineInfo_to_exitCode.log_LineInfo] 2025-07-04 13:28:55,786 [INFO] PluginManage:302 - Check plugin filemanager
2025-07-04 13:28:55,929 DEBUG [LineInfo_to_exitCode.log_LineInfo] 2025-07-04 13:28:55,928 [INFO] PluginManage:352 - Loaded plugin filemanager (category:base,tabindex:10)
2025-07-04 13:28:55,929 DEBUG [LineInfo_to_exitCode.log_LineInfo] 2025-07-04 13:28:55,929 [INFO] PluginManage:302 - Check plugin ipmanager
2025-07-04 13:28:55,941 DEBUG [LineInfo_to_exitCode.log_LineInfo] 2025-07-04 13:28:55,940 [INFO] PluginManage:352 - Loaded plugin ipmanager (category:base,tabindex:5)
2025-07-04 13:28:55,941 DEBUG [LineInfo_to_exitCode.log_LineInfo] 2025-07-04 13:28:55,941 [INFO] PluginManage:302 - Check plugin pinoutandconfiguration
2025-07-04 13:28:55,949 DEBUG [LineInfo_to_exitCode.log_LineInfo] 2025-07-04 13:28:55,948 [INFO] PluginManage:352 - Loaded plugin pinoutandconfiguration (category:base,tabindex:1)
2025-07-04 13:28:55,949 DEBUG [LineInfo_to_exitCode.log_LineInfo] 2025-07-04 13:28:55,949 [INFO] PluginManage:302 - Check plugin pinoutconfig
2025-07-04 13:28:56,012 DEBUG [LineInfo_to_exitCode.log_LineInfo] 2025-07-04 13:28:56,012 [INFO] PluginManage:352 - Loaded plugin pinoutconfig (category:base,tabindex:0)
2025-07-04 13:28:56,012 DEBUG [LineInfo_to_exitCode.log_LineInfo] 2025-07-04 13:28:56,012 [INFO] PluginManage:302 - Check plugin power
2025-07-04 13:28:56,026 DEBUG [LineInfo_to_exitCode.log_LineInfo] 2025-07-04 13:28:56,026 [INFO] PluginManage:352 - Loaded plugin power (category:power,tabindex:4)
2025-07-04 13:28:56,026 DEBUG [LineInfo_to_exitCode.log_LineInfo] 2025-07-04 13:28:56,026 [INFO] PluginManage:302 - Check plugin projectmanager
2025-07-04 13:28:56,112 DEBUG [LineInfo_to_exitCode.log_LineInfo] 2025-07-04 13:28:56,111 [INFO] PluginManage:352 - Loaded plugin projectmanager (category:projectmanager,tabindex:3)
2025-07-04 13:28:56,112 DEBUG [LineInfo_to_exitCode.log_LineInfo] 2025-07-04 13:28:56,112 [INFO] PluginManage:302 - Check plugin thirdparty
2025-07-04 13:28:56,287 DEBUG [LineInfo_to_exitCode.log_LineInfo] 2025-07-04 13:28:56,285 [INFO] PluginManage:352 - Loaded plugin thirdparty (category:base,tabindex:-1)
2025-07-04 13:28:56,287 DEBUG [LineInfo_to_exitCode.log_LineInfo] 2025-07-04 13:28:56,286 [INFO] IntegrityCheckThread:80 - entering critical section [integrity check]
2025-07-04 13:28:56,287 DEBUG [LineInfo_to_exitCode.log_LineInfo] 2025-07-04 13:28:56,287 [INFO] PluginManage:302 - Check plugin tools
2025-07-04 13:28:56,291 DEBUG [LineInfo_to_exitCode.log_LineInfo] 2025-07-04 13:28:56,291 [INFO] PluginManage:352 - Loaded plugin tools (category:base,tabindex:7)
2025-07-04 13:28:56,291 DEBUG [LineInfo_to_exitCode.log_LineInfo] 2025-07-04 13:28:56,291 [INFO] PluginManage:302 - Check plugin tutovideos
2025-07-04 13:28:56,292 DEBUG [LineInfo_to_exitCode.log_LineInfo] 2025-07-04 13:28:56,292 [INFO] ThirdPartyUpdaterWithRetryManager:66 - Updater plugin not ready yet. [1/15]
2025-07-04 13:28:56,519 DEBUG [LineInfo_to_exitCode.log_LineInfo] 2025-07-04 13:28:56,518 [INFO] PluginManage:352 - Loaded plugin tutovideos (category:base,tabindex:-1)
2025-07-04 13:28:56,519 DEBUG [LineInfo_to_exitCode.log_LineInfo] 2025-07-04 13:28:56,519 [INFO] PluginManage:302 - Check plugin updater
2025-07-04 13:28:56,538 DEBUG [LineInfo_to_exitCode.log_LineInfo] 2025-07-04 13:28:56,537 [INFO] PluginManage:352 - Loaded plugin updater (category:base,tabindex:12)
2025-07-04 13:28:56,538 DEBUG [LineInfo_to_exitCode.log_LineInfo] 2025-07-04 13:28:56,538 [INFO] PluginManage:275 - PluginManage : Loaded plugins [13]
2025-07-04 13:28:56,745 DEBUG [LineInfo_to_exitCode.log_LineInfo] 2025-07-04 13:28:56,744 [INFO] PinOutPanel:1463 - setPackage(No Configuration,No Configuration)
2025-07-04 13:28:56,843 DEBUG [LineInfo_to_exitCode.log_LineInfo] 2025-07-04 13:28:56,842 [INFO] IPUIPlugin:74 - create IPUIPlugin
2025-07-04 13:28:56,843 DEBUG [LineInfo_to_exitCode.log_LineInfo] 2025-07-04 13:28:56,843 [INFO] PluginManager:213 - loadIPPluginJar : add adc
2025-07-04 13:28:56,846 DEBUG [LineInfo_to_exitCode.log_LineInfo] 2025-07-04 13:28:56,845 [INFO] IPUIPlugin:74 - create IPUIPlugin
2025-07-04 13:28:56,846 DEBUG [LineInfo_to_exitCode.log_LineInfo] 2025-07-04 13:28:56,845 [INFO] PluginManager:213 - loadIPPluginJar : add aes
2025-07-04 13:28:56,849 DEBUG [LineInfo_to_exitCode.log_LineInfo] 2025-07-04 13:28:56,848 [INFO] IPUIPlugin:74 - create IPUIPlugin
2025-07-04 13:28:56,849 DEBUG [LineInfo_to_exitCode.log_LineInfo] 2025-07-04 13:28:56,848 [INFO] PluginManager:213 - loadIPPluginJar : add can
2025-07-04 13:28:56,851 DEBUG [LineInfo_to_exitCode.log_LineInfo] 2025-07-04 13:28:56,851 [INFO] IPUIPlugin:74 - create IPUIPlugin
2025-07-04 13:28:56,851 DEBUG [LineInfo_to_exitCode.log_LineInfo] 2025-07-04 13:28:56,851 [INFO] PluginManager:213 - loadIPPluginJar : add comp
2025-07-04 13:28:56,853 DEBUG [LineInfo_to_exitCode.log_LineInfo] 2025-07-04 13:28:56,853 [INFO] IPUIPlugin:74 - create IPUIPlugin
2025-07-04 13:28:56,854 DEBUG [LineInfo_to_exitCode.log_LineInfo] 2025-07-04 13:28:56,853 [INFO] PluginManager:213 - loadIPPluginJar : add cryp
2025-07-04 13:28:56,857 DEBUG [LineInfo_to_exitCode.log_LineInfo] 2025-07-04 13:28:56,856 [INFO] IPUIPlugin:74 - create IPUIPlugin
2025-07-04 13:28:56,857 DEBUG [LineInfo_to_exitCode.log_LineInfo] 2025-07-04 13:28:56,856 [INFO] PluginManager:213 - loadIPPluginJar : add dfsdm
2025-07-04 13:28:56,862 DEBUG [LineInfo_to_exitCode.log_LineInfo] 2025-07-04 13:28:56,862 [INFO] IPUIPlugin:74 - create IPUIPlugin
2025-07-04 13:28:56,863 DEBUG [LineInfo_to_exitCode.log_LineInfo] 2025-07-04 13:28:56,862 [INFO] PluginManager:213 - loadIPPluginJar : add dma
2025-07-04 13:28:56,865 DEBUG [LineInfo_to_exitCode.log_LineInfo] 2025-07-04 13:28:56,865 [INFO] IPUIPlugin:74 - create IPUIPlugin
2025-07-04 13:28:56,865 DEBUG [LineInfo_to_exitCode.log_LineInfo] 2025-07-04 13:28:56,865 [INFO] PluginManager:213 - loadIPPluginJar : add dma3
2025-07-04 13:28:56,867 DEBUG [LineInfo_to_exitCode.log_LineInfo] 2025-07-04 13:28:56,866 [INFO] IPUIPlugin:74 - create IPUIPlugin
2025-07-04 13:28:56,867 DEBUG [LineInfo_to_exitCode.log_LineInfo] 2025-07-04 13:28:56,867 [INFO] PluginManager:213 - loadIPPluginJar : add fatfs
2025-07-04 13:28:56,871 DEBUG [LineInfo_to_exitCode.log_LineInfo] 2025-07-04 13:28:56,870 [INFO] IPUIPlugin:74 - create IPUIPlugin
2025-07-04 13:28:56,871 DEBUG [LineInfo_to_exitCode.log_LineInfo] 2025-07-04 13:28:56,871 [INFO] PluginManager:213 - loadIPPluginJar : add fmc
2025-07-04 13:28:56,877 DEBUG [LineInfo_to_exitCode.log_LineInfo] 2025-07-04 13:28:56,876 [INFO] IPUIPlugin:74 - create IPUIPlugin
2025-07-04 13:28:56,877 DEBUG [LineInfo_to_exitCode.log_LineInfo] 2025-07-04 13:28:56,877 [INFO] PluginManager:213 - loadIPPluginJar : add freertos
2025-07-04 13:28:56,879 DEBUG [LineInfo_to_exitCode.log_LineInfo] 2025-07-04 13:28:56,878 [INFO] IPUIPlugin:74 - create IPUIPlugin
2025-07-04 13:28:56,879 DEBUG [LineInfo_to_exitCode.log_LineInfo] 2025-07-04 13:28:56,879 [INFO] PluginManager:213 - loadIPPluginJar : add genericplugin
2025-07-04 13:28:56,881 DEBUG [LineInfo_to_exitCode.log_LineInfo] 2025-07-04 13:28:56,881 [INFO] IPUIPlugin:74 - create IPUIPlugin
2025-07-04 13:28:56,881 DEBUG [LineInfo_to_exitCode.log_LineInfo] 2025-07-04 13:28:56,881 [INFO] PluginManager:213 - loadIPPluginJar : add gfxmmu
2025-07-04 13:28:56,886 DEBUG [LineInfo_to_exitCode.log_LineInfo] 2025-07-04 13:28:56,885 [INFO] IPUIPlugin:74 - create IPUIPlugin
2025-07-04 13:28:56,886 DEBUG [LineInfo_to_exitCode.log_LineInfo] 2025-07-04 13:28:56,885 [INFO] PluginManager:213 - loadIPPluginJar : add gic
2025-07-04 13:28:56,889 DEBUG [LineInfo_to_exitCode.log_LineInfo] 2025-07-04 13:28:56,889 [INFO] IPUIPlugin:74 - create IPUIPlugin
2025-07-04 13:28:56,889 DEBUG [LineInfo_to_exitCode.log_LineInfo] 2025-07-04 13:28:56,889 [INFO] PluginManager:213 - loadIPPluginJar : add gpio
2025-07-04 13:28:56,892 DEBUG [LineInfo_to_exitCode.log_LineInfo] 2025-07-04 13:28:56,891 [INFO] IPUIPlugin:74 - create IPUIPlugin
2025-07-04 13:28:56,892 DEBUG [LineInfo_to_exitCode.log_LineInfo] 2025-07-04 13:28:56,891 [INFO] PluginManager:213 - loadIPPluginJar : add gtzc
2025-07-04 13:28:56,894 DEBUG [LineInfo_to_exitCode.log_LineInfo] 2025-07-04 13:28:56,893 [INFO] IPUIPlugin:74 - create IPUIPlugin
2025-07-04 13:28:56,894 DEBUG [LineInfo_to_exitCode.log_LineInfo] 2025-07-04 13:28:56,894 [INFO] PluginManager:213 - loadIPPluginJar : add hash
2025-07-04 13:28:56,897 DEBUG [LineInfo_to_exitCode.log_LineInfo] 2025-07-04 13:28:56,896 [INFO] IPUIPlugin:74 - create IPUIPlugin
2025-07-04 13:28:56,897 DEBUG [LineInfo_to_exitCode.log_LineInfo] 2025-07-04 13:28:56,897 [INFO] PluginManager:213 - loadIPPluginJar : add i2c
2025-07-04 13:28:56,900 DEBUG [LineInfo_to_exitCode.log_LineInfo] 2025-07-04 13:28:56,900 [INFO] IPUIPlugin:74 - create IPUIPlugin
2025-07-04 13:28:56,900 DEBUG [LineInfo_to_exitCode.log_LineInfo] 2025-07-04 13:28:56,900 [INFO] PluginManager:213 - loadIPPluginJar : add i2s
2025-07-04 13:28:56,903 DEBUG [LineInfo_to_exitCode.log_LineInfo] 2025-07-04 13:28:56,903 [INFO] IPUIPlugin:74 - create IPUIPlugin
2025-07-04 13:28:56,905 DEBUG [LineInfo_to_exitCode.log_LineInfo] 2025-07-04 13:28:56,903 [INFO] PluginManager:213 - loadIPPluginJar : add ipddr
2025-07-04 13:28:56,911 DEBUG [LineInfo_to_exitCode.log_LineInfo] 2025-07-04 13:28:56,910 [INFO] IPUIPlugin:74 - create IPUIPlugin
2025-07-04 13:28:56,911 DEBUG [LineInfo_to_exitCode.log_LineInfo] 2025-07-04 13:28:56,911 [INFO] PluginManager:213 - loadIPPluginJar : add linkedlist
2025-07-04 13:28:56,913 DEBUG [LineInfo_to_exitCode.log_LineInfo] 2025-07-04 13:28:56,913 [INFO] IPUIPlugin:74 - create IPUIPlugin
2025-07-04 13:28:56,913 DEBUG [LineInfo_to_exitCode.log_LineInfo] 2025-07-04 13:28:56,913 [INFO] PluginManager:213 - loadIPPluginJar : add lorawan
2025-07-04 13:28:56,914 DEBUG [LineInfo_to_exitCode.log_LineInfo] 2025-07-04 13:28:56,914 [INFO] IPUIPlugin:74 - create IPUIPlugin
2025-07-04 13:28:56,914 DEBUG [LineInfo_to_exitCode.log_LineInfo] 2025-07-04 13:28:56,914 [INFO] PluginManager:213 - loadIPPluginJar : add ltdc
2025-07-04 13:28:56,920 DEBUG [LineInfo_to_exitCode.log_LineInfo] 2025-07-04 13:28:56,920 [INFO] IPUIPlugin:74 - create IPUIPlugin
2025-07-04 13:28:56,921 DEBUG [LineInfo_to_exitCode.log_LineInfo] 2025-07-04 13:28:56,920 [INFO] PluginManager:213 - loadIPPluginJar : add mdma
2025-07-04 13:28:56,924 DEBUG [LineInfo_to_exitCode.log_LineInfo] 2025-07-04 13:28:56,924 [INFO] IPUIPlugin:74 - create IPUIPlugin
2025-07-04 13:28:56,925 DEBUG [LineInfo_to_exitCode.log_LineInfo] 2025-07-04 13:28:56,924 [INFO] PluginManager:213 - loadIPPluginJar : add nvic
2025-07-04 13:28:56,928 DEBUG [LineInfo_to_exitCode.log_LineInfo] 2025-07-04 13:28:56,928 [INFO] IPUIPlugin:74 - create IPUIPlugin
2025-07-04 13:28:56,929 DEBUG [LineInfo_to_exitCode.log_LineInfo] 2025-07-04 13:28:56,928 [INFO] PluginManager:213 - loadIPPluginJar : add opamp
2025-07-04 13:28:56,931 DEBUG [LineInfo_to_exitCode.log_LineInfo] 2025-07-04 13:28:56,931 [INFO] IPUIPlugin:74 - create IPUIPlugin
2025-07-04 13:28:56,931 DEBUG [LineInfo_to_exitCode.log_LineInfo] 2025-07-04 13:28:56,931 [INFO] PluginManager:213 - loadIPPluginJar : add openamp
2025-07-04 13:28:56,934 DEBUG [LineInfo_to_exitCode.log_LineInfo] 2025-07-04 13:28:56,934 [INFO] IPUIPlugin:74 - create IPUIPlugin
2025-07-04 13:28:56,934 DEBUG [LineInfo_to_exitCode.log_LineInfo] 2025-07-04 13:28:56,934 [INFO] PluginManager:213 - loadIPPluginJar : add pdm2pcm
2025-07-04 13:28:56,939 DEBUG [LineInfo_to_exitCode.log_LineInfo] 2025-07-04 13:28:56,939 [INFO] IPUIPlugin:74 - create IPUIPlugin
2025-07-04 13:28:56,942 DEBUG [LineInfo_to_exitCode.log_LineInfo] 2025-07-04 13:28:56,942 [INFO] PluginManager:213 - loadIPPluginJar : add plateformsettings
2025-07-04 13:28:56,944 DEBUG [LineInfo_to_exitCode.log_LineInfo] 2025-07-04 13:28:56,943 [INFO] IPUIPlugin:74 - create IPUIPlugin
2025-07-04 13:28:56,944 DEBUG [LineInfo_to_exitCode.log_LineInfo] 2025-07-04 13:28:56,944 [INFO] PluginManager:213 - loadIPPluginJar : add quadspi
2025-07-04 13:28:56,948 DEBUG [LineInfo_to_exitCode.log_LineInfo] 2025-07-04 13:28:56,947 [INFO] IPUIPlugin:74 - create IPUIPlugin
2025-07-04 13:28:56,948 DEBUG [LineInfo_to_exitCode.log_LineInfo] 2025-07-04 13:28:56,947 [INFO] PluginManager:213 - loadIPPluginJar : add resmgrutility
2025-07-04 13:28:56,950 DEBUG [LineInfo_to_exitCode.log_LineInfo] 2025-07-04 13:28:56,950 [INFO] IPUIPlugin:74 - create IPUIPlugin
2025-07-04 13:28:56,950 DEBUG [LineInfo_to_exitCode.log_LineInfo] 2025-07-04 13:28:56,950 [INFO] PluginManager:213 - loadIPPluginJar : add sai
2025-07-04 13:28:56,952 DEBUG [LineInfo_to_exitCode.log_LineInfo] 2025-07-04 13:28:56,952 [INFO] IPUIPlugin:74 - create IPUIPlugin
2025-07-04 13:28:56,952 DEBUG [LineInfo_to_exitCode.log_LineInfo] 2025-07-04 13:28:56,952 [INFO] PluginManager:213 - loadIPPluginJar : add spi
2025-07-04 13:28:56,955 DEBUG [LineInfo_to_exitCode.log_LineInfo] 2025-07-04 13:28:56,955 [INFO] IPUIPlugin:74 - create IPUIPlugin
2025-07-04 13:28:56,956 DEBUG [LineInfo_to_exitCode.log_LineInfo] 2025-07-04 13:28:56,955 [INFO] PluginManager:213 - loadIPPluginJar : add stm32_wpan
2025-07-04 13:28:56,957 DEBUG [LineInfo_to_exitCode.log_LineInfo] 2025-07-04 13:28:56,957 [INFO] IPUIPlugin:74 - create IPUIPlugin
2025-07-04 13:28:56,958 DEBUG [LineInfo_to_exitCode.log_LineInfo] 2025-07-04 13:28:56,957 [INFO] PluginManager:213 - loadIPPluginJar : add tim
2025-07-04 13:28:56,962 DEBUG [LineInfo_to_exitCode.log_LineInfo] 2025-07-04 13:28:56,962 [INFO] IPUIPlugin:74 - create IPUIPlugin
2025-07-04 13:28:56,963 DEBUG [LineInfo_to_exitCode.log_LineInfo] 2025-07-04 13:28:56,962 [INFO] PluginManager:213 - loadIPPluginJar : add touchsensing
2025-07-04 13:28:56,963 DEBUG [LineInfo_to_exitCode.log_LineInfo] 2025-07-04 13:28:56,963 [INFO] IPUIPlugin:74 - create IPUIPlugin
2025-07-04 13:28:56,965 DEBUG [LineInfo_to_exitCode.log_LineInfo] 2025-07-04 13:28:56,963 [INFO] PluginManager:213 - loadIPPluginJar : add tracer_emb
2025-07-04 13:28:56,966 DEBUG [LineInfo_to_exitCode.log_LineInfo] 2025-07-04 13:28:56,966 [INFO] IPUIPlugin:74 - create IPUIPlugin
2025-07-04 13:28:56,966 DEBUG [LineInfo_to_exitCode.log_LineInfo] 2025-07-04 13:28:56,966 [INFO] PluginManager:213 - loadIPPluginJar : add ts
2025-07-04 13:28:56,968 DEBUG [LineInfo_to_exitCode.log_LineInfo] 2025-07-04 13:28:56,967 [INFO] IPUIPlugin:74 - create IPUIPlugin
2025-07-04 13:28:56,968 DEBUG [LineInfo_to_exitCode.log_LineInfo] 2025-07-04 13:28:56,968 [INFO] PluginManager:213 - loadIPPluginJar : add tsc
2025-07-04 13:28:56,970 DEBUG [LineInfo_to_exitCode.log_LineInfo] 2025-07-04 13:28:56,970 [INFO] IPUIPlugin:74 - create IPUIPlugin
2025-07-04 13:28:56,971 DEBUG [LineInfo_to_exitCode.log_LineInfo] 2025-07-04 13:28:56,970 [INFO] PluginManager:213 - loadIPPluginJar : add ucpd
2025-07-04 13:28:56,973 DEBUG [LineInfo_to_exitCode.log_LineInfo] 2025-07-04 13:28:56,972 [INFO] IPUIPlugin:74 - create IPUIPlugin
2025-07-04 13:28:56,973 DEBUG [LineInfo_to_exitCode.log_LineInfo] 2025-07-04 13:28:56,973 [INFO] PluginManager:213 - loadIPPluginJar : add usart
2025-07-04 13:28:56,975 DEBUG [LineInfo_to_exitCode.log_LineInfo] 2025-07-04 13:28:56,975 [INFO] IPUIPlugin:74 - create IPUIPlugin
2025-07-04 13:28:56,976 DEBUG [LineInfo_to_exitCode.log_LineInfo] 2025-07-04 13:28:56,975 [INFO] PluginManager:213 - loadIPPluginJar : add usbx
2025-07-04 13:28:57,005 DEBUG [LineInfo_to_exitCode.log_LineInfo] 2025-07-04 13:28:57,005 [INFO] Updater:1018 - Updater Version found : 6.4.0
2025-07-04 13:28:57,023 DEBUG [LineInfo_to_exitCode.log_LineInfo] 2025-07-04 13:28:57,023 [INFO] ApplicationProperties:181 - Using Application install path: C:\Program Files\STMicroelectronics\STM32Cube\STM32CubeMX
2025-07-04 13:28:57,259 DEBUG [LineInfo_to_exitCode.log_LineInfo] 2025-07-04 13:28:57,258 [INFO] MainUpdater:2729 - connection check result : 10
2025-07-04 13:28:57,260 DEBUG [LineInfo_to_exitCode.log_LineInfo] 2025-07-04 13:28:57,259 [INFO] MainUpdater:276 - Updater Check For Update Now.
2025-07-04 13:28:57,260 DEBUG [LineInfo_to_exitCode.log_LineInfo] 2025-07-04 13:28:57,260 [INFO] MicroXplorer:477 - Change Database Version : DB.6.0.40
2025-07-04 13:28:57,563 DEBUG [LineInfo_to_exitCode.log_LineInfo] 2025-07-04 13:28:57,563 [INFO] CheckServerUpdateThread:115 - End of CheckServer Thread
2025-07-04 13:28:57,711 DEBUG [LineInfo_to_exitCode.log_LineInfo] 2025-07-04 13:28:57,711 [INFO] HomeAdPanel:98 - Auto-refresh data requested => check proxy status ongoing
2025-07-04 13:28:58,379 DEBUG [LineInfo_to_exitCode.log_LineInfo] 2025-07-04 13:28:58,379 [INFO] ServerAccessManage:359 - Download File 
2025-07-04 13:28:58,382 DEBUG [LineInfo_to_exitCode.log_LineInfo] 2025-07-04 13:28:58,381 [INFO] LoadUrlFilesThread:172 - End of LoadServerUrlFiles without Thread
2025-07-04 13:28:58,388 DEBUG [LineInfo_to_exitCode.log_LineInfo] 2025-07-04 13:28:58,388 [INFO] DbMcusAds:47 - JSON generation date=Thu Jun 19 14:02:37 IST 2025 (1750321957418)
2025-07-04 13:28:58,390 DEBUG [LineInfo_to_exitCode.log_LineInfo] 2025-07-04 13:28:58,390 [INFO] LoadUrlFilesThread:172 - End of LoadServerUrlFiles without Thread
2025-07-04 13:28:58,390 DEBUG [LineInfo_to_exitCode.log_LineInfo] 2025-07-04 13:28:58,390 [INFO] HomeAdPanel:109 - Refresh advertisement image is successful
2025-07-04 13:28:58,447 DEBUG [LineInfo_to_exitCode.log_LineInfo] 2025-07-04 13:28:58,445 [INFO] LoadUrlFilesThread:172 - End of LoadServerUrlFiles without Thread
2025-07-04 13:28:58,507 DEBUG [LineInfo_to_exitCode.log_LineInfo] 2025-07-04 13:28:58,507 [INFO] DetailPanel:310 - Set advertising image to C:/Users/Admin/STM32Cube/Repository/\en.cubemxfinderstm32wba6.jpg
2025-07-04 13:28:58,761 DEBUG [LineInfo_to_exitCode.log_LineInfo] 2025-07-04 13:28:58,760 [INFO] LoadUrlFilesThread:172 - End of LoadServerUrlFiles without Thread
2025-07-04 13:28:59,009 DEBUG [LineInfo_to_exitCode.log_LineInfo] 2025-07-04 13:28:59,009 [INFO] LoadUrlFilesThread:172 - End of LoadServerUrlFiles without Thread
2025-07-04 13:28:59,009 DEBUG [LineInfo_to_exitCode.log_LineInfo] 2025-07-04 13:28:59,009 [INFO] DetailPanel:310 - Set advertising image to C:/Users/Admin/STM32Cube/Repository/\en.cubemxfinderstm32wba6.jpg
2025-07-04 13:28:59,177 DEBUG [LineInfo_to_exitCode.log_LineInfo] 2025-07-04 13:28:59,174 [INFO] MainFrame:172 - [MX] HOME_PANEL == 1093343763382799
2025-07-04 13:28:59,370 DEBUG [LineInfo_to_exitCode.log_LineInfo] 2025-07-04 13:28:59,369 [INFO] MicroXplorer:447 - Change Database Path : 
2025-07-04 13:28:59,370 DEBUG [LineInfo_to_exitCode.log_LineInfo] 2025-07-04 13:28:59,370 [INFO] MicroXplorer:477 - Change Database Version : DB.6.0.40
2025-07-04 13:28:59,605 ERROR [LineInfo_to_exitCode.log_LineInfo] C:\Users\Admin\.stm32cubemx\thirdparties\pdsc\STMicroelectronics.X-CUBE-ST60.1.0.0.pdsc: PDSC version is not supported
2025-07-04 13:28:59,680 ERROR [LineInfo_to_exitCode.log_LineInfo] C:\Users\Admin\.stm32cubemx\thirdparties\pdsc\Infineon.AIROC-Wi-Fi-Bluetooth-STM32.1.7.0.pdsc: PDSC version is not supported
2025-07-04 13:28:59,727 ERROR [LineInfo_to_exitCode.log_LineInfo] C:\Users\Admin\.stm32cubemx\thirdparties\pdsc\STMicroelectronics.X-CUBE-BLEMGR.4.0.0.pdsc: PDSC version is not supported
2025-07-04 13:28:59,755 ERROR [LineInfo_to_exitCode.log_LineInfo] C:\Users\Admin\.stm32cubemx\thirdparties\pdsc\STMicroelectronics.FP-SNS-FLIGHT1.5.1.0.pdsc: PDSC version is not supported
2025-07-04 13:29:00,324 ERROR [LineInfo_to_exitCode.log_LineInfo] C:\Users\Admin\.stm32cubemx\thirdparties\pdsc\EmbeddedOffice.I-CUBE-FS-RTOS.1.0.1.pdsc: PDSC version is not supported
2025-07-04 13:29:00,337 ERROR [LineInfo_to_exitCode.log_LineInfo] C:\Users\Admin\.stm32cubemx\thirdparties\pdsc\STMicroelectronics.X-CUBE-TCPP.4.2.0.pdsc: PDSC version is not supported
2025-07-04 13:29:00,339 ERROR [LineInfo_to_exitCode.log_LineInfo] C:\Users\Admin\.stm32cubemx\thirdparties\pdsc\RealThread.X-CUBE-RT-Thread_Nano.4.1.1.pdsc: PDSC version is not supported
2025-07-04 13:29:00,346 ERROR [LineInfo_to_exitCode.log_LineInfo] C:\Users\Admin\.stm32cubemx\thirdparties\pdsc\quantropi.X-CUBE-qispace-sdk-base.1.9.3.pdsc: PDSC version is not supported
2025-07-04 13:29:00,374 ERROR [LineInfo_to_exitCode.log_LineInfo] C:\Users\Admin\.stm32cubemx\thirdparties\pdsc\STMicroelectronics.X-CUBE-ST67W61.1.0.0.pdsc: PDSC version is not supported
2025-07-04 13:29:00,671 ERROR [LineInfo_to_exitCode.log_LineInfo] C:\Users\Admin\.stm32cubemx\thirdparties\pdsc\Avnet-IotConnect.X-CUBE-IoTC-DA16k-PMOD.1.0.0.pdsc: PDSC version is not supported
2025-07-04 13:29:00,705 ERROR [LineInfo_to_exitCode.log_LineInfo] C:\Users\Admin\.stm32cubemx\thirdparties\pdsc\STMicroelectronics.X-CUBE-DPower.1.2.0.pdsc: PDSC version is not supported
2025-07-04 13:29:00,726 ERROR [LineInfo_to_exitCode.log_LineInfo] C:\Users\Admin\.stm32cubemx\thirdparties\pdsc\STMicroelectronics.FP-SNS-STAIOTCFT.1.0.0.pdsc: PDSC version is not supported
2025-07-04 13:29:00,730 ERROR [LineInfo_to_exitCode.log_LineInfo] C:\Users\Admin\.stm32cubemx\thirdparties\pdsc\STMicroelectronics.X-CUBE-DPower.1.3.0.pdsc: PDSC version is not supported
2025-07-04 13:29:00,816 ERROR [LineInfo_to_exitCode.log_LineInfo] C:\Users\Admin\.stm32cubemx\thirdparties\pdsc\STMicroelectronics.FP-SNS-STBOX1.2.0.0.pdsc: PDSC version is not supported
2025-07-04 13:29:00,879 ERROR [LineInfo_to_exitCode.log_LineInfo] C:\Users\Admin\.stm32cubemx\thirdparties\pdsc\STMicroelectronics.X-CUBE-IPS.3.1.0.pdsc: PDSC version is not supported
2025-07-04 13:29:00,913 ERROR [LineInfo_to_exitCode.log_LineInfo] C:\Users\Admin\.stm32cubemx\thirdparties\pdsc\STMicroelectronics.X-CUBE-TOF1.3.4.2.pdsc: PDSC version is not supported
2025-07-04 13:29:00,918 ERROR [LineInfo_to_exitCode.log_LineInfo] C:\Users\Admin\.stm32cubemx\thirdparties\pdsc\STMicroelectronics.X-CUBE-TOF1.3.4.3.pdsc: PDSC version is not supported
2025-07-04 13:29:00,919 DEBUG [LineInfo_to_exitCode.log_LineInfo] 2025-07-04 13:29:00,918 [INFO] ThirdParty:925 - Integrity check success = true
2025-07-04 13:29:00,919 DEBUG [LineInfo_to_exitCode.log_LineInfo] 2025-07-04 13:29:00,919 [INFO] IntegrityCheckThread:94 - exiting critical section [integrity check]
2025-07-04 13:29:00,919 DEBUG [LineInfo_to_exitCode.log_LineInfo] 2025-07-04 13:29:00,919 [INFO] IntegrityCheckThread:97 - End integrity checks thread
2025-07-04 13:29:00,919 DEBUG [LineInfo_to_exitCode.log_LineInfo] 2025-07-04 13:29:00,919 [INFO] ThirdParty:825 - entering critical section [close project]
2025-07-04 13:29:00,921 DEBUG [LineInfo_to_exitCode.log_LineInfo] 2025-07-04 13:29:00,920 [INFO] ThirdParty:835 - exiting critical section [close project]
2025-07-04 13:29:00,924 DEBUG [LineInfo_to_exitCode.log_LineInfo] 2025-07-04 13:29:00,923 [INFO] PinOutPanel:1463 - setPackage(No Configuration,No Configuration)
2025-07-04 13:29:00,973 DEBUG [LineInfo_to_exitCode.log_LineInfo] 2025-07-04 13:29:00,972 [INFO] UtilMem:74 - Begin LoadConfig() Used Memory: 181595480 Bytes (232783872)
2025-07-04 13:29:00,981 DEBUG [LineInfo_to_exitCode.log_LineInfo] 2025-07-04 13:29:00,980 [INFO] OpenFileManager:313 - Change cursor
2025-07-04 13:29:04,022 DEBUG [LineInfo_to_exitCode.log_LineInfo] 2025-07-04 13:29:04,022 [INFO] Context:592 - Trying to add GPIOservice into a context  which must be forbidden
2025-07-04 13:29:05,010 DEBUG [LineInfo_to_exitCode.log_LineInfo] 2025-07-04 13:29:05,008 [INFO] ImportTextPane:167 - (OptionalMessage_ERROR) Unable to find key (Mcu.ThirdPartyNb) in loaded IOC file
2025-07-04 13:29:05,279 DEBUG [LineInfo_to_exitCode.log_LineInfo] 2025-07-04 13:29:05,279 [INFO] RtosManager:484 - Registered RTOS mode: class=CMSIS, group=RTOS, mode=CMSIS_V1, owner=FREERTOS
2025-07-04 13:29:05,280 DEBUG [LineInfo_to_exitCode.log_LineInfo] 2025-07-04 13:29:05,279 [INFO] RtosManager:484 - Registered RTOS mode: class=CMSIS, group=RTOS2, mode=CMSIS_V2, owner=FREERTOS
2025-07-04 13:29:05,280 DEBUG [LineInfo_to_exitCode.log_LineInfo] 2025-07-04 13:29:05,280 [INFO] RtosManager:484 - Registered RTOS mode: class=RTOS, group=Core, mode=CMSIS_V1, owner=FREERTOS
2025-07-04 13:29:05,280 DEBUG [LineInfo_to_exitCode.log_LineInfo] 2025-07-04 13:29:05,280 [INFO] RtosManager:484 - Registered RTOS mode: class=RTOS, group=Core, mode=CMSIS_V2, owner=FREERTOS
2025-07-04 13:29:06,995 DEBUG [LineInfo_to_exitCode.log_LineInfo] 2025-07-04 13:29:06,994 [INFO] ImportTextPane:167 - (OptionalMessage_ERROR) IP (DMA) : Parameter (Instance) has Id (USART2_RX) currently not set
2025-07-04 13:29:06,995 DEBUG [LineInfo_to_exitCode.log_LineInfo] 2025-07-04 13:29:06,995 [INFO] ImportTextPane:167 - (OptionalMessage_ERROR) IP (DMA) : Parameter (Request) has Id (USART2_RX) currently not set
2025-07-04 13:29:06,996 DEBUG [LineInfo_to_exitCode.log_LineInfo] 2025-07-04 13:29:06,995 [INFO] ImportTextPane:167 - (OptionalMessage_ERROR) IP (DMA) : Parameter (Direction) has Id (USART2_RX) currently not set
2025-07-04 13:29:06,996 DEBUG [LineInfo_to_exitCode.log_LineInfo] 2025-07-04 13:29:06,995 [INFO] ImportTextPane:167 - (OptionalMessage_ERROR) IP (DMA) : Parameter (PeriphInc) has Id (USART2_RX) currently not set
2025-07-04 13:29:06,996 DEBUG [LineInfo_to_exitCode.log_LineInfo] 2025-07-04 13:29:06,995 [INFO] ImportTextPane:167 - (OptionalMessage_ERROR) IP (DMA) : Parameter (MemInc) has Id (USART2_RX) currently not set
2025-07-04 13:29:06,996 DEBUG [LineInfo_to_exitCode.log_LineInfo] 2025-07-04 13:29:06,996 [INFO] ImportTextPane:167 - (OptionalMessage_ERROR) IP (DMA) : Parameter (PeriphDataAlignment) has Id (USART2_RX) currently not set
2025-07-04 13:29:06,997 DEBUG [LineInfo_to_exitCode.log_LineInfo] 2025-07-04 13:29:06,997 [INFO] ImportTextPane:167 - (OptionalMessage_ERROR) IP (DMA) : Parameter (MemDataAlignment) has Id (USART2_RX) currently not set
2025-07-04 13:29:06,997 DEBUG [LineInfo_to_exitCode.log_LineInfo] 2025-07-04 13:29:06,997 [INFO] ImportTextPane:167 - (OptionalMessage_ERROR) IP (DMA) : Parameter (Mode) has Id (USART2_RX) currently not set
2025-07-04 13:29:06,998 DEBUG [LineInfo_to_exitCode.log_LineInfo] 2025-07-04 13:29:06,997 [INFO] ImportTextPane:167 - (OptionalMessage_ERROR) IP (DMA) : Parameter (Priority) has Id (USART2_RX) currently not set
2025-07-04 13:29:06,998 DEBUG [LineInfo_to_exitCode.log_LineInfo] 2025-07-04 13:29:06,997 [INFO] ImportTextPane:167 - (OptionalMessage_ERROR) IP (DMA) : Parameter (Instance) has Id (USART2_TX) currently not set
2025-07-04 13:29:06,998 DEBUG [LineInfo_to_exitCode.log_LineInfo] 2025-07-04 13:29:06,998 [INFO] ImportTextPane:167 - (OptionalMessage_ERROR) IP (DMA) : Parameter (Request) has Id (USART2_TX) currently not set
2025-07-04 13:29:06,998 DEBUG [LineInfo_to_exitCode.log_LineInfo] 2025-07-04 13:29:06,998 [INFO] ImportTextPane:167 - (OptionalMessage_ERROR) IP (DMA) : Parameter (Direction) has Id (USART2_TX) currently not set
2025-07-04 13:29:06,998 DEBUG [LineInfo_to_exitCode.log_LineInfo] 2025-07-04 13:29:06,998 [INFO] ImportTextPane:167 - (OptionalMessage_ERROR) IP (DMA) : Parameter (PeriphInc) has Id (USART2_TX) currently not set
2025-07-04 13:29:06,998 DEBUG [LineInfo_to_exitCode.log_LineInfo] 2025-07-04 13:29:06,998 [INFO] ImportTextPane:167 - (OptionalMessage_ERROR) IP (DMA) : Parameter (MemInc) has Id (USART2_TX) currently not set
2025-07-04 13:29:06,998 DEBUG [LineInfo_to_exitCode.log_LineInfo] 2025-07-04 13:29:06,998 [INFO] ImportTextPane:167 - (OptionalMessage_ERROR) IP (DMA) : Parameter (PeriphDataAlignment) has Id (USART2_TX) currently not set
2025-07-04 13:29:06,998 DEBUG [LineInfo_to_exitCode.log_LineInfo] 2025-07-04 13:29:06,998 [INFO] ImportTextPane:167 - (OptionalMessage_ERROR) IP (DMA) : Parameter (MemDataAlignment) has Id (USART2_TX) currently not set
2025-07-04 13:29:06,998 DEBUG [LineInfo_to_exitCode.log_LineInfo] 2025-07-04 13:29:06,998 [INFO] ImportTextPane:167 - (OptionalMessage_ERROR) IP (DMA) : Parameter (Mode) has Id (USART2_TX) currently not set
2025-07-04 13:29:06,999 DEBUG [LineInfo_to_exitCode.log_LineInfo] 2025-07-04 13:29:06,998 [INFO] ImportTextPane:167 - (OptionalMessage_ERROR) IP (DMA) : Parameter (Priority) has Id (USART2_TX) currently not set
2025-07-04 13:29:07,103 DEBUG [LineInfo_to_exitCode.log_LineInfo] 2025-07-04 13:29:07,101 [INFO] ImportTextPane:167 - (OptionalMessage_ERROR) IP (MotorControl) : Invalid parameter (ADC_AHBPERIPH)
2025-07-04 13:29:07,103 DEBUG [LineInfo_to_exitCode.log_LineInfo] 2025-07-04 13:29:07,103 [INFO] ImportTextPane:167 - (OptionalMessage_ERROR) IP (MotorControl) : Invalid parameter (BUS_VOLTAGE_READING)
2025-07-04 13:29:07,104 DEBUG [LineInfo_to_exitCode.log_LineInfo] 2025-07-04 13:29:07,103 [INFO] ImportTextPane:167 - (OptionalMessage_ERROR) IP (MotorControl) : Invalid parameter (CCMRAM_ENABLED)
2025-07-04 13:29:07,104 DEBUG [LineInfo_to_exitCode.log_LineInfo] 2025-07-04 13:29:07,104 [INFO] ImportTextPane:167 - (OptionalMessage_ERROR) IP (MotorControl) : Invalid parameter (CLOCK_FREQUENCY)
2025-07-04 13:29:07,104 DEBUG [LineInfo_to_exitCode.log_LineInfo] 2025-07-04 13:29:07,104 [INFO] ImportTextPane:167 - (OptionalMessage_ERROR) IP (MotorControl) : Invalid parameter (CLOCK_SOURCE)
2025-07-04 13:29:07,104 DEBUG [LineInfo_to_exitCode.log_LineInfo] 2025-07-04 13:29:07,104 [INFO] ImportTextPane:167 - (OptionalMessage_ERROR) IP (MotorControl) : Invalid parameter (CPU_CLK_170_MHZ)
2025-07-04 13:29:07,104 DEBUG [LineInfo_to_exitCode.log_LineInfo] 2025-07-04 13:29:07,104 [INFO] ImportTextPane:167 - (OptionalMessage_ERROR) IP (MotorControl) : Invalid parameter (CURR_SAMPLING_TIME)
2025-07-04 13:29:07,104 DEBUG [LineInfo_to_exitCode.log_LineInfo] 2025-07-04 13:29:07,104 [INFO] ImportTextPane:167 - (OptionalMessage_ERROR) IP (MotorControl) : Invalid parameter (CURRENT_READING_TOPOLOGY)
2025-07-04 13:29:07,105 DEBUG [LineInfo_to_exitCode.log_LineInfo] 2025-07-04 13:29:07,104 [INFO] ImportTextPane:167 - (OptionalMessage_ERROR) IP (MotorControl) : Invalid parameter (DRIVE_TYPE)
2025-07-04 13:29:07,105 DEBUG [LineInfo_to_exitCode.log_LineInfo] 2025-07-04 13:29:07,104 [INFO] ImportTextPane:167 - (OptionalMessage_ERROR) IP (MotorControl) : Invalid parameter (DRIVES_NUMBER_SELECTION)
2025-07-04 13:29:07,105 DEBUG [LineInfo_to_exitCode.log_LineInfo] 2025-07-04 13:29:07,105 [INFO] ImportTextPane:167 - (OptionalMessage_ERROR) IP (MotorControl) : Invalid parameter (ENCODER_AVAILABLE)
2025-07-04 13:29:07,105 DEBUG [LineInfo_to_exitCode.log_LineInfo] 2025-07-04 13:29:07,105 [INFO] ImportTextPane:167 - (OptionalMessage_ERROR) IP (MotorControl) : Invalid parameter (ENCODER_PPR)
2025-07-04 13:29:07,105 DEBUG [LineInfo_to_exitCode.log_LineInfo] 2025-07-04 13:29:07,105 [INFO] ImportTextPane:167 - (OptionalMessage_ERROR) IP (MotorControl) : Invalid parameter (EXT_CLK_8_MHZ)
2025-07-04 13:29:07,105 DEBUG [LineInfo_to_exitCode.log_LineInfo] 2025-07-04 13:29:07,105 [INFO] ImportTextPane:167 - (OptionalMessage_ERROR) IP (MotorControl) : Invalid parameter (EXT_CLOCK_FREQUENCY)
2025-07-04 13:29:07,105 DEBUG [LineInfo_to_exitCode.log_LineInfo] 2025-07-04 13:29:07,105 [INFO] ImportTextPane:167 - (OptionalMessage_ERROR) IP (MotorControl) : Invalid parameter (FEEDBACK_NET_FILTERING)
2025-07-04 13:29:07,105 DEBUG [LineInfo_to_exitCode.log_LineInfo] 2025-07-04 13:29:07,105 [INFO] ImportTextPane:167 - (OptionalMessage_ERROR) IP (MotorControl) : Invalid parameter (FLASH_SIZE)
2025-07-04 13:29:07,105 DEBUG [LineInfo_to_exitCode.log_LineInfo] 2025-07-04 13:29:07,105 [INFO] ImportTextPane:167 - (OptionalMessage_ERROR) IP (MotorControl) : Invalid parameter (HALL_SENSORS_AVAILABLE)
2025-07-04 13:29:07,105 DEBUG [LineInfo_to_exitCode.log_LineInfo] 2025-07-04 13:29:07,105 [INFO] ImportTextPane:167 - (OptionalMessage_ERROR) IP (MotorControl) : Invalid parameter (HW_COMPLEMENTED_LOW_SIDE)
2025-07-04 13:29:07,106 DEBUG [LineInfo_to_exitCode.log_LineInfo] 2025-07-04 13:29:07,105 [INFO] ImportTextPane:167 - (OptionalMessage_ERROR) IP (MotorControl) : Invalid parameter (HW_DEAD_TIME_NS)
2025-07-04 13:29:07,106 DEBUG [LineInfo_to_exitCode.log_LineInfo] 2025-07-04 13:29:07,105 [INFO] ImportTextPane:167 - (OptionalMessage_ERROR) IP (MotorControl) : Invalid parameter (HWV_CS)
2025-07-04 13:29:07,106 DEBUG [LineInfo_to_exitCode.log_LineInfo] 2025-07-04 13:29:07,105 [INFO] ImportTextPane:167 - (OptionalMessage_ERROR) IP (MotorControl) : Invalid parameter (HWV_PWM)
2025-07-04 13:29:07,106 DEBUG [LineInfo_to_exitCode.log_LineInfo] 2025-07-04 13:29:07,105 [INFO] ImportTextPane:167 - (OptionalMessage_ERROR) IP (MotorControl) : Invalid parameter (IPs)
2025-07-04 13:29:07,106 DEBUG [LineInfo_to_exitCode.log_LineInfo] 2025-07-04 13:29:07,105 [INFO] ImportTextPane:167 - (OptionalMessage_ERROR) IP (MotorControl) : Invalid parameter (LOW_SIDE_SIGNALS_ENABLING)
2025-07-04 13:29:07,106 DEBUG [LineInfo_to_exitCode.log_LineInfo] 2025-07-04 13:29:07,106 [INFO] ImportTextPane:167 - (OptionalMessage_ERROR) IP (MotorControl) : Invalid parameter (M1_CURRENT_AMPLIFICATION_TOPO)
2025-07-04 13:29:07,106 DEBUG [LineInfo_to_exitCode.log_LineInfo] 2025-07-04 13:29:07,106 [INFO] ImportTextPane:167 - (OptionalMessage_ERROR) IP (MotorControl) : Invalid parameter (M1_DC_CURRENT_RS_MEAS)
2025-07-04 13:29:07,107 DEBUG [LineInfo_to_exitCode.log_LineInfo] 2025-07-04 13:29:07,106 [INFO] ImportTextPane:167 - (OptionalMessage_ERROR) IP (MotorControl) : Invalid parameter (M1_HIGH_SIDE_IDLE_STATE)
2025-07-04 13:29:07,107 DEBUG [LineInfo_to_exitCode.log_LineInfo] 2025-07-04 13:29:07,106 [INFO] ImportTextPane:167 - (OptionalMessage_ERROR) IP (MotorControl) : Invalid parameter (M1_INT_AMP_OPAMP1_PIN)
2025-07-04 13:29:07,107 DEBUG [LineInfo_to_exitCode.log_LineInfo] 2025-07-04 13:29:07,106 [INFO] ImportTextPane:167 - (OptionalMessage_ERROR) IP (MotorControl) : Invalid parameter (M1_INT_AMP_OPAMP2_PIN)
2025-07-04 13:29:07,107 DEBUG [LineInfo_to_exitCode.log_LineInfo] 2025-07-04 13:29:07,106 [INFO] ImportTextPane:167 - (OptionalMessage_ERROR) IP (MotorControl) : Invalid parameter (M1_INT_AMP_OPAMP3_PIN)
2025-07-04 13:29:07,107 DEBUG [LineInfo_to_exitCode.log_LineInfo] 2025-07-04 13:29:07,106 [INFO] ImportTextPane:167 - (OptionalMessage_ERROR) IP (MotorControl) : Invalid parameter (M1_INT_AMP_OPAMPS)
2025-07-04 13:29:07,107 DEBUG [LineInfo_to_exitCode.log_LineInfo] 2025-07-04 13:29:07,106 [INFO] ImportTextPane:167 - (OptionalMessage_ERROR) IP (MotorControl) : Invalid parameter (M1_LOW_SIDE_IDLE_STATE)
2025-07-04 13:29:07,107 DEBUG [LineInfo_to_exitCode.log_LineInfo] 2025-07-04 13:29:07,107 [INFO] ImportTextPane:167 - (OptionalMessage_ERROR) IP (MotorControl) : Parameter (M1_PWM_CHARGE_BOOT_CAP_DUTY_CYCLES) has invalid value (0.000)
2025-07-04 13:29:07,108 DEBUG [LineInfo_to_exitCode.log_LineInfo] 2025-07-04 13:29:07,107 [INFO] ImportTextPane:167 - (OptionalMessage_ERROR) IP (MotorControl) : Invalid parameter (M1_PWM_TIMER_BRK_IRQ)
2025-07-04 13:29:07,108 DEBUG [LineInfo_to_exitCode.log_LineInfo] 2025-07-04 13:29:07,108 [INFO] ImportTextPane:167 - (OptionalMessage_ERROR) IP (MotorControl) : Invalid parameter (M1_PWM_TIMER_UP_IRQ)
2025-07-04 13:29:07,108 DEBUG [LineInfo_to_exitCode.log_LineInfo] 2025-07-04 13:29:07,108 [INFO] ImportTextPane:167 - (OptionalMessage_ERROR) IP (MotorControl) : Invalid parameter (M1_SPD_DIFFERENTIAL_TERM_ENABLING)
2025-07-04 13:29:07,109 DEBUG [LineInfo_to_exitCode.log_LineInfo] 2025-07-04 13:29:07,109 [INFO] ImportTextPane:167 - (OptionalMessage_ERROR) IP (MotorControl) : Invalid parameter (MAX_READABLE_CURRENT)
2025-07-04 13:29:07,110 DEBUG [LineInfo_to_exitCode.log_LineInfo] 2025-07-04 13:29:07,109 [INFO] ImportTextPane:167 - (OptionalMessage_ERROR) IP (MotorControl) : Invalid parameter (MC_WORKBENCH_VERSION)
2025-07-04 13:29:07,110 DEBUG [LineInfo_to_exitCode.log_LineInfo] 2025-07-04 13:29:07,110 [INFO] ImportTextPane:167 - (OptionalMessage_ERROR) IP (MotorControl) : Invalid parameter (MCU)
2025-07-04 13:29:07,110 DEBUG [LineInfo_to_exitCode.log_LineInfo] 2025-07-04 13:29:07,110 [INFO] ImportTextPane:167 - (OptionalMessage_ERROR) IP (MotorControl) : Invalid parameter (MCU_FAMILY)
2025-07-04 13:29:07,110 DEBUG [LineInfo_to_exitCode.log_LineInfo] 2025-07-04 13:29:07,110 [INFO] ImportTextPane:167 - (OptionalMessage_ERROR) IP (MotorControl) : Invalid parameter (MCU_LINE)
2025-07-04 13:29:07,110 DEBUG [LineInfo_to_exitCode.log_LineInfo] 2025-07-04 13:29:07,110 [INFO] ImportTextPane:167 - (OptionalMessage_ERROR) IP (MotorControl) : Invalid parameter (MCU_PACKAGE)
2025-07-04 13:29:07,110 DEBUG [LineInfo_to_exitCode.log_LineInfo] 2025-07-04 13:29:07,110 [INFO] ImportTextPane:167 - (OptionalMessage_ERROR) IP (MotorControl) : Invalid parameter (MCU_TYPE)
2025-07-04 13:29:07,110 DEBUG [LineInfo_to_exitCode.log_LineInfo] 2025-07-04 13:29:07,110 [INFO] ImportTextPane:167 - (OptionalMessage_ERROR) IP (MotorControl) : Invalid parameter (MCU_USERNAME)
2025-07-04 13:29:07,111 DEBUG [LineInfo_to_exitCode.log_LineInfo] 2025-07-04 13:29:07,110 [INFO] ImportTextPane:167 - (OptionalMessage_ERROR) IP (MotorControl) : Invalid parameter (MOTOR_TYPE)
2025-07-04 13:29:07,111 DEBUG [LineInfo_to_exitCode.log_LineInfo] 2025-07-04 13:29:07,110 [INFO] ImportTextPane:167 - (OptionalMessage_ERROR) IP (MotorControl) : Invalid parameter (ON_OVER_VOLTAGE)
2025-07-04 13:29:07,111 DEBUG [LineInfo_to_exitCode.log_LineInfo] 2025-07-04 13:29:07,111 [INFO] ImportTextPane:167 - (OptionalMessage_ERROR) IP (MotorControl) : Invalid parameter (OPAMP_PGAGAIN)
2025-07-04 13:29:07,111 DEBUG [LineInfo_to_exitCode.log_LineInfo] 2025-07-04 13:29:07,111 [INFO] ImportTextPane:167 - (OptionalMessage_ERROR) IP (MotorControl) : Invalid parameter (OPAMP_TYPE_GAIN)
2025-07-04 13:29:07,111 DEBUG [LineInfo_to_exitCode.log_LineInfo] 2025-07-04 13:29:07,111 [INFO] ImportTextPane:167 - (OptionalMessage_ERROR) IP (MotorControl) : Invalid parameter (OPAMP1_INVERTINGINPUT)
2025-07-04 13:29:07,111 DEBUG [LineInfo_to_exitCode.log_LineInfo] 2025-07-04 13:29:07,111 [INFO] ImportTextPane:167 - (OptionalMessage_ERROR) IP (MotorControl) : Invalid parameter (OPAMP1_INVERTINGINPUT_GPIO_PIN)
2025-07-04 13:29:07,111 DEBUG [LineInfo_to_exitCode.log_LineInfo] 2025-07-04 13:29:07,111 [INFO] ImportTextPane:167 - (OptionalMessage_ERROR) IP (MotorControl) : Invalid parameter (OPAMP1_INVERTINGINPUT_GPIO_PORT)
2025-07-04 13:29:07,111 DEBUG [LineInfo_to_exitCode.log_LineInfo] 2025-07-04 13:29:07,111 [INFO] ImportTextPane:167 - (OptionalMessage_ERROR) IP (MotorControl) : Invalid parameter (OPAMP1_INVERTINGINPUT_MODE)
2025-07-04 13:29:07,111 DEBUG [LineInfo_to_exitCode.log_LineInfo] 2025-07-04 13:29:07,111 [INFO] ImportTextPane:167 - (OptionalMessage_ERROR) IP (MotorControl) : Invalid parameter (OPAMP1_NONINVERTINGINPUT_PHA_GPIO_PIN)
2025-07-04 13:29:07,111 DEBUG [LineInfo_to_exitCode.log_LineInfo] 2025-07-04 13:29:07,111 [INFO] ImportTextPane:167 - (OptionalMessage_ERROR) IP (MotorControl) : Invalid parameter (OPAMP1_NONINVERTINGINPUT_PHA_GPIO_PORT)
2025-07-04 13:29:07,111 DEBUG [LineInfo_to_exitCode.log_LineInfo] 2025-07-04 13:29:07,111 [INFO] ImportTextPane:167 - (OptionalMessage_ERROR) IP (MotorControl) : Invalid parameter (OPAMP1_OUT_GPIO_PIN)
2025-07-04 13:29:07,111 DEBUG [LineInfo_to_exitCode.log_LineInfo] 2025-07-04 13:29:07,111 [INFO] ImportTextPane:167 - (OptionalMessage_ERROR) IP (MotorControl) : Invalid parameter (OPAMP1_OUT_GPIO_PORT)
2025-07-04 13:29:07,112 DEBUG [LineInfo_to_exitCode.log_LineInfo] 2025-07-04 13:29:07,111 [INFO] ImportTextPane:167 - (OptionalMessage_ERROR) IP (MotorControl) : Invalid parameter (OPAMP2_INVERTINGINPUT)
2025-07-04 13:29:07,112 DEBUG [LineInfo_to_exitCode.log_LineInfo] 2025-07-04 13:29:07,112 [INFO] ImportTextPane:167 - (OptionalMessage_ERROR) IP (MotorControl) : Invalid parameter (OPAMP2_INVERTINGINPUT_GPIO_PIN)
2025-07-04 13:29:07,112 DEBUG [LineInfo_to_exitCode.log_LineInfo] 2025-07-04 13:29:07,112 [INFO] ImportTextPane:167 - (OptionalMessage_ERROR) IP (MotorControl) : Invalid parameter (OPAMP2_INVERTINGINPUT_GPIO_PORT)
2025-07-04 13:29:07,112 DEBUG [LineInfo_to_exitCode.log_LineInfo] 2025-07-04 13:29:07,112 [INFO] ImportTextPane:167 - (OptionalMessage_ERROR) IP (MotorControl) : Invalid parameter (OPAMP2_INVERTINGINPUT_MODE)
2025-07-04 13:29:07,112 DEBUG [LineInfo_to_exitCode.log_LineInfo] 2025-07-04 13:29:07,112 [INFO] ImportTextPane:167 - (OptionalMessage_ERROR) IP (MotorControl) : Invalid parameter (OPAMP2_NONINVERTINGINPUT_PHB_GPIO_PIN)
2025-07-04 13:29:07,112 DEBUG [LineInfo_to_exitCode.log_LineInfo] 2025-07-04 13:29:07,112 [INFO] ImportTextPane:167 - (OptionalMessage_ERROR) IP (MotorControl) : Invalid parameter (OPAMP2_NONINVERTINGINPUT_PHB_GPIO_PORT)
2025-07-04 13:29:07,112 DEBUG [LineInfo_to_exitCode.log_LineInfo] 2025-07-04 13:29:07,112 [INFO] ImportTextPane:167 - (OptionalMessage_ERROR) IP (MotorControl) : Invalid parameter (OPAMP2_OUT_GPIO_PIN)
2025-07-04 13:29:07,112 DEBUG [LineInfo_to_exitCode.log_LineInfo] 2025-07-04 13:29:07,112 [INFO] ImportTextPane:167 - (OptionalMessage_ERROR) IP (MotorControl) : Invalid parameter (OPAMP2_OUT_GPIO_PORT)
2025-07-04 13:29:07,112 DEBUG [LineInfo_to_exitCode.log_LineInfo] 2025-07-04 13:29:07,112 [INFO] ImportTextPane:167 - (OptionalMessage_ERROR) IP (MotorControl) : Invalid parameter (OPAMP3_INVERTINGINPUT)
2025-07-04 13:29:07,112 DEBUG [LineInfo_to_exitCode.log_LineInfo] 2025-07-04 13:29:07,112 [INFO] ImportTextPane:167 - (OptionalMessage_ERROR) IP (MotorControl) : Invalid parameter (OPAMP3_INVERTINGINPUT_GPIO_PIN)
2025-07-04 13:29:07,113 DEBUG [LineInfo_to_exitCode.log_LineInfo] 2025-07-04 13:29:07,112 [INFO] ImportTextPane:167 - (OptionalMessage_ERROR) IP (MotorControl) : Invalid parameter (OPAMP3_INVERTINGINPUT_GPIO_PORT)
2025-07-04 13:29:07,113 DEBUG [LineInfo_to_exitCode.log_LineInfo] 2025-07-04 13:29:07,112 [INFO] ImportTextPane:167 - (OptionalMessage_ERROR) IP (MotorControl) : Invalid parameter (OPAMP3_INVERTINGINPUT_MODE)
2025-07-04 13:29:07,113 DEBUG [LineInfo_to_exitCode.log_LineInfo] 2025-07-04 13:29:07,113 [INFO] ImportTextPane:167 - (OptionalMessage_ERROR) IP (MotorControl) : Invalid parameter (OPAMP3_NONINVERTINGINPUT_PHC)
2025-07-04 13:29:07,113 DEBUG [LineInfo_to_exitCode.log_LineInfo] 2025-07-04 13:29:07,113 [INFO] ImportTextPane:167 - (OptionalMessage_ERROR) IP (MotorControl) : Invalid parameter (OPAMP3_NONINVERTINGINPUT_PHC_GPIO_PIN)
2025-07-04 13:29:07,113 DEBUG [LineInfo_to_exitCode.log_LineInfo] 2025-07-04 13:29:07,113 [INFO] ImportTextPane:167 - (OptionalMessage_ERROR) IP (MotorControl) : Invalid parameter (OPAMP3_NONINVERTINGINPUT_PHC_GPIO_PORT)
2025-07-04 13:29:07,113 DEBUG [LineInfo_to_exitCode.log_LineInfo] 2025-07-04 13:29:07,113 [INFO] ImportTextPane:167 - (OptionalMessage_ERROR) IP (MotorControl) : Invalid parameter (OPAMP3_OUT_GPIO_PIN)
2025-07-04 13:29:07,114 DEBUG [LineInfo_to_exitCode.log_LineInfo] 2025-07-04 13:29:07,113 [INFO] ImportTextPane:167 - (OptionalMessage_ERROR) IP (MotorControl) : Invalid parameter (OPAMP3_OUT_GPIO_PORT)
2025-07-04 13:29:07,114 DEBUG [LineInfo_to_exitCode.log_LineInfo] 2025-07-04 13:29:07,113 [INFO] ImportTextPane:167 - (OptionalMessage_ERROR) IP (MotorControl) : Invalid parameter (OPAMP3_SELECTION)
2025-07-04 13:29:07,114 DEBUG [LineInfo_to_exitCode.log_LineInfo] 2025-07-04 13:29:07,113 [INFO] ImportTextPane:167 - (OptionalMessage_ERROR) IP (MotorControl) : Invalid parameter (OV_TEMPERATURE_PROT_ENABLING)
2025-07-04 13:29:07,114 DEBUG [LineInfo_to_exitCode.log_LineInfo] 2025-07-04 13:29:07,113 [INFO] ImportTextPane:167 - (OptionalMessage_ERROR) IP (MotorControl) : Invalid parameter (OV_VOLTAGE_PROT_ENABLING)
2025-07-04 13:29:07,114 DEBUG [LineInfo_to_exitCode.log_LineInfo] 2025-07-04 13:29:07,113 [INFO] ImportTextPane:167 - (OptionalMessage_ERROR) IP (MotorControl) : Invalid parameter (PHASE_U_CURR_ADC)
2025-07-04 13:29:07,114 DEBUG [LineInfo_to_exitCode.log_LineInfo] 2025-07-04 13:29:07,113 [INFO] ImportTextPane:167 - (OptionalMessage_ERROR) IP (MotorControl) : Invalid parameter (PHASE_U_GPIO_PIN)
2025-07-04 13:29:07,114 DEBUG [LineInfo_to_exitCode.log_LineInfo] 2025-07-04 13:29:07,113 [INFO] ImportTextPane:167 - (OptionalMessage_ERROR) IP (MotorControl) : Invalid parameter (PHASE_U_GPIO_PORT)
2025-07-04 13:29:07,115 DEBUG [LineInfo_to_exitCode.log_LineInfo] 2025-07-04 13:29:07,114 [INFO] ImportTextPane:167 - (OptionalMessage_ERROR) IP (MotorControl) : Invalid parameter (PHASE_U_PWM_CHANNEL)
2025-07-04 13:29:07,115 DEBUG [LineInfo_to_exitCode.log_LineInfo] 2025-07-04 13:29:07,114 [INFO] ImportTextPane:167 - (OptionalMessage_ERROR) IP (MotorControl) : Invalid parameter (PHASE_UH_GPIO_PIN)
2025-07-04 13:29:07,115 DEBUG [LineInfo_to_exitCode.log_LineInfo] 2025-07-04 13:29:07,114 [INFO] ImportTextPane:167 - (OptionalMessage_ERROR) IP (MotorControl) : Invalid parameter (PHASE_UH_GPIO_PORT)
2025-07-04 13:29:07,115 DEBUG [LineInfo_to_exitCode.log_LineInfo] 2025-07-04 13:29:07,114 [INFO] ImportTextPane:167 - (OptionalMessage_ERROR) IP (MotorControl) : Invalid parameter (PHASE_UL_GPIO_PIN)
2025-07-04 13:29:07,115 DEBUG [LineInfo_to_exitCode.log_LineInfo] 2025-07-04 13:29:07,114 [INFO] ImportTextPane:167 - (OptionalMessage_ERROR) IP (MotorControl) : Invalid parameter (PHASE_UL_GPIO_PORT)
2025-07-04 13:29:07,115 DEBUG [LineInfo_to_exitCode.log_LineInfo] 2025-07-04 13:29:07,114 [INFO] ImportTextPane:167 - (OptionalMessage_ERROR) IP (MotorControl) : Parameter (PHASE_UL_POLARITY) has invalid value (L_ACTIVE_HIGH)
2025-07-04 13:29:07,116 DEBUG [LineInfo_to_exitCode.log_LineInfo] 2025-07-04 13:29:07,114 [INFO] ImportTextPane:167 - (OptionalMessage_ERROR) IP (MotorControl) : Invalid parameter (PHASE_V_CURR_ADC)
2025-07-04 13:29:07,116 DEBUG [LineInfo_to_exitCode.log_LineInfo] 2025-07-04 13:29:07,114 [INFO] ImportTextPane:167 - (OptionalMessage_ERROR) IP (MotorControl) : Invalid parameter (PHASE_V_GPIO_PIN)
2025-07-04 13:29:07,116 DEBUG [LineInfo_to_exitCode.log_LineInfo] 2025-07-04 13:29:07,114 [INFO] ImportTextPane:167 - (OptionalMessage_ERROR) IP (MotorControl) : Invalid parameter (PHASE_V_GPIO_PORT)
2025-07-04 13:29:07,116 DEBUG [LineInfo_to_exitCode.log_LineInfo] 2025-07-04 13:29:07,114 [INFO] ImportTextPane:167 - (OptionalMessage_ERROR) IP (MotorControl) : Invalid parameter (PHASE_V_PWM_CHANNEL)
2025-07-04 13:29:07,116 DEBUG [LineInfo_to_exitCode.log_LineInfo] 2025-07-04 13:29:07,115 [INFO] ImportTextPane:167 - (OptionalMessage_ERROR) IP (MotorControl) : Invalid parameter (PHASE_VH_GPIO_PIN)
2025-07-04 13:29:07,116 DEBUG [LineInfo_to_exitCode.log_LineInfo] 2025-07-04 13:29:07,115 [INFO] ImportTextPane:167 - (OptionalMessage_ERROR) IP (MotorControl) : Invalid parameter (PHASE_VH_GPIO_PORT)
2025-07-04 13:29:07,116 DEBUG [LineInfo_to_exitCode.log_LineInfo] 2025-07-04 13:29:07,115 [INFO] ImportTextPane:167 - (OptionalMessage_ERROR) IP (MotorControl) : Invalid parameter (PHASE_VL_GPIO_PIN)
2025-07-04 13:29:07,116 DEBUG [LineInfo_to_exitCode.log_LineInfo] 2025-07-04 13:29:07,115 [INFO] ImportTextPane:167 - (OptionalMessage_ERROR) IP (MotorControl) : Invalid parameter (PHASE_VL_GPIO_PORT)
2025-07-04 13:29:07,117 DEBUG [LineInfo_to_exitCode.log_LineInfo] 2025-07-04 13:29:07,115 [INFO] ImportTextPane:167 - (OptionalMessage_ERROR) IP (MotorControl) : Parameter (PHASE_VL_POLARITY) has invalid value (L_ACTIVE_HIGH)
2025-07-04 13:29:07,117 DEBUG [LineInfo_to_exitCode.log_LineInfo] 2025-07-04 13:29:07,115 [INFO] ImportTextPane:167 - (OptionalMessage_ERROR) IP (MotorControl) : Invalid parameter (PHASE_W_CURR_ADC)
2025-07-04 13:29:07,117 DEBUG [LineInfo_to_exitCode.log_LineInfo] 2025-07-04 13:29:07,115 [INFO] ImportTextPane:167 - (OptionalMessage_ERROR) IP (MotorControl) : Invalid parameter (PHASE_W_GPIO_PIN)
2025-07-04 13:29:07,117 DEBUG [LineInfo_to_exitCode.log_LineInfo] 2025-07-04 13:29:07,115 [INFO] ImportTextPane:167 - (OptionalMessage_ERROR) IP (MotorControl) : Invalid parameter (PHASE_W_GPIO_PORT)
2025-07-04 13:29:07,117 DEBUG [LineInfo_to_exitCode.log_LineInfo] 2025-07-04 13:29:07,115 [INFO] ImportTextPane:167 - (OptionalMessage_ERROR) IP (MotorControl) : Invalid parameter (PHASE_W_PWM_CHANNEL)
2025-07-04 13:29:07,117 DEBUG [LineInfo_to_exitCode.log_LineInfo] 2025-07-04 13:29:07,115 [INFO] ImportTextPane:167 - (OptionalMessage_ERROR) IP (MotorControl) : Invalid parameter (PHASE_W_S_CURR_ADC)
2025-07-04 13:29:07,117 DEBUG [LineInfo_to_exitCode.log_LineInfo] 2025-07-04 13:29:07,116 [INFO] ImportTextPane:167 - (OptionalMessage_ERROR) IP (MotorControl) : Invalid parameter (PHASE_W_S_CURR_CHANNEL)
2025-07-04 13:29:07,117 DEBUG [LineInfo_to_exitCode.log_LineInfo] 2025-07-04 13:29:07,116 [INFO] ImportTextPane:167 - (OptionalMessage_ERROR) IP (MotorControl) : Invalid parameter (PHASE_W_S_GPIO_PIN)
2025-07-04 13:29:07,117 DEBUG [LineInfo_to_exitCode.log_LineInfo] 2025-07-04 13:29:07,116 [INFO] ImportTextPane:167 - (OptionalMessage_ERROR) IP (MotorControl) : Invalid parameter (PHASE_W_S_GPIO_PORT)
2025-07-04 13:29:07,117 DEBUG [LineInfo_to_exitCode.log_LineInfo] 2025-07-04 13:29:07,116 [INFO] ImportTextPane:167 - (OptionalMessage_ERROR) IP (MotorControl) : Invalid parameter (PHASE_WH_GPIO_PIN)
2025-07-04 13:29:07,117 DEBUG [LineInfo_to_exitCode.log_LineInfo] 2025-07-04 13:29:07,116 [INFO] ImportTextPane:167 - (OptionalMessage_ERROR) IP (MotorControl) : Invalid parameter (PHASE_WH_GPIO_PORT)
2025-07-04 13:29:07,117 DEBUG [LineInfo_to_exitCode.log_LineInfo] 2025-07-04 13:29:07,116 [INFO] ImportTextPane:167 - (OptionalMessage_ERROR) IP (MotorControl) : Invalid parameter (PHASE_WL_GPIO_PIN)
2025-07-04 13:29:07,117 DEBUG [LineInfo_to_exitCode.log_LineInfo] 2025-07-04 13:29:07,116 [INFO] ImportTextPane:167 - (OptionalMessage_ERROR) IP (MotorControl) : Invalid parameter (PHASE_WL_GPIO_PORT)
2025-07-04 13:29:07,117 DEBUG [LineInfo_to_exitCode.log_LineInfo] 2025-07-04 13:29:07,116 [INFO] ImportTextPane:167 - (OptionalMessage_ERROR) IP (MotorControl) : Parameter (PHASE_WL_POLARITY) has invalid value (L_ACTIVE_HIGH)
2025-07-04 13:29:07,117 DEBUG [LineInfo_to_exitCode.log_LineInfo] 2025-07-04 13:29:07,116 [INFO] ImportTextPane:167 - (OptionalMessage_ERROR) IP (MotorControl) : Invalid parameter (POTENTIOMETER_READING)
2025-07-04 13:29:07,117 DEBUG [LineInfo_to_exitCode.log_LineInfo] 2025-07-04 13:29:07,116 [INFO] ImportTextPane:167 - (OptionalMessage_ERROR) IP (MotorControl) : Invalid parameter (PWM_FREQUENCY)
2025-07-04 13:29:07,117 DEBUG [LineInfo_to_exitCode.log_LineInfo] 2025-07-04 13:29:07,117 [INFO] ImportTextPane:167 - (OptionalMessage_ERROR) IP (MotorControl) : Invalid parameter (PWM_TIMER_SELECTION)
2025-07-04 13:29:07,117 DEBUG [LineInfo_to_exitCode.log_LineInfo] 2025-07-04 13:29:07,117 [INFO] ImportTextPane:167 - (OptionalMessage_ERROR) IP (MotorControl) : Invalid parameter (R_BRAKE_SWITCH_OFF_THRES_V)
2025-07-04 13:29:07,117 DEBUG [LineInfo_to_exitCode.log_LineInfo] 2025-07-04 13:29:07,117 [INFO] ImportTextPane:167 - (OptionalMessage_ERROR) IP (MotorControl) : Invalid parameter (REGULATION_EXECUTION_RATE)
2025-07-04 13:29:07,118 DEBUG [LineInfo_to_exitCode.log_LineInfo] 2025-07-04 13:29:07,117 [INFO] ImportTextPane:167 - (OptionalMessage_ERROR) IP (MotorControl) : Invalid parameter (SINGLEDRIVE)
2025-07-04 13:29:07,118 DEBUG [LineInfo_to_exitCode.log_LineInfo] 2025-07-04 13:29:07,117 [INFO] ImportTextPane:167 - (OptionalMessage_ERROR) IP (MotorControl) : Invalid parameter (SPD_DIFFERENTIAL_TERM_ENABLING)
2025-07-04 13:29:07,118 DEBUG [LineInfo_to_exitCode.log_LineInfo] 2025-07-04 13:29:07,117 [INFO] ImportTextPane:167 - (OptionalMessage_ERROR) IP (MotorControl) : Invalid parameter (SPEED_SENSOR_SELECTION)
2025-07-04 13:29:07,118 DEBUG [LineInfo_to_exitCode.log_LineInfo] 2025-07-04 13:29:07,117 [INFO] ImportTextPane:167 - (OptionalMessage_ERROR) IP (MotorControl) : Invalid parameter (START_STOP_POLARITY)
2025-07-04 13:29:07,118 DEBUG [LineInfo_to_exitCode.log_LineInfo] 2025-07-04 13:29:07,117 [INFO] ImportTextPane:167 - (OptionalMessage_ERROR) IP (MotorControl) : Invalid parameter (START_STOP_POLARITY_EDGE)
2025-07-04 13:29:07,118 DEBUG [LineInfo_to_exitCode.log_LineInfo] 2025-07-04 13:29:07,117 [INFO] ImportTextPane:167 - (OptionalMessage_ERROR) IP (MotorControl) : Invalid parameter (STATE_OBSERVER_PLL)
2025-07-04 13:29:07,118 DEBUG [LineInfo_to_exitCode.log_LineInfo] 2025-07-04 13:29:07,117 [INFO] ImportTextPane:167 - (OptionalMessage_ERROR) IP (MotorControl) : Invalid parameter (STM32G431CB)
2025-07-04 13:29:07,118 DEBUG [LineInfo_to_exitCode.log_LineInfo] 2025-07-04 13:29:07,117 [INFO] ImportTextPane:167 - (OptionalMessage_ERROR) IP (MotorControl) : Invalid parameter (SW_DEADTIME_NS)
2025-07-04 13:29:07,118 DEBUG [LineInfo_to_exitCode.log_LineInfo] 2025-07-04 13:29:07,117 [INFO] ImportTextPane:167 - (OptionalMessage_ERROR) IP (MotorControl) : Invalid parameter (TEMP_ADC_SAMPLING_TIME)
2025-07-04 13:29:07,118 DEBUG [LineInfo_to_exitCode.log_LineInfo] 2025-07-04 13:29:07,117 [INFO] ImportTextPane:167 - (OptionalMessage_ERROR) IP (MotorControl) : Invalid parameter (TEMP_FDBK_ADC)
2025-07-04 13:29:07,118 DEBUG [LineInfo_to_exitCode.log_LineInfo] 2025-07-04 13:29:07,117 [INFO] ImportTextPane:167 - (OptionalMessage_ERROR) IP (MotorControl) : Invalid parameter (TEMP_FDBK_CHANNEL)
2025-07-04 13:29:07,118 DEBUG [LineInfo_to_exitCode.log_LineInfo] 2025-07-04 13:29:07,117 [INFO] ImportTextPane:167 - (OptionalMessage_ERROR) IP (MotorControl) : Invalid parameter (TEMP_FDBK_GPIO_PIN)
2025-07-04 13:29:07,118 DEBUG [LineInfo_to_exitCode.log_LineInfo] 2025-07-04 13:29:07,117 [INFO] ImportTextPane:167 - (OptionalMessage_ERROR) IP (MotorControl) : Invalid parameter (TEMP_FDBK_GPIO_PORT)
2025-07-04 13:29:07,118 DEBUG [LineInfo_to_exitCode.log_LineInfo] 2025-07-04 13:29:07,117 [INFO] ImportTextPane:167 - (OptionalMessage_ERROR) IP (MotorControl) : Invalid parameter (TEMPERATURE_READING)
2025-07-04 13:29:07,118 DEBUG [LineInfo_to_exitCode.log_LineInfo] 2025-07-04 13:29:07,117 [INFO] ImportTextPane:167 - (OptionalMessage_ERROR) IP (MotorControl) : Invalid parameter (TFDIFFERENTIAL_TERM_ENABLING)
2025-07-04 13:29:07,118 DEBUG [LineInfo_to_exitCode.log_LineInfo] 2025-07-04 13:29:07,117 [INFO] ImportTextPane:167 - (OptionalMessage_ERROR) IP (MotorControl) : Invalid parameter (TRISE_NS)
2025-07-04 13:29:07,118 DEBUG [LineInfo_to_exitCode.log_LineInfo] 2025-07-04 13:29:07,117 [INFO] ImportTextPane:167 - (OptionalMessage_ERROR) IP (MotorControl) : Invalid parameter (USART_RX_GPIO_PIN)
2025-07-04 13:29:07,118 DEBUG [LineInfo_to_exitCode.log_LineInfo] 2025-07-04 13:29:07,117 [INFO] ImportTextPane:167 - (OptionalMessage_ERROR) IP (MotorControl) : Invalid parameter (USART_RX_GPIO_PORT)
2025-07-04 13:29:07,118 DEBUG [LineInfo_to_exitCode.log_LineInfo] 2025-07-04 13:29:07,118 [INFO] ImportTextPane:167 - (OptionalMessage_ERROR) IP (MotorControl) : Invalid parameter (USART_SELECTION)
2025-07-04 13:29:07,118 DEBUG [LineInfo_to_exitCode.log_LineInfo] 2025-07-04 13:29:07,118 [INFO] ImportTextPane:167 - (OptionalMessage_ERROR) IP (MotorControl) : Invalid parameter (USART_SPEED)
2025-07-04 13:29:07,118 DEBUG [LineInfo_to_exitCode.log_LineInfo] 2025-07-04 13:29:07,118 [INFO] ImportTextPane:167 - (OptionalMessage_ERROR) IP (MotorControl) : Invalid parameter (USART_TX_GPIO_PIN)
2025-07-04 13:29:07,120 DEBUG [LineInfo_to_exitCode.log_LineInfo] 2025-07-04 13:29:07,118 [INFO] ImportTextPane:167 - (OptionalMessage_ERROR) IP (MotorControl) : Invalid parameter (USART_TX_GPIO_PORT)
2025-07-04 13:29:07,120 DEBUG [LineInfo_to_exitCode.log_LineInfo] 2025-07-04 13:29:07,118 [INFO] ImportTextPane:167 - (OptionalMessage_ERROR) IP (MotorControl) : Invalid parameter (USE_3OPAMPS)
2025-07-04 13:29:07,120 DEBUG [LineInfo_to_exitCode.log_LineInfo] 2025-07-04 13:29:07,118 [INFO] ImportTextPane:167 - (OptionalMessage_ERROR) IP (MotorControl) : Invalid parameter (USE_INTERNAL_OPAMP)
2025-07-04 13:29:07,120 DEBUG [LineInfo_to_exitCode.log_LineInfo] 2025-07-04 13:29:07,118 [INFO] ImportTextPane:167 - (OptionalMessage_ERROR) IP (MotorControl) : Invalid parameter (UV_VOLTAGE_PROT_ENABLING)
2025-07-04 13:29:07,120 DEBUG [LineInfo_to_exitCode.log_LineInfo] 2025-07-04 13:29:07,118 [INFO] ImportTextPane:167 - (OptionalMessage_ERROR) IP (MotorControl) : Invalid parameter (VBUS_ADC)
2025-07-04 13:29:07,120 DEBUG [LineInfo_to_exitCode.log_LineInfo] 2025-07-04 13:29:07,118 [INFO] ImportTextPane:167 - (OptionalMessage_ERROR) IP (MotorControl) : Invalid parameter (VBUS_ADC_SAMPLING_TIME)
2025-07-04 13:29:07,120 DEBUG [LineInfo_to_exitCode.log_LineInfo] 2025-07-04 13:29:07,118 [INFO] ImportTextPane:167 - (OptionalMessage_ERROR) IP (MotorControl) : Invalid parameter (VBUS_CHANNEL)
2025-07-04 13:29:07,120 DEBUG [LineInfo_to_exitCode.log_LineInfo] 2025-07-04 13:29:07,118 [INFO] ImportTextPane:167 - (OptionalMessage_ERROR) IP (MotorControl) : Invalid parameter (VBUS_GPIO_PIN)
2025-07-04 13:29:07,121 DEBUG [LineInfo_to_exitCode.log_LineInfo] 2025-07-04 13:29:07,118 [INFO] ImportTextPane:167 - (OptionalMessage_ERROR) IP (MotorControl) : Invalid parameter (VBUS_GPIO_PORT)
2025-07-04 13:29:07,121 DEBUG [LineInfo_to_exitCode.log_LineInfo] 2025-07-04 13:29:07,118 [INFO] ImportTextPane:167 - (OptionalMessage_ERROR) IP (MotorControl) : Invalid parameter (WB_to_Mx_template_version)
2025-07-04 13:29:07,121 DEBUG [LineInfo_to_exitCode.log_LineInfo] 2025-07-04 13:29:07,118 [INFO] ImportTextPane:167 - (OptionalMessage_ERROR) IP (MotorControl) : Invalid parameter (WB_to_Mx_version)
2025-07-04 13:29:07,121 DEBUG [LineInfo_to_exitCode.log_LineInfo] 2025-07-04 13:29:07,118 [INFO] ImportTextPane:167 - (OptionalMessage_ERROR) IP (MotorControl) : Invalid parameter (WB_UI_CUTOFF_FREQUENCY)
2025-07-04 13:29:07,121 DEBUG [LineInfo_to_exitCode.log_LineInfo] 2025-07-04 13:29:07,118 [INFO] ImportTextPane:167 - (OptionalMessage_ERROR) IP (MotorControl) : Invalid parameter (WB_UI_ENCODER_HAS_INDEX_PIN)
2025-07-04 13:29:07,121 DEBUG [LineInfo_to_exitCode.log_LineInfo] 2025-07-04 13:29:07,118 [INFO] ImportTextPane:167 - (OptionalMessage_ERROR) IP (MotorControl) : Invalid parameter (WB_UI_FLUX_TARGET)
2025-07-04 13:29:07,121 DEBUG [LineInfo_to_exitCode.log_LineInfo] 2025-07-04 13:29:07,118 [INFO] ImportTextPane:167 - (OptionalMessage_ERROR) IP (MotorControl) : Invalid parameter (WB_UI_FRICTION)
2025-07-04 13:29:07,121 DEBUG [LineInfo_to_exitCode.log_LineInfo] 2025-07-04 13:29:07,118 [INFO] ImportTextPane:167 - (OptionalMessage_ERROR) IP (MotorControl) : Invalid parameter (WB_UI_GAIN)
2025-07-04 13:29:07,121 DEBUG [LineInfo_to_exitCode.log_LineInfo] 2025-07-04 13:29:07,120 [INFO] ImportTextPane:167 - (OptionalMessage_ERROR) IP (MotorControl) : Invalid parameter (WB_UI_GAINLIST)
2025-07-04 13:29:07,122 DEBUG [LineInfo_to_exitCode.log_LineInfo] 2025-07-04 13:29:07,120 [INFO] ImportTextPane:167 - (OptionalMessage_ERROR) IP (MotorControl) : Invalid parameter (WB_UI_GON)
2025-07-04 13:29:07,122 DEBUG [LineInfo_to_exitCode.log_LineInfo] 2025-07-04 13:29:07,120 [INFO] ImportTextPane:167 - (OptionalMessage_ERROR) IP (MotorControl) : Invalid parameter (WB_UI_GOP)
2025-07-04 13:29:07,122 DEBUG [LineInfo_to_exitCode.log_LineInfo] 2025-07-04 13:29:07,120 [INFO] ImportTextPane:167 - (OptionalMessage_ERROR) IP (MotorControl) : Invalid parameter (WB_UI_INERTIA)
2025-07-04 13:29:07,122 DEBUG [LineInfo_to_exitCode.log_LineInfo] 2025-07-04 13:29:07,120 [INFO] ImportTextPane:167 - (OptionalMessage_ERROR) IP (MotorControl) : Invalid parameter (WB_UI_MAGNETIC_STRUCTURE)
2025-07-04 13:29:07,122 DEBUG [LineInfo_to_exitCode.log_LineInfo] 2025-07-04 13:29:07,120 [INFO] ImportTextPane:167 - (OptionalMessage_ERROR) IP (MotorControl) : Invalid parameter (WB_UI_MAX_CURRENT)
2025-07-04 13:29:07,122 DEBUG [LineInfo_to_exitCode.log_LineInfo] 2025-07-04 13:29:07,120 [INFO] ImportTextPane:167 - (OptionalMessage_ERROR) IP (MotorControl) : Invalid parameter (WB_UI_MAX_NOMINAL_DC_VOLTAGE)
2025-07-04 13:29:07,122 DEBUG [LineInfo_to_exitCode.log_LineInfo] 2025-07-04 13:29:07,120 [INFO] ImportTextPane:167 - (OptionalMessage_ERROR) IP (MotorControl) : Invalid parameter (WB_UI_MAX_PWMFREQUENCY)
2025-07-04 13:29:07,122 DEBUG [LineInfo_to_exitCode.log_LineInfo] 2025-07-04 13:29:07,121 [INFO] ImportTextPane:167 - (OptionalMessage_ERROR) IP (MotorControl) : Invalid parameter (WB_UI_MOTOR_DESCRIPTION)
2025-07-04 13:29:07,122 DEBUG [LineInfo_to_exitCode.log_LineInfo] 2025-07-04 13:29:07,121 [INFO] ImportTextPane:167 - (OptionalMessage_ERROR) IP (MotorControl) : Invalid parameter (WB_UI_PW_BOARD_MAX_RATED_CURRENT)
2025-07-04 13:29:07,122 DEBUG [LineInfo_to_exitCode.log_LineInfo] 2025-07-04 13:29:07,121 [INFO] ImportTextPane:167 - (OptionalMessage_ERROR) IP (MotorControl) : Invalid parameter (WB_UI_PW_BOARD_MAX_VOLTAGE)
2025-07-04 13:29:07,123 DEBUG [LineInfo_to_exitCode.log_LineInfo] 2025-07-04 13:29:07,121 [INFO] ImportTextPane:167 - (OptionalMessage_ERROR) IP (MotorControl) : Invalid parameter (WB_UI_PW_BOARD_MIN_VOLTAGE)
2025-07-04 13:29:07,123 DEBUG [LineInfo_to_exitCode.log_LineInfo] 2025-07-04 13:29:07,121 [INFO] ImportTextPane:167 - (OptionalMessage_ERROR) IP (MotorControl) : Invalid parameter (WB_UI_VPOL)
2025-07-04 13:29:07,123 DEBUG [LineInfo_to_exitCode.log_LineInfo] 2025-07-04 13:29:07,121 [INFO] ImportTextPane:167 - (OptionalMessage_ERROR) IP (MotorControl) : Invalid parameter (WB_UI_VPOL_K)
2025-07-04 13:29:07,137 DEBUG [LineInfo_to_exitCode.log_LineInfo] 2025-07-04 13:29:07,137 [INFO] ImportTextPane:167 - (OptionalMessage_ERROR) IP (RCC) : Invalid parameter (FamilyName)
2025-07-04 13:29:07,138 DEBUG [LineInfo_to_exitCode.log_LineInfo] 2025-07-04 13:29:07,138 [INFO] ImportTextPane:167 - (OptionalMessage_ERROR) IP (RCC) : Parameter (RNGFreq_Value) has invalid value (170000000)
2025-07-04 13:29:07,139 DEBUG [LineInfo_to_exitCode.log_LineInfo] 2025-07-04 13:29:07,139 [INFO] ImportTextPane:167 - (OptionalMessage_ERROR) IP (RCC) : Parameter (USBFreq_Value) has invalid value (170000000)
2025-07-04 13:29:07,183 DEBUG [LineInfo_to_exitCode.log_LineInfo] 2025-07-04 13:29:07,182 [INFO] ImportTextPane:167 - (OptionalMessage_ERROR) IP (TIM1) : Parameter (TIM_SlaveMode) has invalid value (TIM_SLAVEMODE_TRIGGER)
2025-07-04 13:29:07,193 DEBUG [LineInfo_to_exitCode.log_LineInfo] 2025-07-04 13:29:07,192 [INFO] ImportTextPane:167 - (OptionalMessage_ERROR) IP (TIM1) : Parameter (SourceBRKDigInputPolarity) has invalid value (TIM_BREAKINPUTSOURCE_POLARITY_LOW)
2025-07-04 13:29:07,193 DEBUG [LineInfo_to_exitCode.log_LineInfo] 2025-07-04 13:29:07,192 [INFO] ImportTextPane:167 - (OptionalMessage_ERROR) IP (TIM1) : Parameter (SourceBRK2DigInputPolarity) has invalid value (TIM_BREAKINPUTSOURCE_POLARITY_LOW)
2025-07-04 13:29:07,530 DEBUG [LineInfo_to_exitCode.log_LineInfo] 2025-07-04 13:29:07,530 [INFO] UtilMem:74 - End LoadConfig() Used Memory: 149430384 Bytes (645922816)
2025-07-04 13:29:07,532 DEBUG [LineInfo_to_exitCode.log_LineInfo] 2025-07-04 13:29:07,532 [INFO] DbMcusXml:100 - Load MCU database from C:\Program Files\STMicroelectronics\STM32Cube\STM32CubeMX\\db\/mcu/families.xml
2025-07-04 13:29:08,015 DEBUG [LineInfo_to_exitCode.log_LineInfo] 2025-07-04 13:29:08,014 [INFO] DbMcusJson:93 - JSON generation date=Tue Nov 16 21:47:54 IST 2021 (1637079474)
2025-07-04 13:29:08,767 DEBUG [LineInfo_to_exitCode.log_LineInfo] 2025-07-04 13:29:08,766 [INFO] DbMcus:175 - Found 1960 MCUs (1912 are supported by CubeMX, 1912 are visible in CubeMX)
2025-07-04 13:29:08,768 DEBUG [LineInfo_to_exitCode.log_LineInfo] 2025-07-04 13:29:08,767 [INFO] ApiDb:242 - User favorites file not found: C:\Users\Admin/.stm32cubemx/favorites.mcus.txt
2025-07-04 13:29:08,768 DEBUG [LineInfo_to_exitCode.log_LineInfo] 2025-07-04 13:29:08,768 [INFO] DbMcus:187 - Set 0 / 0 favorites MCUs
2025-07-04 13:29:08,771 DEBUG [LineInfo_to_exitCode.log_LineInfo] 2025-07-04 13:29:08,771 [INFO] ThirdParty:787 - entering critical section [change project]
2025-07-04 13:29:08,772 DEBUG [LineInfo_to_exitCode.log_LineInfo] 2025-07-04 13:29:08,772 [INFO] ThirdParty:977 - CMSIS Pack Vendor :STMicroelectronics X-CUBE-PM33A1 1.0.0
2025-07-04 13:29:08,772 DEBUG [LineInfo_to_exitCode.log_LineInfo] 2025-07-04 13:29:08,772 [INFO] ThirdParty:977 - CMSIS Pack Vendor :STMicroelectronics X-CUBE-AZRTOS-H7 3.3.0
2025-07-04 13:29:08,772 DEBUG [LineInfo_to_exitCode.log_LineInfo] 2025-07-04 13:29:08,772 [INFO] ThirdParty:977 - CMSIS Pack Vendor :STMicroelectronics X-CUBE-NFC9 1.0.0
2025-07-04 13:29:08,772 DEBUG [LineInfo_to_exitCode.log_LineInfo] 2025-07-04 13:29:08,772 [INFO] ThirdParty:977 - CMSIS Pack Vendor :STMicroelectronics USB_HOST 2.0.0
2025-07-04 13:29:08,772 DEBUG [LineInfo_to_exitCode.log_LineInfo] 2025-07-04 13:29:08,772 [INFO] ThirdParty:977 - CMSIS Pack Vendor :STMicroelectronics FP-SNS-MOTENVWB1 1.4.0
2025-07-04 13:29:08,772 DEBUG [LineInfo_to_exitCode.log_LineInfo] 2025-07-04 13:29:08,772 [INFO] ThirdParty:977 - CMSIS Pack Vendor :STMicroelectronics X-CUBE-AZRTOS-F4 1.1.0
2025-07-04 13:29:08,773 DEBUG [LineInfo_to_exitCode.log_LineInfo] 2025-07-04 13:29:08,772 [INFO] ThirdParty:977 - CMSIS Pack Vendor :STMicroelectronics LIBJPEG 8.0.0
2025-07-04 13:29:08,773 DEBUG [LineInfo_to_exitCode.log_LineInfo] 2025-07-04 13:29:08,772 [INFO] ThirdParty:977 - CMSIS Pack Vendor :STMicroelectronics FP-ATR-ASTRA1 2.0.2
2025-07-04 13:29:08,773 DEBUG [LineInfo_to_exitCode.log_LineInfo] 2025-07-04 13:29:08,772 [INFO] ThirdParty:977 - CMSIS Pack Vendor :STMicroelectronics X-CUBE-BLE1 7.1.0
2025-07-04 13:29:08,773 DEBUG [LineInfo_to_exitCode.log_LineInfo] 2025-07-04 13:29:08,772 [INFO] ThirdParty:977 - CMSIS Pack Vendor :STMicroelectronics X-CUBE-SMBUS 2.1.0
2025-07-04 13:29:08,773 DEBUG [LineInfo_to_exitCode.log_LineInfo] 2025-07-04 13:29:08,772 [INFO] ThirdParty:977 - CMSIS Pack Vendor :STMicroelectronics X-CUBE-WB05N 1.1.0
2025-07-04 13:29:08,773 DEBUG [LineInfo_to_exitCode.log_LineInfo] 2025-07-04 13:29:08,772 [INFO] ThirdParty:977 - CMSIS Pack Vendor :wolfSSL I-CUBE-wolfMQTT 1.19.2
2025-07-04 13:29:08,773 DEBUG [LineInfo_to_exitCode.log_LineInfo] 2025-07-04 13:29:08,772 [INFO] ThirdParty:977 - CMSIS Pack Vendor :STMicroelectronics USB_DEVICE 3.0.0
2025-07-04 13:29:08,773 DEBUG [LineInfo_to_exitCode.log_LineInfo] 2025-07-04 13:29:08,772 [INFO] ThirdParty:977 - CMSIS Pack Vendor :STMicroelectronics X-CUBE-ISPU 2.1.0
2025-07-04 13:29:08,773 DEBUG [LineInfo_to_exitCode.log_LineInfo] 2025-07-04 13:29:08,772 [INFO] ThirdParty:977 - CMSIS Pack Vendor :STMicroelectronics X-CUBE-AZRTOS-WB 2.0.0
2025-07-04 13:29:08,773 DEBUG [LineInfo_to_exitCode.log_LineInfo] 2025-07-04 13:29:08,772 [INFO] ThirdParty:977 - CMSIS Pack Vendor :STMicroelectronics X-CUBE-GNSS1 7.0.1
2025-07-04 13:29:08,774 DEBUG [LineInfo_to_exitCode.log_LineInfo] 2025-07-04 13:29:08,772 [INFO] ThirdParty:977 - CMSIS Pack Vendor :STMicroelectronics X-CUBE-AZRTOS-F7 1.1.0
2025-07-04 13:29:08,774 DEBUG [LineInfo_to_exitCode.log_LineInfo] 2025-07-04 13:29:08,773 [INFO] ThirdParty:977 - CMSIS Pack Vendor :STMicroelectronics X-CUBE-AZRTOS-L5 2.0.0
2025-07-04 13:29:08,774 DEBUG [LineInfo_to_exitCode.log_LineInfo] 2025-07-04 13:29:08,773 [INFO] ThirdParty:977 - CMSIS Pack Vendor :STMicroelectronics X-CUBE-TOUCHGFX 4.25.0
2025-07-04 13:29:08,774 DEBUG [LineInfo_to_exitCode.log_LineInfo] 2025-07-04 13:29:08,773 [INFO] ThirdParty:977 - CMSIS Pack Vendor :STMicroelectronics USB_DEVICE 2.0.0
2025-07-04 13:29:08,774 DEBUG [LineInfo_to_exitCode.log_LineInfo] 2025-07-04 13:29:08,773 [INFO] ThirdParty:977 - CMSIS Pack Vendor :STMicroelectronics X-CUBE-NFC6 3.1.0
2025-07-04 13:29:08,774 DEBUG [LineInfo_to_exitCode.log_LineInfo] 2025-07-04 13:29:08,773 [INFO] ThirdParty:977 - CMSIS Pack Vendor :STMicroelectronics X-CUBE-AI 10.1.0
2025-07-04 13:29:08,774 DEBUG [LineInfo_to_exitCode.log_LineInfo] 2025-07-04 13:29:08,773 [INFO] ThirdParty:977 - CMSIS Pack Vendor :STMicroelectronics X-CUBE-MEMS1 11.2.0
2025-07-04 13:29:08,774 DEBUG [LineInfo_to_exitCode.log_LineInfo] 2025-07-04 13:29:08,773 [INFO] ThirdParty:977 - CMSIS Pack Vendor :STMicroelectronics FreeRTOS 0.0.1
2025-07-04 13:29:08,775 DEBUG [LineInfo_to_exitCode.log_LineInfo] 2025-07-04 13:29:08,773 [INFO] ThirdParty:977 - CMSIS Pack Vendor :STMicroelectronics X-CUBE-AZRTOS-G0 1.1.0
2025-07-04 13:29:08,775 DEBUG [LineInfo_to_exitCode.log_LineInfo] 2025-07-04 13:29:08,773 [INFO] ThirdParty:977 - CMSIS Pack Vendor :STMicroelectronics X-CUBE-SAFEA1 1.2.2
2025-07-04 13:29:08,775 DEBUG [LineInfo_to_exitCode.log_LineInfo] 2025-07-04 13:29:08,773 [INFO] ThirdParty:977 - CMSIS Pack Vendor :STMicroelectronics X-CUBE-NFC4 3.0.0
2025-07-04 13:29:08,775 DEBUG [LineInfo_to_exitCode.log_LineInfo] 2025-07-04 13:29:08,773 [INFO] ThirdParty:977 - CMSIS Pack Vendor :STMicroelectronics X-CUBE-SUBG2 5.0.0
2025-07-04 13:29:08,775 DEBUG [LineInfo_to_exitCode.log_LineInfo] 2025-07-04 13:29:08,773 [INFO] ThirdParty:977 - CMSIS Pack Vendor :STMicroelectronics X-CUBE-AZRTOS-H7RS 1.1.0
2025-07-04 13:29:08,775 DEBUG [LineInfo_to_exitCode.log_LineInfo] 2025-07-04 13:29:08,773 [INFO] ThirdParty:977 - CMSIS Pack Vendor :STMicroelectronics STM32_WPAN 1.0.0
2025-07-04 13:29:08,775 DEBUG [LineInfo_to_exitCode.log_LineInfo] 2025-07-04 13:29:08,773 [INFO] ThirdParty:977 - CMSIS Pack Vendor :STMicroelectronics lwIP 2.0.3
2025-07-04 13:29:08,775 DEBUG [LineInfo_to_exitCode.log_LineInfo] 2025-07-04 13:29:08,773 [INFO] ThirdParty:977 - CMSIS Pack Vendor :STMicroelectronics FP-SNS-FLIGHT1 5.0.2
2025-07-04 13:29:08,776 DEBUG [LineInfo_to_exitCode.log_LineInfo] 2025-07-04 13:29:08,774 [INFO] ThirdParty:977 - CMSIS Pack Vendor :Cesanta I-CUBE-Mongoose 7.13.0
2025-07-04 13:29:08,776 DEBUG [LineInfo_to_exitCode.log_LineInfo] 2025-07-04 13:29:08,774 [INFO] ThirdParty:977 - CMSIS Pack Vendor :STMicroelectronics USB_HOST 1.0.0
2025-07-04 13:29:08,776 DEBUG [LineInfo_to_exitCode.log_LineInfo] 2025-07-04 13:29:08,774 [INFO] ThirdParty:977 - CMSIS Pack Vendor :STMicroelectronics X-CUBE-AZRTOS-G4 2.0.0
2025-07-04 13:29:08,776 DEBUG [LineInfo_to_exitCode.log_LineInfo] 2025-07-04 13:29:08,774 [INFO] ThirdParty:977 - CMSIS Pack Vendor :STMicroelectronics X-CUBE-WB05N 2.0.0
2025-07-04 13:29:08,776 DEBUG [LineInfo_to_exitCode.log_LineInfo] 2025-07-04 13:29:08,774 [INFO] ThirdParty:977 - CMSIS Pack Vendor :STMicroelectronics PDM2PCM 3.1.0
2025-07-04 13:29:08,776 DEBUG [LineInfo_to_exitCode.log_LineInfo] 2025-07-04 13:29:08,774 [INFO] ThirdParty:977 - CMSIS Pack Vendor :STMicroelectronics PDM2PCM 3.3.0
2025-07-04 13:29:08,776 DEBUG [LineInfo_to_exitCode.log_LineInfo] 2025-07-04 13:29:08,774 [INFO] ThirdParty:977 - CMSIS Pack Vendor :wolfSSL I-CUBE-wolfTPM 3.8.0
2025-07-04 13:29:08,776 DEBUG [LineInfo_to_exitCode.log_LineInfo] 2025-07-04 13:29:08,774 [INFO] ThirdParty:977 - CMSIS Pack Vendor :STMicroelectronics X-CUBE-DISPLAY 3.0.0
2025-07-04 13:29:08,776 DEBUG [LineInfo_to_exitCode.log_LineInfo] 2025-07-04 13:29:08,774 [INFO] ThirdParty:977 - CMSIS Pack Vendor :wolfSSL I-CUBE-wolfSSH 1.4.20
2025-07-04 13:29:08,777 DEBUG [LineInfo_to_exitCode.log_LineInfo] 2025-07-04 13:29:08,774 [INFO] ThirdParty:977 - CMSIS Pack Vendor :STMicroelectronics X-CUBE-NFC7 2.0.0
2025-07-04 13:29:08,777 DEBUG [LineInfo_to_exitCode.log_LineInfo] 2025-07-04 13:29:08,774 [INFO] ThirdParty:977 - CMSIS Pack Vendor :STMicroelectronics FP-ATR-SIGFOX1 3.2.0
2025-07-04 13:29:08,777 DEBUG [LineInfo_to_exitCode.log_LineInfo] 2025-07-04 13:29:08,774 [INFO] ThirdParty:977 - CMSIS Pack Vendor :STMicroelectronics X-CUBE-NFC10 1.0.0
2025-07-04 13:29:08,777 DEBUG [LineInfo_to_exitCode.log_LineInfo] 2025-07-04 13:29:08,774 [INFO] ThirdParty:977 - CMSIS Pack Vendor :STMicroelectronics X-CUBE-EEPRMA1 5.1.0
2025-07-04 13:29:08,777 DEBUG [LineInfo_to_exitCode.log_LineInfo] 2025-07-04 13:29:08,774 [INFO] ThirdParty:977 - CMSIS Pack Vendor :STMicroelectronics X-CUBE-FREERTOS 1.3.1
2025-07-04 13:29:08,777 DEBUG [LineInfo_to_exitCode.log_LineInfo] 2025-07-04 13:29:08,774 [INFO] ThirdParty:977 - CMSIS Pack Vendor :STMicroelectronics HAL Drivers 0.0.0
2025-07-04 13:29:08,777 DEBUG [LineInfo_to_exitCode.log_LineInfo] 2025-07-04 13:29:08,775 [INFO] ThirdParty:977 - CMSIS Pack Vendor :STMicroelectronics MBEDTLS 2.16.2
2025-07-04 13:29:08,777 DEBUG [LineInfo_to_exitCode.log_LineInfo] 2025-07-04 13:29:08,775 [INFO] ThirdParty:977 - CMSIS Pack Vendor :STMicroelectronics X-CUBE-ALS 1.0.2
2025-07-04 13:29:08,777 DEBUG [LineInfo_to_exitCode.log_LineInfo] 2025-07-04 13:29:08,775 [INFO] ThirdParty:977 - CMSIS Pack Vendor :emotas I-CUBE-CANOPEN 1.3.0
2025-07-04 13:29:08,777 DEBUG [LineInfo_to_exitCode.log_LineInfo] 2025-07-04 13:29:08,775 [INFO] ThirdParty:977 - CMSIS Pack Vendor :STMicroelectronics X-CUBE-FREERTOS 1.3.0
2025-07-04 13:29:08,778 DEBUG [LineInfo_to_exitCode.log_LineInfo] 2025-07-04 13:29:08,775 [INFO] ThirdParty:977 - CMSIS Pack Vendor :STMicroelectronics X-CUBE-NFC7 1.0.1
2025-07-04 13:29:08,778 DEBUG [LineInfo_to_exitCode.log_LineInfo] 2025-07-04 13:29:08,775 [INFO] ThirdParty:977 - CMSIS Pack Vendor :STMicroelectronics MBEDTLS 2.14.1
2025-07-04 13:29:08,778 DEBUG [LineInfo_to_exitCode.log_LineInfo] 2025-07-04 13:29:08,775 [INFO] ThirdParty:977 - CMSIS Pack Vendor :wolfSSL I-CUBE-wolfSSL 5.7.6
2025-07-04 13:29:08,778 DEBUG [LineInfo_to_exitCode.log_LineInfo] 2025-07-04 13:29:08,775 [INFO] ThirdParty:977 - CMSIS Pack Vendor :ITTIA_DB I-CUBE-ITTIADB 8.9.0
2025-07-04 13:29:08,778 DEBUG [LineInfo_to_exitCode.log_LineInfo] 2025-07-04 13:29:08,775 [INFO] ThirdParty:977 - CMSIS Pack Vendor :STMicroelectronics X-CUBE-TOUCHGFX 4.24.2
2025-07-04 13:29:08,778 DEBUG [LineInfo_to_exitCode.log_LineInfo] 2025-07-04 13:29:08,775 [INFO] ThirdParty:977 - CMSIS Pack Vendor :portGmbH I-Cube-SoM-uGOAL 1.1.0
2025-07-04 13:29:08,778 DEBUG [LineInfo_to_exitCode.log_LineInfo] 2025-07-04 13:29:08,775 [INFO] ThirdParty:977 - CMSIS Pack Vendor :STMicroelectronics X-CUBE-AI 10.0.0
2025-07-04 13:29:08,778 DEBUG [LineInfo_to_exitCode.log_LineInfo] 2025-07-04 13:29:08,775 [INFO] ThirdParty:977 - CMSIS Pack Vendor :STMicroelectronics ThreadX 1.0.0
2025-07-04 13:29:08,778 DEBUG [LineInfo_to_exitCode.log_LineInfo] 2025-07-04 13:29:08,775 [INFO] ThirdParty:977 - CMSIS Pack Vendor :STMicroelectronics FP-SNS-SMARTAG2 1.2.0
2025-07-04 13:29:08,778 DEBUG [LineInfo_to_exitCode.log_LineInfo] 2025-07-04 13:29:08,775 [INFO] ThirdParty:977 - CMSIS Pack Vendor :STMicroelectronics X-CUBE-MEMS1 11.1.0
2025-07-04 13:29:08,779 DEBUG [LineInfo_to_exitCode.log_LineInfo] 2025-07-04 13:29:08,776 [INFO] ThirdParty:977 - CMSIS Pack Vendor :STMicroelectronics X-CUBE-AZRTOS-WL 2.0.0
2025-07-04 13:29:08,779 DEBUG [LineInfo_to_exitCode.log_LineInfo] 2025-07-04 13:29:08,776 [INFO] ThirdParty:977 - CMSIS Pack Vendor :SEGGER I-CUBE-embOS 1.3.1
2025-07-04 13:29:08,779 DEBUG [LineInfo_to_exitCode.log_LineInfo] 2025-07-04 13:29:08,776 [INFO] ThirdParty:977 - CMSIS Pack Vendor :STMicroelectronics X-CUBE-ALGOBUILD 1.4.0
2025-07-04 13:29:08,779 DEBUG [LineInfo_to_exitCode.log_LineInfo] 2025-07-04 13:29:08,776 [INFO] ThirdParty:977 - CMSIS Pack Vendor :STMicroelectronics X-CUBE-MEMS1 11.3.0
2025-07-04 13:29:08,779 DEBUG [LineInfo_to_exitCode.log_LineInfo] 2025-07-04 13:29:08,776 [INFO] ThirdParty:977 - CMSIS Pack Vendor :STMicroelectronics FP-SNS-MOTENV1 5.0.0
2025-07-04 13:29:08,779 DEBUG [LineInfo_to_exitCode.log_LineInfo] 2025-07-04 13:29:08,776 [INFO] ThirdParty:977 - CMSIS Pack Vendor :STMicroelectronics USB_DEVICE 1.0.0
2025-07-04 13:29:08,779 DEBUG [LineInfo_to_exitCode.log_LineInfo] 2025-07-04 13:29:08,776 [INFO] ThirdParty:977 - CMSIS Pack Vendor :STMicroelectronics X-CUBE-AZRTOS-H7RS 1.0.0
2025-07-04 13:29:08,780 DEBUG [LineInfo_to_exitCode.log_LineInfo] 2025-07-04 13:29:08,776 [INFO] ThirdParty:977 - CMSIS Pack Vendor :STMicroelectronics X-CUBE-AZRTOS-L4 2.0.0
2025-07-04 13:29:08,780 DEBUG [LineInfo_to_exitCode.log_LineInfo] 2025-07-04 13:29:08,776 [INFO] ThirdParty:977 - CMSIS Pack Vendor :STMicroelectronics ThreadX 0.0.2
2025-07-04 13:29:08,780 DEBUG [LineInfo_to_exitCode.log_LineInfo] 2025-07-04 13:29:08,776 [INFO] ThirdParty:977 - CMSIS Pack Vendor :WES I-CUBE-Cesium 1.3.0
2025-07-04 13:29:08,780 DEBUG [LineInfo_to_exitCode.log_LineInfo] 2025-07-04 13:29:08,776 [INFO] ThirdParty:977 - CMSIS Pack Vendor :STMicroelectronics lwIP 2.1.2
2025-07-04 13:29:08,780 DEBUG [LineInfo_to_exitCode.log_LineInfo] 2025-07-04 13:29:08,776 [INFO] ThirdParty:977 - CMSIS Pack Vendor :STMicroelectronics X-CUBE-SFXS2LP1 4.0.0
2025-07-04 13:29:08,780 DEBUG [LineInfo_to_exitCode.log_LineInfo] 2025-07-04 13:29:08,776 [INFO] ThirdParty:977 - CMSIS Pack Vendor :STMicroelectronics X-CUBE-BLE2 3.3.0
2025-07-04 13:29:08,780 DEBUG [LineInfo_to_exitCode.log_LineInfo] 2025-07-04 13:29:08,776 [INFO] ThirdParty:977 - CMSIS Pack Vendor :STMicroelectronics PDM2PCM 3.2.0
2025-07-04 13:29:08,780 DEBUG [LineInfo_to_exitCode.log_LineInfo] 2025-07-04 13:29:08,777 [INFO] ThirdParty:793 - exiting critical section [change project]
2025-07-04 13:29:09,295 DEBUG [LineInfo_to_exitCode.log_LineInfo] 2025-07-04 13:29:09,295 [INFO] PinOutPanel:1463 - setPackage(No Configuration,No Configuration)
2025-07-04 13:29:09,298 DEBUG [LineInfo_to_exitCode.log_LineInfo] 2025-07-04 13:29:09,297 [INFO] PinOutPanel:1463 - setPackage(STM32G431CBUx,UFQFPN48)
2025-07-04 13:29:09,849 DEBUG [LineInfo_to_exitCode.log_LineInfo] 2025-07-04 13:29:09,848 [INFO] UtilMem:74 - Before build in PCC Used Memory: 542367368 Bytes (742391808)
2025-07-04 13:29:10,751 DEBUG [LineInfo_to_exitCode.log_LineInfo] 2025-07-04 13:29:10,750 [INFO] UtilMem:74 - After build in PCC Used Memory: 431485808 Bytes (742391808)
2025-07-04 13:29:10,885 DEBUG [LineInfo_to_exitCode.log_LineInfo] 2025-07-04 13:29:10,885 [INFO] ApiDbMcu:488 - Load IP Config File for MotorControl
2025-07-04 13:29:10,932 DEBUG [LineInfo_to_exitCode.log_LineInfo] 2025-07-04 13:29:10,931 [INFO] IPUIPlugin:74 - create IPUIPlugin
2025-07-04 13:29:10,933 DEBUG [LineInfo_to_exitCode.log_LineInfo] 2025-07-04 13:29:10,932 [INFO] IPUIPlugin:74 - create IPUIPlugin
2025-07-04 13:29:10,933 DEBUG [LineInfo_to_exitCode.log_LineInfo] 2025-07-04 13:29:10,932 [INFO] IPUIPlugin:74 - create IPUIPlugin
2025-07-04 13:29:10,933 DEBUG [LineInfo_to_exitCode.log_LineInfo] 2025-07-04 13:29:10,932 [INFO] IPUIPlugin:74 - create IPUIPlugin
2025-07-04 13:29:10,933 DEBUG [LineInfo_to_exitCode.log_LineInfo] 2025-07-04 13:29:10,933 [INFO] IPUIPlugin:74 - create IPUIPlugin
2025-07-04 13:29:10,934 DEBUG [LineInfo_to_exitCode.log_LineInfo] 2025-07-04 13:29:10,933 [INFO] IPUIPlugin:74 - create IPUIPlugin
2025-07-04 13:29:10,934 DEBUG [LineInfo_to_exitCode.log_LineInfo] 2025-07-04 13:29:10,933 [INFO] IPUIPlugin:74 - create IPUIPlugin
2025-07-04 13:29:10,934 DEBUG [LineInfo_to_exitCode.log_LineInfo] 2025-07-04 13:29:10,934 [INFO] IPUIPlugin:74 - create IPUIPlugin
2025-07-04 13:29:10,935 DEBUG [LineInfo_to_exitCode.log_LineInfo] 2025-07-04 13:29:10,934 [INFO] IPUIPlugin:74 - create IPUIPlugin
2025-07-04 13:29:10,935 DEBUG [LineInfo_to_exitCode.log_LineInfo] 2025-07-04 13:29:10,935 [INFO] IPUIPlugin:74 - create IPUIPlugin
2025-07-04 13:29:10,935 DEBUG [LineInfo_to_exitCode.log_LineInfo] 2025-07-04 13:29:10,935 [INFO] IPUIPlugin:74 - create IPUIPlugin
2025-07-04 13:29:10,935 DEBUG [LineInfo_to_exitCode.log_LineInfo] 2025-07-04 13:29:10,935 [INFO] IPUIPlugin:74 - create IPUIPlugin
2025-07-04 13:29:10,936 DEBUG [LineInfo_to_exitCode.log_LineInfo] 2025-07-04 13:29:10,935 [INFO] IPUIPlugin:74 - create IPUIPlugin
2025-07-04 13:29:10,936 DEBUG [LineInfo_to_exitCode.log_LineInfo] 2025-07-04 13:29:10,936 [INFO] IPUIPlugin:74 - create IPUIPlugin
2025-07-04 13:29:10,936 DEBUG [LineInfo_to_exitCode.log_LineInfo] 2025-07-04 13:29:10,936 [INFO] IPUIPlugin:74 - create IPUIPlugin
2025-07-04 13:29:10,936 DEBUG [LineInfo_to_exitCode.log_LineInfo] 2025-07-04 13:29:10,936 [INFO] IPUIPlugin:74 - create IPUIPlugin
2025-07-04 13:29:10,938 DEBUG [LineInfo_to_exitCode.log_LineInfo] 2025-07-04 13:29:10,936 [INFO] IPUIPlugin:74 - create IPUIPlugin
2025-07-04 13:29:10,938 DEBUG [LineInfo_to_exitCode.log_LineInfo] 2025-07-04 13:29:10,938 [INFO] IPUIPlugin:74 - create IPUIPlugin
2025-07-04 13:29:10,938 DEBUG [LineInfo_to_exitCode.log_LineInfo] 2025-07-04 13:29:10,938 [INFO] IPUIPlugin:74 - create IPUIPlugin
2025-07-04 13:29:10,939 DEBUG [LineInfo_to_exitCode.log_LineInfo] 2025-07-04 13:29:10,938 [INFO] IPUIPlugin:74 - create IPUIPlugin
2025-07-04 13:29:10,939 DEBUG [LineInfo_to_exitCode.log_LineInfo] 2025-07-04 13:29:10,939 [INFO] IPUIPlugin:74 - create IPUIPlugin
2025-07-04 13:29:10,939 DEBUG [LineInfo_to_exitCode.log_LineInfo] 2025-07-04 13:29:10,939 [INFO] IPUIPlugin:74 - create IPUIPlugin
2025-07-04 13:29:10,941 DEBUG [LineInfo_to_exitCode.log_LineInfo] 2025-07-04 13:29:10,939 [INFO] IPUIPlugin:74 - create IPUIPlugin
2025-07-04 13:29:10,941 DEBUG [LineInfo_to_exitCode.log_LineInfo] 2025-07-04 13:29:10,940 [INFO] IPUIPlugin:74 - create IPUIPlugin
2025-07-04 13:29:10,942 DEBUG [LineInfo_to_exitCode.log_LineInfo] 2025-07-04 13:29:10,940 [INFO] IPUIPlugin:74 - create IPUIPlugin
2025-07-04 13:29:10,942 DEBUG [LineInfo_to_exitCode.log_LineInfo] 2025-07-04 13:29:10,941 [INFO] IPUIPlugin:74 - create IPUIPlugin
2025-07-04 13:29:10,942 DEBUG [LineInfo_to_exitCode.log_LineInfo] 2025-07-04 13:29:10,941 [INFO] IPUIPlugin:74 - create IPUIPlugin
2025-07-04 13:29:10,942 DEBUG [LineInfo_to_exitCode.log_LineInfo] 2025-07-04 13:29:10,942 [INFO] IPUIPlugin:74 - create IPUIPlugin
2025-07-04 13:29:10,942 DEBUG [LineInfo_to_exitCode.log_LineInfo] 2025-07-04 13:29:10,942 [INFO] IPUIPlugin:74 - create IPUIPlugin
2025-07-04 13:29:10,942 DEBUG [LineInfo_to_exitCode.log_LineInfo] 2025-07-04 13:29:10,942 [INFO] IPUIPlugin:74 - create IPUIPlugin
2025-07-04 13:29:10,943 DEBUG [LineInfo_to_exitCode.log_LineInfo] 2025-07-04 13:29:10,943 [INFO] IPUIPlugin:74 - create IPUIPlugin
2025-07-04 13:29:10,943 DEBUG [LineInfo_to_exitCode.log_LineInfo] 2025-07-04 13:29:10,943 [INFO] IPUIPlugin:74 - create IPUIPlugin
2025-07-04 13:29:10,943 DEBUG [LineInfo_to_exitCode.log_LineInfo] 2025-07-04 13:29:10,943 [INFO] IPUIPlugin:74 - create IPUIPlugin
2025-07-04 13:29:10,944 DEBUG [LineInfo_to_exitCode.log_LineInfo] 2025-07-04 13:29:10,943 [INFO] IPUIPlugin:74 - create IPUIPlugin
2025-07-04 13:29:10,944 DEBUG [LineInfo_to_exitCode.log_LineInfo] 2025-07-04 13:29:10,944 [INFO] IPUIPlugin:74 - create IPUIPlugin
2025-07-04 13:29:10,944 DEBUG [LineInfo_to_exitCode.log_LineInfo] 2025-07-04 13:29:10,944 [INFO] IPUIPlugin:74 - create IPUIPlugin
2025-07-04 13:29:10,944 DEBUG [LineInfo_to_exitCode.log_LineInfo] 2025-07-04 13:29:10,944 [INFO] IPUIPlugin:74 - create IPUIPlugin
2025-07-04 13:29:10,945 DEBUG [LineInfo_to_exitCode.log_LineInfo] 2025-07-04 13:29:10,944 [INFO] IPUIPlugin:74 - create IPUIPlugin
2025-07-04 13:29:10,947 DEBUG [LineInfo_to_exitCode.log_LineInfo] 2025-07-04 13:29:10,946 [INFO] IPUIPlugin:74 - create IPUIPlugin
2025-07-04 13:29:10,947 DEBUG [LineInfo_to_exitCode.log_LineInfo] 2025-07-04 13:29:10,946 [INFO] IPUIPlugin:74 - create IPUIPlugin
2025-07-04 13:29:10,947 DEBUG [LineInfo_to_exitCode.log_LineInfo] 2025-07-04 13:29:10,947 [INFO] IPUIPlugin:74 - create IPUIPlugin
2025-07-04 13:29:10,947 DEBUG [LineInfo_to_exitCode.log_LineInfo] 2025-07-04 13:29:10,947 [INFO] IPUIPlugin:74 - create IPUIPlugin
2025-07-04 13:29:10,948 DEBUG [LineInfo_to_exitCode.log_LineInfo] 2025-07-04 13:29:10,947 [INFO] IPUIPlugin:74 - create IPUIPlugin
2025-07-04 13:29:10,948 DEBUG [LineInfo_to_exitCode.log_LineInfo] 2025-07-04 13:29:10,948 [INFO] IPUIPlugin:74 - create IPUIPlugin
2025-07-04 13:29:10,948 DEBUG [LineInfo_to_exitCode.log_LineInfo] 2025-07-04 13:29:10,948 [INFO] IPUIPlugin:74 - create IPUIPlugin
2025-07-04 13:29:10,949 DEBUG [LineInfo_to_exitCode.log_LineInfo] 2025-07-04 13:29:10,948 [INFO] IPUIPlugin:74 - create IPUIPlugin
2025-07-04 13:29:10,949 DEBUG [LineInfo_to_exitCode.log_LineInfo] 2025-07-04 13:29:10,949 [INFO] IPUIPlugin:74 - create IPUIPlugin
2025-07-04 13:29:10,950 DEBUG [LineInfo_to_exitCode.log_LineInfo] 2025-07-04 13:29:10,949 [INFO] IPUIPlugin:74 - create IPUIPlugin
2025-07-04 13:29:10,950 DEBUG [LineInfo_to_exitCode.log_LineInfo] 2025-07-04 13:29:10,950 [INFO] IPUIPlugin:74 - create IPUIPlugin
2025-07-04 13:29:10,950 DEBUG [LineInfo_to_exitCode.log_LineInfo] 2025-07-04 13:29:10,950 [INFO] IPUIPlugin:74 - create IPUIPlugin
2025-07-04 13:29:10,951 DEBUG [LineInfo_to_exitCode.log_LineInfo] 2025-07-04 13:29:10,951 [INFO] IPUIPlugin:74 - create IPUIPlugin
2025-07-04 13:29:10,951 DEBUG [LineInfo_to_exitCode.log_LineInfo] 2025-07-04 13:29:10,951 [INFO] IPUIPlugin:74 - create IPUIPlugin
2025-07-04 13:29:10,952 DEBUG [LineInfo_to_exitCode.log_LineInfo] 2025-07-04 13:29:10,952 [INFO] IPUIPlugin:74 - create IPUIPlugin
2025-07-04 13:29:10,953 DEBUG [LineInfo_to_exitCode.log_LineInfo] 2025-07-04 13:29:10,952 [INFO] IPUIPlugin:74 - create IPUIPlugin
2025-07-04 13:29:10,953 DEBUG [LineInfo_to_exitCode.log_LineInfo] 2025-07-04 13:29:10,953 [INFO] IPUIPlugin:74 - create IPUIPlugin
2025-07-04 13:29:10,954 DEBUG [LineInfo_to_exitCode.log_LineInfo] 2025-07-04 13:29:10,954 [INFO] IPUIPlugin:74 - create IPUIPlugin
2025-07-04 13:29:10,955 DEBUG [LineInfo_to_exitCode.log_LineInfo] 2025-07-04 13:29:10,954 [INFO] IPUIPlugin:74 - create IPUIPlugin
2025-07-04 13:29:10,955 DEBUG [LineInfo_to_exitCode.log_LineInfo] 2025-07-04 13:29:10,955 [INFO] IPUIPlugin:74 - create IPUIPlugin
2025-07-04 13:29:11,761 DEBUG [LineInfo_to_exitCode.log_LineInfo] 2025-07-04 13:29:11,760 [INFO] OpenFileManager:333 - Restore cursor
2025-07-04 13:29:12,302 DEBUG [LineInfo_to_exitCode.log_LineInfo] 2025-07-04 13:29:12,301 [INFO] UtilMem:74 - End SaveConfig() Used Memory: 288352168 Bytes (742391808)
2025-07-04 13:29:13,028 DEBUG [LineInfo_to_exitCode.log_LineInfo] 2025-07-04 13:29:13,028 [INFO] BlockDiagram:2740 - set Specific Code input for plugin: MotorControl
2025-07-04 13:29:13,028 DEBUG [LineInfo_to_exitCode.log_LineInfo] 2025-07-04 13:29:13,028 [INFO] BlockDiagram:2740 - set Specific Code input for plugin: TIM1_8G4
2025-07-04 13:29:13,029 DEBUG [LineInfo_to_exitCode.log_LineInfo] 2025-07-04 13:29:13,028 [INFO] BlockDiagram:2740 - set Specific Code input for plugin: OPAMP
2025-07-04 13:29:13,029 DEBUG [LineInfo_to_exitCode.log_LineInfo] 2025-07-04 13:29:13,028 [INFO] BlockDiagram:2740 - set Specific Code input for plugin: ADC
2025-07-04 13:29:13,029 DEBUG [LineInfo_to_exitCode.log_LineInfo] 2025-07-04 13:29:13,028 [INFO] BlockDiagram:2740 - set Specific Code input for plugin: SYS
2025-07-04 13:29:13,029 DEBUG [LineInfo_to_exitCode.log_LineInfo] 2025-07-04 13:29:13,028 [INFO] BlockDiagram:2740 - set Specific Code input for plugin: ADC
2025-07-04 13:29:13,029 DEBUG [LineInfo_to_exitCode.log_LineInfo] 2025-07-04 13:29:13,029 [INFO] BlockDiagram:2740 - set Specific Code input for plugin: RCC
2025-07-04 13:29:13,029 DEBUG [LineInfo_to_exitCode.log_LineInfo] 2025-07-04 13:29:13,029 [INFO] BlockDiagram:2740 - set Specific Code input for plugin: OPAMP
2025-07-04 13:29:13,029 DEBUG [LineInfo_to_exitCode.log_LineInfo] 2025-07-04 13:29:13,029 [INFO] BlockDiagram:2740 - set Specific Code input for plugin: OPAMP
2025-07-04 13:29:13,029 DEBUG [LineInfo_to_exitCode.log_LineInfo] 2025-07-04 13:29:13,029 [INFO] BlockDiagram:2740 - set Specific Code input for plugin: NVIC
2025-07-04 13:29:13,029 DEBUG [LineInfo_to_exitCode.log_LineInfo] 2025-07-04 13:29:13,029 [INFO] BlockDiagram:2740 - set Specific Code input for plugin: USART
2025-07-04 13:29:13,030 DEBUG [LineInfo_to_exitCode.log_LineInfo] 2025-07-04 13:29:13,029 [INFO] BlockDiagram:2740 - set Specific Code input for plugin: DMA
2025-07-04 13:29:13,030 DEBUG [LineInfo_to_exitCode.log_LineInfo] 2025-07-04 13:29:13,029 [INFO] BlockDiagram:2740 - set Specific Code input for plugin: CORDIC
2025-07-04 13:29:13,030 DEBUG [LineInfo_to_exitCode.log_LineInfo] 2025-07-04 13:29:13,030 [INFO] BlockDiagram:2740 - set Specific Code input for plugin: GPIO
2025-07-04 13:29:13,033 DEBUG [LineInfo_to_exitCode.log_LineInfo] 2025-07-04 13:29:13,033 [INFO] CodeGenerator:663 - code generatio: config db path: C:\Program Files\STMicroelectronics\STM32Cube\STM32CubeMX\\db\
2025-07-04 13:29:13,500 DEBUG [LineInfo_to_exitCode.log_LineInfo] 2025-07-04 13:29:13,500 [INFO] CodeEngine:239 - oldGeneratedFile, D:\Comrado\ESC_BMS_Project\ALL DOCS\ALL DOCS\ESC\STM_B_G431_ESC\Comarado_ESC_v2\MXTmpFiles\license.tmp_save
2025-07-04 13:29:13,911 DEBUG [LineInfo_to_exitCode.log_LineInfo] 2025-07-04 13:29:13,910 [INFO] CodeEngine:257 - Generated code: D:\Comrado\ESC_BMS_Project\ALL DOCS\ALL DOCS\ESC\STM_B_G431_ESC\Comarado_ESC_v2\MXTmpFiles\license.tmp
2025-07-04 13:29:14,060 DEBUG [LineInfo_to_exitCode.log_LineInfo] 2025-07-04 13:29:14,060 [INFO] CodeEngine:239 - oldGeneratedFile, D:\Comrado\ESC_BMS_Project\ALL DOCS\ALL DOCS\ESC\STM_B_G431_ESC\Comarado_ESC_v2\MXTmpFiles\gpio.tmp_save
2025-07-04 13:29:14,195 DEBUG [LineInfo_to_exitCode.log_LineInfo] 2025-07-04 13:29:14,193 [INFO] CodeEngine:257 - Generated code: D:\Comrado\ESC_BMS_Project\ALL DOCS\ALL DOCS\ESC\STM_B_G431_ESC\Comarado_ESC_v2\MXTmpFiles\gpio.tmp
2025-07-04 13:29:15,505 DEBUG [LineInfo_to_exitCode.log_LineInfo] 2025-07-04 13:29:15,504 [INFO] Middleware:1388 - No code input for Bsp Dependency
2025-07-04 13:29:15,651 DEBUG [LineInfo_to_exitCode.log_LineInfo] 2025-07-04 13:29:15,651 [INFO] CodeEngine:239 - oldGeneratedFile, D:\Comrado\ESC_BMS_Project\ALL DOCS\ALL DOCS\ESC\STM_B_G431_ESC\Comarado_ESC_v2\MXTmpFiles\dma.tmp_save
2025-07-04 13:29:15,732 DEBUG [LineInfo_to_exitCode.log_LineInfo] 2025-07-04 13:29:15,731 [INFO] CodeEngine:257 - Generated code: D:\Comrado\ESC_BMS_Project\ALL DOCS\ALL DOCS\ESC\STM_B_G431_ESC\Comarado_ESC_v2\MXTmpFiles\dma.tmp
2025-07-04 13:29:15,737 DEBUG [LineInfo_to_exitCode.log_LineInfo] 2025-07-04 13:29:15,736 [INFO] CodeEngine:239 - oldGeneratedFile, D:\Comrado\ESC_BMS_Project\ALL DOCS\ALL DOCS\ESC\STM_B_G431_ESC\Comarado_ESC_v2\MXTmpFiles\dma_GV.tmp_save
2025-07-04 13:29:15,824 DEBUG [LineInfo_to_exitCode.log_LineInfo] 2025-07-04 13:29:15,823 [INFO] CodeEngine:257 - Generated code: D:\Comrado\ESC_BMS_Project\ALL DOCS\ALL DOCS\ESC\STM_B_G431_ESC\Comarado_ESC_v2\MXTmpFiles\dma_GV.tmp
2025-07-04 13:29:15,991 DEBUG [LineInfo_to_exitCode.log_LineInfo] 2025-07-04 13:29:15,991 [INFO] Middleware:1388 - No code input for Bsp Dependency
2025-07-04 13:29:16,044 DEBUG [LineInfo_to_exitCode.log_LineInfo] 2025-07-04 13:29:16,044 [INFO] CodeEngine:239 - oldGeneratedFile, D:\Comrado\ESC_BMS_Project\ALL DOCS\ALL DOCS\ESC\STM_B_G431_ESC\Comarado_ESC_v2\Src\motorcontrol.c_save
2025-07-04 13:29:16,108 INFO  [LineInfo_to_exitCode.log_LineInfo] Generated code: D:\Comrado\ESC_BMS_Project\ALL DOCS\ALL DOCS\ESC\STM_B_G431_ESC\Comarado_ESC_v2\Src\motorcontrol.c
2025-07-04 13:29:16,113 DEBUG [LineInfo_to_exitCode.log_LineInfo] 2025-07-04 13:29:16,112 [INFO] CodeEngine:239 - oldGeneratedFile, D:\Comrado\ESC_BMS_Project\ALL DOCS\ALL DOCS\ESC\STM_B_G431_ESC\Comarado_ESC_v2\Inc\motorcontrol.h_save
2025-07-04 13:29:16,177 INFO  [LineInfo_to_exitCode.log_LineInfo] Generated code: D:\Comrado\ESC_BMS_Project\ALL DOCS\ALL DOCS\ESC\STM_B_G431_ESC\Comarado_ESC_v2\Inc\motorcontrol.h
2025-07-04 13:29:16,184 DEBUG [LineInfo_to_exitCode.log_LineInfo] 2025-07-04 13:29:16,180 [INFO] CodeEngine:239 - oldGeneratedFile, D:\Comrado\ESC_BMS_Project\ALL DOCS\ALL DOCS\ESC\STM_B_G431_ESC\Comarado_ESC_v2\Inc\drive_parameters.h_save
2025-07-04 13:29:16,314 INFO  [LineInfo_to_exitCode.log_LineInfo] Generated code: D:\Comrado\ESC_BMS_Project\ALL DOCS\ALL DOCS\ESC\STM_B_G431_ESC\Comarado_ESC_v2\Inc\drive_parameters.h
2025-07-04 13:29:16,318 DEBUG [LineInfo_to_exitCode.log_LineInfo] 2025-07-04 13:29:16,317 [INFO] CodeEngine:239 - oldGeneratedFile, D:\Comrado\ESC_BMS_Project\ALL DOCS\ALL DOCS\ESC\STM_B_G431_ESC\Comarado_ESC_v2\Inc\mc_type.h_save
2025-07-04 13:29:16,388 INFO  [LineInfo_to_exitCode.log_LineInfo] Generated code: D:\Comrado\ESC_BMS_Project\ALL DOCS\ALL DOCS\ESC\STM_B_G431_ESC\Comarado_ESC_v2\Inc\mc_type.h
2025-07-04 13:29:16,392 DEBUG [LineInfo_to_exitCode.log_LineInfo] 2025-07-04 13:29:16,392 [INFO] CodeEngine:239 - oldGeneratedFile, D:\Comrado\ESC_BMS_Project\ALL DOCS\ALL DOCS\ESC\STM_B_G431_ESC\Comarado_ESC_v2\Inc\mc_tasks.h_save
2025-07-04 13:29:16,476 INFO  [LineInfo_to_exitCode.log_LineInfo] Generated code: D:\Comrado\ESC_BMS_Project\ALL DOCS\ALL DOCS\ESC\STM_B_G431_ESC\Comarado_ESC_v2\Inc\mc_tasks.h
2025-07-04 13:29:16,482 DEBUG [LineInfo_to_exitCode.log_LineInfo] 2025-07-04 13:29:16,481 [INFO] CodeEngine:239 - oldGeneratedFile, D:\Comrado\ESC_BMS_Project\ALL DOCS\ALL DOCS\ESC\STM_B_G431_ESC\Comarado_ESC_v2\Src\pwm_common.c_save
2025-07-04 13:29:16,577 INFO  [LineInfo_to_exitCode.log_LineInfo] Generated code: D:\Comrado\ESC_BMS_Project\ALL DOCS\ALL DOCS\ESC\STM_B_G431_ESC\Comarado_ESC_v2\Src\pwm_common.c
2025-07-04 13:29:16,582 DEBUG [LineInfo_to_exitCode.log_LineInfo] 2025-07-04 13:29:16,581 [INFO] CodeEngine:239 - oldGeneratedFile, D:\Comrado\ESC_BMS_Project\ALL DOCS\ALL DOCS\ESC\STM_B_G431_ESC\Comarado_ESC_v2\Inc\pwm_common.h_save
2025-07-04 13:29:16,661 INFO  [LineInfo_to_exitCode.log_LineInfo] Generated code: D:\Comrado\ESC_BMS_Project\ALL DOCS\ALL DOCS\ESC\STM_B_G431_ESC\Comarado_ESC_v2\Inc\pwm_common.h
2025-07-04 13:29:16,667 DEBUG [LineInfo_to_exitCode.log_LineInfo] 2025-07-04 13:29:16,666 [INFO] CodeEngine:239 - oldGeneratedFile, D:\Comrado\ESC_BMS_Project\ALL DOCS\ALL DOCS\ESC\STM_B_G431_ESC\Comarado_ESC_v2\Src\mc_api.c_save
2025-07-04 13:29:16,782 INFO  [LineInfo_to_exitCode.log_LineInfo] Generated code: D:\Comrado\ESC_BMS_Project\ALL DOCS\ALL DOCS\ESC\STM_B_G431_ESC\Comarado_ESC_v2\Src\mc_api.c
2025-07-04 13:29:16,786 DEBUG [LineInfo_to_exitCode.log_LineInfo] 2025-07-04 13:29:16,786 [INFO] CodeEngine:239 - oldGeneratedFile, D:\Comrado\ESC_BMS_Project\ALL DOCS\ALL DOCS\ESC\STM_B_G431_ESC\Comarado_ESC_v2\Inc\mc_api.h_save
2025-07-04 13:29:16,858 INFO  [LineInfo_to_exitCode.log_LineInfo] Generated code: D:\Comrado\ESC_BMS_Project\ALL DOCS\ALL DOCS\ESC\STM_B_G431_ESC\Comarado_ESC_v2\Inc\mc_api.h
2025-07-04 13:29:16,864 DEBUG [LineInfo_to_exitCode.log_LineInfo] 2025-07-04 13:29:16,864 [INFO] CodeEngine:239 - oldGeneratedFile, D:\Comrado\ESC_BMS_Project\ALL DOCS\ALL DOCS\ESC\STM_B_G431_ESC\Comarado_ESC_v2\Src\mc_config.c_save
2025-07-04 13:29:16,966 INFO  [LineInfo_to_exitCode.log_LineInfo] Generated code: D:\Comrado\ESC_BMS_Project\ALL DOCS\ALL DOCS\ESC\STM_B_G431_ESC\Comarado_ESC_v2\Src\mc_config.c
2025-07-04 13:29:16,969 DEBUG [LineInfo_to_exitCode.log_LineInfo] 2025-07-04 13:29:16,969 [INFO] CodeEngine:239 - oldGeneratedFile, D:\Comrado\ESC_BMS_Project\ALL DOCS\ALL DOCS\ESC\STM_B_G431_ESC\Comarado_ESC_v2\Src\mc_config_common.c_save
2025-07-04 13:29:17,039 INFO  [LineInfo_to_exitCode.log_LineInfo] Generated code: D:\Comrado\ESC_BMS_Project\ALL DOCS\ALL DOCS\ESC\STM_B_G431_ESC\Comarado_ESC_v2\Src\mc_config_common.c
2025-07-04 13:29:17,044 DEBUG [LineInfo_to_exitCode.log_LineInfo] 2025-07-04 13:29:17,044 [INFO] CodeEngine:239 - oldGeneratedFile, D:\Comrado\ESC_BMS_Project\ALL DOCS\ALL DOCS\ESC\STM_B_G431_ESC\Comarado_ESC_v2\Inc\mc_config.h_save
2025-07-04 13:29:17,106 INFO  [LineInfo_to_exitCode.log_LineInfo] Generated code: D:\Comrado\ESC_BMS_Project\ALL DOCS\ALL DOCS\ESC\STM_B_G431_ESC\Comarado_ESC_v2\Inc\mc_config.h
2025-07-04 13:29:17,110 DEBUG [LineInfo_to_exitCode.log_LineInfo] 2025-07-04 13:29:17,110 [INFO] CodeEngine:239 - oldGeneratedFile, D:\Comrado\ESC_BMS_Project\ALL DOCS\ALL DOCS\ESC\STM_B_G431_ESC\Comarado_ESC_v2\Inc\mc_config_common.h_save
2025-07-04 13:29:17,160 INFO  [LineInfo_to_exitCode.log_LineInfo] Generated code: D:\Comrado\ESC_BMS_Project\ALL DOCS\ALL DOCS\ESC\STM_B_G431_ESC\Comarado_ESC_v2\Inc\mc_config_common.h
2025-07-04 13:29:17,165 DEBUG [LineInfo_to_exitCode.log_LineInfo] 2025-07-04 13:29:17,165 [INFO] CodeEngine:239 - oldGeneratedFile, D:\Comrado\ESC_BMS_Project\ALL DOCS\ALL DOCS\ESC\STM_B_G431_ESC\Comarado_ESC_v2\Inc\mcp_config.h_save
2025-07-04 13:29:17,229 INFO  [LineInfo_to_exitCode.log_LineInfo] Generated code: D:\Comrado\ESC_BMS_Project\ALL DOCS\ALL DOCS\ESC\STM_B_G431_ESC\Comarado_ESC_v2\Inc\mcp_config.h
2025-07-04 13:29:17,234 DEBUG [LineInfo_to_exitCode.log_LineInfo] 2025-07-04 13:29:17,234 [INFO] CodeEngine:239 - oldGeneratedFile, D:\Comrado\ESC_BMS_Project\ALL DOCS\ALL DOCS\ESC\STM_B_G431_ESC\Comarado_ESC_v2\Src\mcp_config.c_save
2025-07-04 13:29:17,292 INFO  [LineInfo_to_exitCode.log_LineInfo] Generated code: D:\Comrado\ESC_BMS_Project\ALL DOCS\ALL DOCS\ESC\STM_B_G431_ESC\Comarado_ESC_v2\Src\mcp_config.c
2025-07-04 13:29:17,297 DEBUG [LineInfo_to_exitCode.log_LineInfo] 2025-07-04 13:29:17,297 [INFO] CodeEngine:239 - oldGeneratedFile, D:\Comrado\ESC_BMS_Project\ALL DOCS\ALL DOCS\ESC\STM_B_G431_ESC\Comarado_ESC_v2\Inc\mc_stm_types.h_save
2025-07-04 13:29:17,366 INFO  [LineInfo_to_exitCode.log_LineInfo] Generated code: D:\Comrado\ESC_BMS_Project\ALL DOCS\ALL DOCS\ESC\STM_B_G431_ESC\Comarado_ESC_v2\Inc\mc_stm_types.h
2025-07-04 13:29:17,369 DEBUG [LineInfo_to_exitCode.log_LineInfo] 2025-07-04 13:29:17,369 [INFO] CodeEngine:239 - oldGeneratedFile, D:\Comrado\ESC_BMS_Project\ALL DOCS\ALL DOCS\ESC\STM_B_G431_ESC\Comarado_ESC_v2\Src\mc_tasks.c_save
2025-07-04 13:29:17,467 INFO  [LineInfo_to_exitCode.log_LineInfo] Generated code: D:\Comrado\ESC_BMS_Project\ALL DOCS\ALL DOCS\ESC\STM_B_G431_ESC\Comarado_ESC_v2\Src\mc_tasks.c
2025-07-04 13:29:17,471 DEBUG [LineInfo_to_exitCode.log_LineInfo] 2025-07-04 13:29:17,471 [INFO] CodeEngine:239 - oldGeneratedFile, D:\Comrado\ESC_BMS_Project\ALL DOCS\ALL DOCS\ESC\STM_B_G431_ESC\Comarado_ESC_v2\Src\mc_tasks_foc.c_save
2025-07-04 13:29:17,587 INFO  [LineInfo_to_exitCode.log_LineInfo] Generated code: D:\Comrado\ESC_BMS_Project\ALL DOCS\ALL DOCS\ESC\STM_B_G431_ESC\Comarado_ESC_v2\Src\mc_tasks_foc.c
2025-07-04 13:29:17,591 DEBUG [LineInfo_to_exitCode.log_LineInfo] 2025-07-04 13:29:17,591 [INFO] CodeEngine:239 - oldGeneratedFile, D:\Comrado\ESC_BMS_Project\ALL DOCS\ALL DOCS\ESC\STM_B_G431_ESC\Comarado_ESC_v2\Src\pwm_curr_fdbk.c_save
2025-07-04 13:29:17,647 INFO  [LineInfo_to_exitCode.log_LineInfo] Generated code: D:\Comrado\ESC_BMS_Project\ALL DOCS\ALL DOCS\ESC\STM_B_G431_ESC\Comarado_ESC_v2\Src\pwm_curr_fdbk.c
2025-07-04 13:29:17,653 DEBUG [LineInfo_to_exitCode.log_LineInfo] 2025-07-04 13:29:17,652 [INFO] CodeEngine:239 - oldGeneratedFile, D:\Comrado\ESC_BMS_Project\ALL DOCS\ALL DOCS\ESC\STM_B_G431_ESC\Comarado_ESC_v2\Inc\pwm_curr_fdbk.h_save
2025-07-04 13:29:17,710 INFO  [LineInfo_to_exitCode.log_LineInfo] Generated code: D:\Comrado\ESC_BMS_Project\ALL DOCS\ALL DOCS\ESC\STM_B_G431_ESC\Comarado_ESC_v2\Inc\pwm_curr_fdbk.h
2025-07-04 13:29:17,713 DEBUG [LineInfo_to_exitCode.log_LineInfo] 2025-07-04 13:29:17,713 [INFO] CodeEngine:239 - oldGeneratedFile, D:\Comrado\ESC_BMS_Project\ALL DOCS\ALL DOCS\ESC\STM_B_G431_ESC\Comarado_ESC_v2\Src\regular_conversion_manager.c_save
2025-07-04 13:29:17,775 INFO  [LineInfo_to_exitCode.log_LineInfo] Generated code: D:\Comrado\ESC_BMS_Project\ALL DOCS\ALL DOCS\ESC\STM_B_G431_ESC\Comarado_ESC_v2\Src\regular_conversion_manager.c
2025-07-04 13:29:17,778 DEBUG [LineInfo_to_exitCode.log_LineInfo] 2025-07-04 13:29:17,778 [INFO] CodeEngine:239 - oldGeneratedFile, D:\Comrado\ESC_BMS_Project\ALL DOCS\ALL DOCS\ESC\STM_B_G431_ESC\Comarado_ESC_v2\Inc\regular_conversion_manager.h_save
2025-07-04 13:29:17,828 INFO  [LineInfo_to_exitCode.log_LineInfo] Generated code: D:\Comrado\ESC_BMS_Project\ALL DOCS\ALL DOCS\ESC\STM_B_G431_ESC\Comarado_ESC_v2\Inc\regular_conversion_manager.h
2025-07-04 13:29:17,833 DEBUG [LineInfo_to_exitCode.log_LineInfo] 2025-07-04 13:29:17,833 [INFO] CodeEngine:239 - oldGeneratedFile, D:\Comrado\ESC_BMS_Project\ALL DOCS\ALL DOCS\ESC\STM_B_G431_ESC\Comarado_ESC_v2\Src\mc_math.c_save
2025-07-04 13:29:17,893 INFO  [LineInfo_to_exitCode.log_LineInfo] Generated code: D:\Comrado\ESC_BMS_Project\ALL DOCS\ALL DOCS\ESC\STM_B_G431_ESC\Comarado_ESC_v2\Src\mc_math.c
2025-07-04 13:29:17,897 DEBUG [LineInfo_to_exitCode.log_LineInfo] 2025-07-04 13:29:17,896 [INFO] CodeEngine:239 - oldGeneratedFile, D:\Comrado\ESC_BMS_Project\ALL DOCS\ALL DOCS\ESC\STM_B_G431_ESC\Comarado_ESC_v2\Inc\mc_math.h_save
2025-07-04 13:29:17,969 INFO  [LineInfo_to_exitCode.log_LineInfo] Generated code: D:\Comrado\ESC_BMS_Project\ALL DOCS\ALL DOCS\ESC\STM_B_G431_ESC\Comarado_ESC_v2\Inc\mc_math.h
2025-07-04 13:29:17,974 DEBUG [LineInfo_to_exitCode.log_LineInfo] 2025-07-04 13:29:17,973 [INFO] CodeEngine:239 - oldGeneratedFile, D:\Comrado\ESC_BMS_Project\ALL DOCS\ALL DOCS\ESC\STM_B_G431_ESC\Comarado_ESC_v2\Src\mc_interface.c_save
2025-07-04 13:29:18,055 INFO  [LineInfo_to_exitCode.log_LineInfo] Generated code: D:\Comrado\ESC_BMS_Project\ALL DOCS\ALL DOCS\ESC\STM_B_G431_ESC\Comarado_ESC_v2\Src\mc_interface.c
2025-07-04 13:29:18,059 DEBUG [LineInfo_to_exitCode.log_LineInfo] 2025-07-04 13:29:18,059 [INFO] CodeEngine:239 - oldGeneratedFile, D:\Comrado\ESC_BMS_Project\ALL DOCS\ALL DOCS\ESC\STM_B_G431_ESC\Comarado_ESC_v2\Inc\mc_interface.h_save
2025-07-04 13:29:18,113 INFO  [LineInfo_to_exitCode.log_LineInfo] Generated code: D:\Comrado\ESC_BMS_Project\ALL DOCS\ALL DOCS\ESC\STM_B_G431_ESC\Comarado_ESC_v2\Inc\mc_interface.h
2025-07-04 13:29:18,117 DEBUG [LineInfo_to_exitCode.log_LineInfo] 2025-07-04 13:29:18,116 [INFO] CodeEngine:239 - oldGeneratedFile, D:\Comrado\ESC_BMS_Project\ALL DOCS\ALL DOCS\ESC\STM_B_G431_ESC\Comarado_ESC_v2\Inc\parameters_conversion.h_save
2025-07-04 13:29:18,206 INFO  [LineInfo_to_exitCode.log_LineInfo] Generated code: D:\Comrado\ESC_BMS_Project\ALL DOCS\ALL DOCS\ESC\STM_B_G431_ESC\Comarado_ESC_v2\Inc\parameters_conversion.h
2025-07-04 13:29:18,210 DEBUG [LineInfo_to_exitCode.log_LineInfo] 2025-07-04 13:29:18,209 [INFO] CodeEngine:239 - oldGeneratedFile, D:\Comrado\ESC_BMS_Project\ALL DOCS\ALL DOCS\ESC\STM_B_G431_ESC\Comarado_ESC_v2\Inc\parameters_conversion_g4xx.h_save
2025-07-04 13:29:18,274 INFO  [LineInfo_to_exitCode.log_LineInfo] Generated code: D:\Comrado\ESC_BMS_Project\ALL DOCS\ALL DOCS\ESC\STM_B_G431_ESC\Comarado_ESC_v2\Inc\parameters_conversion_g4xx.h
2025-07-04 13:29:18,278 DEBUG [LineInfo_to_exitCode.log_LineInfo] 2025-07-04 13:29:18,277 [INFO] CodeEngine:239 - oldGeneratedFile, D:\Comrado\ESC_BMS_Project\ALL DOCS\ALL DOCS\ESC\STM_B_G431_ESC\Comarado_ESC_v2\Inc\pmsm_motor_parameters.h_save
2025-07-04 13:29:18,323 INFO  [LineInfo_to_exitCode.log_LineInfo] Generated code: D:\Comrado\ESC_BMS_Project\ALL DOCS\ALL DOCS\ESC\STM_B_G431_ESC\Comarado_ESC_v2\Inc\pmsm_motor_parameters.h
2025-07-04 13:29:18,326 DEBUG [LineInfo_to_exitCode.log_LineInfo] 2025-07-04 13:29:18,326 [INFO] CodeEngine:239 - oldGeneratedFile, D:\Comrado\ESC_BMS_Project\ALL DOCS\ALL DOCS\ESC\STM_B_G431_ESC\Comarado_ESC_v2\Inc\power_stage_parameters.h_save
2025-07-04 13:29:18,379 INFO  [LineInfo_to_exitCode.log_LineInfo] Generated code: D:\Comrado\ESC_BMS_Project\ALL DOCS\ALL DOCS\ESC\STM_B_G431_ESC\Comarado_ESC_v2\Inc\power_stage_parameters.h
2025-07-04 13:29:18,382 DEBUG [LineInfo_to_exitCode.log_LineInfo] 2025-07-04 13:29:18,382 [INFO] CodeEngine:239 - oldGeneratedFile, D:\Comrado\ESC_BMS_Project\ALL DOCS\ALL DOCS\ESC\STM_B_G431_ESC\Comarado_ESC_v2\Src\stm32_mc_common_it.c_save
2025-07-04 13:29:18,462 INFO  [LineInfo_to_exitCode.log_LineInfo] Generated code: D:\Comrado\ESC_BMS_Project\ALL DOCS\ALL DOCS\ESC\STM_B_G431_ESC\Comarado_ESC_v2\Src\stm32_mc_common_it.c
2025-07-04 13:29:18,468 DEBUG [LineInfo_to_exitCode.log_LineInfo] 2025-07-04 13:29:18,467 [INFO] CodeEngine:239 - oldGeneratedFile, D:\Comrado\ESC_BMS_Project\ALL DOCS\ALL DOCS\ESC\STM_B_G431_ESC\Comarado_ESC_v2\Src\stm32g4xx_mc_it.c_save
2025-07-04 13:29:18,538 INFO  [LineInfo_to_exitCode.log_LineInfo] Generated code: D:\Comrado\ESC_BMS_Project\ALL DOCS\ALL DOCS\ESC\STM_B_G431_ESC\Comarado_ESC_v2\Src\stm32g4xx_mc_it.c
2025-07-04 13:29:18,542 DEBUG [LineInfo_to_exitCode.log_LineInfo] 2025-07-04 13:29:18,542 [INFO] CodeEngine:239 - oldGeneratedFile, D:\Comrado\ESC_BMS_Project\ALL DOCS\ALL DOCS\ESC\STM_B_G431_ESC\Comarado_ESC_v2\Inc\mc_parameters.h_save
2025-07-04 13:29:18,596 INFO  [LineInfo_to_exitCode.log_LineInfo] Generated code: D:\Comrado\ESC_BMS_Project\ALL DOCS\ALL DOCS\ESC\STM_B_G431_ESC\Comarado_ESC_v2\Inc\mc_parameters.h
2025-07-04 13:29:18,600 DEBUG [LineInfo_to_exitCode.log_LineInfo] 2025-07-04 13:29:18,600 [INFO] CodeEngine:239 - oldGeneratedFile, D:\Comrado\ESC_BMS_Project\ALL DOCS\ALL DOCS\ESC\STM_B_G431_ESC\Comarado_ESC_v2\Src\mc_parameters.c_save
2025-07-04 13:29:18,736 INFO  [LineInfo_to_exitCode.log_LineInfo] Generated code: D:\Comrado\ESC_BMS_Project\ALL DOCS\ALL DOCS\ESC\STM_B_G431_ESC\Comarado_ESC_v2\Src\mc_parameters.c
2025-07-04 13:29:18,739 DEBUG [LineInfo_to_exitCode.log_LineInfo] 2025-07-04 13:29:18,739 [INFO] CodeEngine:239 - oldGeneratedFile, D:\Comrado\ESC_BMS_Project\ALL DOCS\ALL DOCS\ESC\STM_B_G431_ESC\Comarado_ESC_v2\Src\register_interface.c_save
2025-07-04 13:29:18,841 INFO  [LineInfo_to_exitCode.log_LineInfo] Generated code: D:\Comrado\ESC_BMS_Project\ALL DOCS\ALL DOCS\ESC\STM_B_G431_ESC\Comarado_ESC_v2\Src\register_interface.c
2025-07-04 13:29:18,846 DEBUG [LineInfo_to_exitCode.log_LineInfo] 2025-07-04 13:29:18,845 [INFO] CodeEngine:239 - oldGeneratedFile, D:\Comrado\ESC_BMS_Project\ALL DOCS\ALL DOCS\ESC\STM_B_G431_ESC\Comarado_ESC_v2\Src\mcp.c_save
2025-07-04 13:29:18,941 INFO  [LineInfo_to_exitCode.log_LineInfo] Generated code: D:\Comrado\ESC_BMS_Project\ALL DOCS\ALL DOCS\ESC\STM_B_G431_ESC\Comarado_ESC_v2\Src\mcp.c
2025-07-04 13:29:18,945 DEBUG [LineInfo_to_exitCode.log_LineInfo] 2025-07-04 13:29:18,944 [INFO] CodeEngine:239 - oldGeneratedFile, D:\Comrado\ESC_BMS_Project\ALL DOCS\ALL DOCS\ESC\STM_B_G431_ESC\Comarado_ESC_v2\Inc\mc_perf.h_save
2025-07-04 13:29:19,004 INFO  [LineInfo_to_exitCode.log_LineInfo] Generated code: D:\Comrado\ESC_BMS_Project\ALL DOCS\ALL DOCS\ESC\STM_B_G431_ESC\Comarado_ESC_v2\Inc\mc_perf.h
2025-07-04 13:29:19,008 DEBUG [LineInfo_to_exitCode.log_LineInfo] 2025-07-04 13:29:19,008 [INFO] CodeEngine:239 - oldGeneratedFile, D:\Comrado\ESC_BMS_Project\ALL DOCS\ALL DOCS\ESC\STM_B_G431_ESC\Comarado_ESC_v2\Src\mc_perf.c_save
2025-07-04 13:29:19,061 INFO  [LineInfo_to_exitCode.log_LineInfo] Generated code: D:\Comrado\ESC_BMS_Project\ALL DOCS\ALL DOCS\ESC\STM_B_G431_ESC\Comarado_ESC_v2\Src\mc_perf.c
2025-07-04 13:29:19,068 DEBUG [LineInfo_to_exitCode.log_LineInfo] 2025-07-04 13:29:19,068 [INFO] CodeEngine:239 - oldGeneratedFile, D:\Comrado\ESC_BMS_Project\ALL DOCS\ALL DOCS\ESC\STM_B_G431_ESC\Comarado_ESC_v2\Inc\register_interface.h_save
2025-07-04 13:29:19,139 INFO  [LineInfo_to_exitCode.log_LineInfo] Generated code: D:\Comrado\ESC_BMS_Project\ALL DOCS\ALL DOCS\ESC\STM_B_G431_ESC\Comarado_ESC_v2\Inc\register_interface.h
2025-07-04 13:29:19,143 DEBUG [LineInfo_to_exitCode.log_LineInfo] 2025-07-04 13:29:19,143 [INFO] CodeEngine:239 - oldGeneratedFile, D:\Comrado\ESC_BMS_Project\ALL DOCS\ALL DOCS\ESC\STM_B_G431_ESC\Comarado_ESC_v2\Src\usart_aspep_driver.c_save
2025-07-04 13:29:19,193 INFO  [LineInfo_to_exitCode.log_LineInfo] Generated code: D:\Comrado\ESC_BMS_Project\ALL DOCS\ALL DOCS\ESC\STM_B_G431_ESC\Comarado_ESC_v2\Src\usart_aspep_driver.c
2025-07-04 13:29:19,197 DEBUG [LineInfo_to_exitCode.log_LineInfo] 2025-07-04 13:29:19,197 [INFO] CodeEngine:239 - oldGeneratedFile, D:\Comrado\ESC_BMS_Project\ALL DOCS\ALL DOCS\ESC\STM_B_G431_ESC\Comarado_ESC_v2\Src\mc_configuration_registers.c_save
2025-07-04 13:29:19,247 INFO  [LineInfo_to_exitCode.log_LineInfo] Generated code: D:\Comrado\ESC_BMS_Project\ALL DOCS\ALL DOCS\ESC\STM_B_G431_ESC\Comarado_ESC_v2\Src\mc_configuration_registers.c
2025-07-04 13:29:19,251 DEBUG [LineInfo_to_exitCode.log_LineInfo] 2025-07-04 13:29:19,251 [INFO] CodeEngine:239 - oldGeneratedFile, D:\Comrado\ESC_BMS_Project\ALL DOCS\ALL DOCS\ESC\STM_B_G431_ESC\Comarado_ESC_v2\Inc\mc_configuration_registers.h_save
2025-07-04 13:29:19,309 INFO  [LineInfo_to_exitCode.log_LineInfo] Generated code: D:\Comrado\ESC_BMS_Project\ALL DOCS\ALL DOCS\ESC\STM_B_G431_ESC\Comarado_ESC_v2\Inc\mc_configuration_registers.h
2025-07-04 13:29:19,313 DEBUG [LineInfo_to_exitCode.log_LineInfo] 2025-07-04 13:29:19,312 [INFO] CodeEngine:239 - oldGeneratedFile, D:\Comrado\ESC_BMS_Project\ALL DOCS\ALL DOCS\ESC\STM_B_G431_ESC\Comarado_ESC_v2\Inc\aspep.h_save
2025-07-04 13:29:19,362 INFO  [LineInfo_to_exitCode.log_LineInfo] Generated code: D:\Comrado\ESC_BMS_Project\ALL DOCS\ALL DOCS\ESC\STM_B_G431_ESC\Comarado_ESC_v2\Inc\aspep.h
2025-07-04 13:29:19,366 DEBUG [LineInfo_to_exitCode.log_LineInfo] 2025-07-04 13:29:19,366 [INFO] CodeEngine:239 - oldGeneratedFile, D:\Comrado\ESC_BMS_Project\ALL DOCS\ALL DOCS\ESC\STM_B_G431_ESC\Comarado_ESC_v2\Src\aspep.c_save
2025-07-04 13:29:19,423 INFO  [LineInfo_to_exitCode.log_LineInfo] Generated code: D:\Comrado\ESC_BMS_Project\ALL DOCS\ALL DOCS\ESC\STM_B_G431_ESC\Comarado_ESC_v2\Src\aspep.c
2025-07-04 13:29:19,427 DEBUG [LineInfo_to_exitCode.log_LineInfo] 2025-07-04 13:29:19,427 [INFO] CodeEngine:239 - oldGeneratedFile, D:\Comrado\ESC_BMS_Project\ALL DOCS\ALL DOCS\ESC\STM_B_G431_ESC\Comarado_ESC_v2\Inc\mc_app_hooks.h_save
2025-07-04 13:29:19,476 INFO  [LineInfo_to_exitCode.log_LineInfo] Generated code: D:\Comrado\ESC_BMS_Project\ALL DOCS\ALL DOCS\ESC\STM_B_G431_ESC\Comarado_ESC_v2\Inc\mc_app_hooks.h
2025-07-04 13:29:19,482 DEBUG [LineInfo_to_exitCode.log_LineInfo] 2025-07-04 13:29:19,481 [INFO] CodeEngine:239 - oldGeneratedFile, D:\Comrado\ESC_BMS_Project\ALL DOCS\ALL DOCS\ESC\STM_B_G431_ESC\Comarado_ESC_v2\Src\mc_app_hooks.c_save
2025-07-04 13:29:19,535 INFO  [LineInfo_to_exitCode.log_LineInfo] Generated code: D:\Comrado\ESC_BMS_Project\ALL DOCS\ALL DOCS\ESC\STM_B_G431_ESC\Comarado_ESC_v2\Src\mc_app_hooks.c
2025-07-04 13:29:19,551 DEBUG [LineInfo_to_exitCode.log_LineInfo] 2025-07-04 13:29:19,550 [INFO] CodeEngine:239 - oldGeneratedFile, D:\Comrado\ESC_BMS_Project\ALL DOCS\ALL DOCS\ESC\STM_B_G431_ESC\Comarado_ESC_v2\Src\stm32g4xx_it.c_save
2025-07-04 13:29:19,631 INFO  [LineInfo_to_exitCode.log_LineInfo] Generated code: D:\Comrado\ESC_BMS_Project\ALL DOCS\ALL DOCS\ESC\STM_B_G431_ESC\Comarado_ESC_v2\Src\stm32g4xx_it.c
2025-07-04 13:29:19,634 DEBUG [LineInfo_to_exitCode.log_LineInfo] 2025-07-04 13:29:19,634 [INFO] CodeEngine:239 - oldGeneratedFile, D:\Comrado\ESC_BMS_Project\ALL DOCS\ALL DOCS\ESC\STM_B_G431_ESC\Comarado_ESC_v2\Inc\stm32g4xx_it.h_save
2025-07-04 13:29:19,693 INFO  [LineInfo_to_exitCode.log_LineInfo] Generated code: D:\Comrado\ESC_BMS_Project\ALL DOCS\ALL DOCS\ESC\STM_B_G431_ESC\Comarado_ESC_v2\Inc\stm32g4xx_it.h
2025-07-04 13:29:19,706 DEBUG [LineInfo_to_exitCode.log_LineInfo] 2025-07-04 13:29:19,706 [INFO] CodeEngine:239 - oldGeneratedFile, D:\Comrado\ESC_BMS_Project\ALL DOCS\ALL DOCS\ESC\STM_B_G431_ESC\Comarado_ESC_v2\Src\stm32g4xx_hal_msp.c_save
2025-07-04 13:29:19,846 INFO  [LineInfo_to_exitCode.log_LineInfo] Generated code: D:\Comrado\ESC_BMS_Project\ALL DOCS\ALL DOCS\ESC\STM_B_G431_ESC\Comarado_ESC_v2\Src\stm32g4xx_hal_msp.c
2025-07-04 13:29:19,848 DEBUG [LineInfo_to_exitCode.log_LineInfo] 2025-07-04 13:29:19,847 [INFO] CodeEngine:239 - oldGeneratedFile, D:\Comrado\ESC_BMS_Project\ALL DOCS\ALL DOCS\ESC\STM_B_G431_ESC\Comarado_ESC_v2\MXTmpFiles\system.tmp_save
2025-07-04 13:29:19,904 DEBUG [LineInfo_to_exitCode.log_LineInfo] 2025-07-04 13:29:19,904 [INFO] CodeEngine:257 - Generated code: D:\Comrado\ESC_BMS_Project\ALL DOCS\ALL DOCS\ESC\STM_B_G431_ESC\Comarado_ESC_v2\MXTmpFiles\system.tmp
2025-07-04 13:29:19,911 DEBUG [LineInfo_to_exitCode.log_LineInfo] 2025-07-04 13:29:19,911 [INFO] CodeEngine:239 - oldGeneratedFile, D:\Comrado\ESC_BMS_Project\ALL DOCS\ALL DOCS\ESC\STM_B_G431_ESC\Comarado_ESC_v2\Inc\stm32g4xx_hal_conf.h_save
2025-07-04 13:29:19,961 INFO  [LineInfo_to_exitCode.log_LineInfo] Generated code: D:\Comrado\ESC_BMS_Project\ALL DOCS\ALL DOCS\ESC\STM_B_G431_ESC\Comarado_ESC_v2\Inc\stm32g4xx_hal_conf.h
2025-07-04 13:29:20,000 DEBUG [LineInfo_to_exitCode.log_LineInfo] 2025-07-04 13:29:19,999 [INFO] CodeEngine:239 - oldGeneratedFile, D:\Comrado\ESC_BMS_Project\ALL DOCS\ALL DOCS\ESC\STM_B_G431_ESC\Comarado_ESC_v2\Inc\main.h_save
2025-07-04 13:29:20,056 INFO  [LineInfo_to_exitCode.log_LineInfo] Generated code: D:\Comrado\ESC_BMS_Project\ALL DOCS\ALL DOCS\ESC\STM_B_G431_ESC\Comarado_ESC_v2\Inc\main.h
2025-07-04 13:29:20,060 DEBUG [LineInfo_to_exitCode.log_LineInfo] 2025-07-04 13:29:20,060 [INFO] CodeEngine:239 - oldGeneratedFile, D:\Comrado\ESC_BMS_Project\ALL DOCS\ALL DOCS\ESC\STM_B_G431_ESC\Comarado_ESC_v2\Src\main.c_save
2025-07-04 13:29:20,209 INFO  [LineInfo_to_exitCode.log_LineInfo] Generated code: D:\Comrado\ESC_BMS_Project\ALL DOCS\ALL DOCS\ESC\STM_B_G431_ESC\Comarado_ESC_v2\Src\main.c
2025-07-04 13:29:20,846 DEBUG [LineInfo_to_exitCode.log_LineInfo] 2025-07-04 13:29:20,846 [INFO] ProjectBuilder:2589 - Time for Copy HAL[0] : 174mS.
2025-07-04 13:29:20,858 DEBUG [LineInfo_to_exitCode.log_LineInfo] 2025-07-04 13:29:20,858 [INFO] ProjectBuilder:3665 - Project Generator version: 3.15.2
2025-07-04 13:29:21,124 DEBUG [LineInfo_to_exitCode.log_LineInfo] 2025-07-04 13:29:21,124 [INFO] ConfigFileManager:1273 - The Die is : DIE468
2025-07-04 13:29:21,129 DEBUG [LineInfo_to_exitCode.log_LineInfo] 2025-07-04 13:29:21,129 [INFO] ApiDbMcu:488 - Load IP Config File for FATFS
2025-07-04 13:29:21,132 DEBUG [LineInfo_to_exitCode.log_LineInfo] 2025-07-04 13:29:21,132 [INFO] ApiDbMcu:488 - Load IP Config File for FREERTOS
2025-07-04 13:29:21,136 DEBUG [LineInfo_to_exitCode.log_LineInfo] 2025-07-04 13:29:21,136 [INFO] ApiDbMcu:488 - Load IP Config File for USBPD
2025-07-04 13:29:21,143 DEBUG [LineInfo_to_exitCode.log_LineInfo] 2025-07-04 13:29:21,142 [INFO] ApiDbMcu:488 - Load IP Config File for USB_Device
2025-07-04 13:29:28,319 DEBUG [LineInfo_to_exitCode.log_LineInfo] 2025-07-04 13:29:28,319 [INFO] ConfigFileManager:2454 - mx.scratch is deleted!
2025-07-04 13:29:28,319 DEBUG [LineInfo_to_exitCode.log_LineInfo] 2025-07-04 13:29:28,319 [INFO] ProjectBuilder:3832 - Time for Generating toolchain IDE Files: 7462mS.
2025-07-04 13:29:29,047 DEBUG [LineInfo_to_exitCode.log_LineInfo] 2025-07-04 13:29:29,047 [INFO] ProjectBuilder:2461 - Time for Copy CMSIS : 728mS.
2025-07-04 13:29:29,747 DEBUG [LineInfo_to_exitCode.log_LineInfo] 2025-07-04 13:29:29,746 [INFO] ProjectBuilder:2461 - Time for Copy CMSIS : 698mS.
2025-07-04 13:32:34,252 DEBUG [IOCDialogController.lambda$onClose$8] IOCGenerationDialog exists with return code 1
